student_id,topic_id,question_id,date,time_spent,is_correct
1,1,98,2025-07-30,86,1
1,3,9,2025-07-30,91,1
1,3,68,2025-07-30,168,1
1,2,74,2025-07-30,90,1
1,3,8,2025-07-30,63,1
1,5,7,2025-07-30,211,1
1,1,39,2025-07-30,236,1
2,5,28,2025-07-30,150,1
2,4,34,2025-07-30,49,1
2,5,21,2025-07-30,134,1
2,2,64,2025-07-30,173,1
2,4,67,2025-07-30,211,1
2,3,4,2025-07-30,175,1
2,1,52,2025-07-30,233,1
2,2,80,2025-07-30,122,1
2,5,72,2025-07-30,68,1
2,2,96,2025-07-30,290,1
2,3,73,2025-07-30,66,1
3,1,25,2025-07-30,31,1
3,3,83,2025-07-30,104,1
3,5,86,2025-07-30,163,1
3,2,69,2025-07-30,52,1
3,4,20,2025-07-30,247,1
3,4,56,2025-07-30,260,1
3,4,76,2025-07-30,287,1
3,2,27,2025-07-30,40,1
3,3,1,2025-07-30,155,1
3,3,44,2025-07-30,28,1
3,2,2,2025-07-30,117,1
3,4,54,2025-07-30,280,1
4,3,19,2025-07-30,210,1
4,2,40,2025-07-30,235,1
4,4,38,2025-07-30,151,1
4,4,11,2025-07-30,153,1
4,1,70,2025-07-30,99,1
5,4,20,2025-07-30,58,1
5,1,39,2025-07-30,215,1
5,3,1,2025-07-30,147,1
5,3,83,2025-07-30,226,1
5,2,80,2025-07-30,24,1
6,3,65,2025-07-30,139,1
6,2,13,2025-07-30,185,1
6,1,95,2025-07-30,192,1
6,2,63,2025-07-30,108,1
6,4,49,2025-07-30,176,1
6,3,44,2025-07-30,126,1
6,1,15,2025-07-30,275,1
6,2,35,2025-07-30,171,1
6,2,36,2025-07-30,66,1
6,3,1,2025-07-30,219,1
7,4,11,2025-07-30,125,1
7,2,69,2025-07-30,65,1
7,3,83,2025-07-30,112,1
7,2,35,2025-07-30,216,1
7,2,18,2025-07-30,247,1
7,4,89,2025-07-30,53,1
7,4,46,2025-07-30,55,1
7,5,5,2025-07-30,80,1
8,3,4,2025-07-30,273,1
8,2,63,2025-07-30,159,1
8,2,88,2025-07-30,136,1
8,5,7,2025-07-30,56,1
8,5,41,2025-07-30,94,1
8,1,98,2025-07-30,41,1
8,3,71,2025-07-30,48,1
8,3,9,2025-07-30,122,1
8,4,76,2025-07-30,298,1
8,3,30,2025-07-30,174,1
8,4,67,2025-07-30,199,1
8,5,82,2025-07-30,292,1
9,3,71,2025-07-30,209,1
9,4,78,2025-07-30,51,1
9,3,30,2025-07-30,95,1
9,5,41,2025-07-30,157,1
9,3,3,2025-07-30,286,1
9,5,85,2025-07-30,91,1
9,4,59,2025-07-30,143,1
9,3,19,2025-07-30,80,1
9,5,37,2025-07-30,243,1
9,2,14,2025-07-30,282,1
9,5,7,2025-07-30,193,1
10,2,14,2025-07-30,213,1
10,4,67,2025-07-30,200,1
10,1,50,2025-07-30,159,1
10,1,16,2025-07-30,41,1
10,1,60,2025-07-30,219,1
10,3,93,2025-07-30,191,1
11,3,73,2025-07-30,55,1
11,2,36,2025-07-30,117,1
11,2,88,2025-07-30,183,1
11,3,44,2025-07-30,171,1
11,2,87,2025-07-30,248,1
11,4,34,2025-07-30,238,1
11,5,85,2025-07-30,259,1
11,5,58,2025-07-30,120,1
12,1,98,2025-07-30,103,1
12,4,78,2025-07-30,78,1
12,4,99,2025-07-30,75,1
12,4,46,2025-07-30,260,1
12,1,15,2025-07-30,187,1
12,5,86,2025-07-30,297,1
13,2,2,2025-07-30,149,1
13,1,53,2025-07-30,252,1
13,4,56,2025-07-30,87,1
13,2,80,2025-07-30,21,1
13,2,88,2025-07-30,90,1
13,2,69,2025-07-30,94,1
13,1,70,2025-07-30,294,1
13,2,91,2025-07-30,248,1
14,3,17,2025-07-30,161,1
14,5,41,2025-07-30,109,1
14,2,36,2025-07-30,75,1
14,3,83,2025-07-30,220,1
14,2,63,2025-07-30,257,1
14,3,31,2025-07-30,86,1
14,5,82,2025-07-30,243,1
14,2,2,2025-07-30,129,1
14,1,98,2025-07-30,268,1
15,3,6,2025-07-30,167,1
15,1,95,2025-07-30,297,1
15,5,21,2025-07-30,225,1
15,2,45,2025-07-30,117,1
15,1,81,2025-07-30,141,1
15,2,64,2025-07-30,237,1
15,4,42,2025-07-30,106,1
16,3,73,2025-07-30,284,0
16,3,93,2025-07-30,294,0
16,2,51,2025-07-30,104,0
16,2,22,2025-07-30,97,0
16,3,44,2025-07-30,206,0
16,4,54,2025-07-30,51,0
16,3,4,2025-07-30,42,0
16,5,28,2025-07-30,65,0
16,1,15,2025-07-30,88,1
17,3,71,2025-07-30,196,1
17,4,20,2025-07-30,219,1
17,4,56,2025-07-30,293,1
17,2,79,2025-07-30,164,1
17,3,1,2025-07-30,246,1
17,5,85,2025-07-30,58,1
18,4,54,2025-07-30,196,1
18,2,92,2025-07-30,287,1
18,4,94,2025-07-30,136,0
18,2,74,2025-07-30,234,0
18,2,14,2025-07-30,82,1
19,3,32,2025-07-30,202,0
19,2,14,2025-07-30,90,0
19,2,40,2025-07-30,189,1
19,3,30,2025-07-30,132,0
19,5,90,2025-07-30,267,0
19,2,29,2025-07-30,281,0
19,1,16,2025-07-30,203,0
19,3,8,2025-07-30,165,0
20,2,35,2025-07-30,300,1
20,5,43,2025-07-30,109,1
20,5,43,2025-07-30,69,0
20,4,94,2025-07-30,298,1
20,4,42,2025-07-30,264,1
20,2,69,2025-07-30,278,0
21,2,79,2025-07-30,53,0
21,5,21,2025-07-30,259,0
21,4,34,2025-07-30,200,1
21,1,95,2025-07-30,125,0
21,1,15,2025-07-30,73,0
22,4,24,2025-07-30,270,0
22,2,40,2025-07-30,249,0
22,2,40,2025-07-30,152,1
22,2,88,2025-07-30,220,0
22,2,75,2025-07-30,232,0
22,2,88,2025-07-30,146,1
22,1,98,2025-07-30,135,1
23,1,16,2025-07-30,137,1
23,3,32,2025-07-30,189,0
23,1,15,2025-07-30,276,0
23,5,7,2025-07-30,114,0
23,5,82,2025-07-30,148,0
23,5,82,2025-07-30,112,0
23,3,97,2025-07-30,187,0
23,2,2,2025-07-30,134,0
23,4,20,2025-07-30,219,0
23,5,43,2025-07-30,94,0
24,2,69,2025-07-30,201,1
24,4,11,2025-07-30,109,1
24,4,20,2025-07-30,42,0
24,1,16,2025-07-30,156,0
24,1,25,2025-07-30,59,1
24,4,54,2025-07-30,196,1
24,4,24,2025-07-30,181,0
24,3,6,2025-07-30,145,0
25,3,32,2025-07-30,79,0
25,2,75,2025-07-30,273,0
25,3,71,2025-07-30,168,0
25,4,46,2025-07-30,133,0
25,2,64,2025-07-30,198,0
25,2,2,2025-07-30,292,0
25,3,30,2025-07-30,282,0
25,2,75,2025-07-30,99,0
25,4,24,2025-07-30,145,0
25,4,99,2025-07-30,258,0
25,5,21,2025-07-30,92,0
26,4,11,2025-07-30,102,0
26,3,3,2025-07-30,250,0
26,5,28,2025-07-30,241,0
26,2,87,2025-07-30,122,1
26,3,65,2025-07-30,212,1
26,3,8,2025-07-30,290,1
27,1,95,2025-07-30,238,0
27,3,4,2025-07-30,147,1
27,2,88,2025-07-30,152,0
27,4,99,2025-07-30,187,1
27,3,33,2025-07-30,283,0
27,3,4,2025-07-30,161,1
27,3,3,2025-07-30,238,0
27,3,65,2025-07-30,149,0
27,4,78,2025-07-30,122,1
28,3,55,2025-07-30,137,0
28,5,5,2025-07-30,273,1
28,2,35,2025-07-30,27,0
28,3,4,2025-07-30,94,0
28,2,2,2025-07-30,20,0
29,2,40,2025-07-30,132,1
29,2,40,2025-07-30,71,1
29,4,66,2025-07-30,190,0
29,1,60,2025-07-30,87,1
29,2,79,2025-07-30,259,0
29,1,95,2025-07-30,165,1
29,5,84,2025-07-30,296,0
29,1,39,2025-07-30,34,1
30,2,2,2025-07-30,288,0
30,5,28,2025-07-30,33,1
30,4,38,2025-07-30,173,1
30,2,74,2025-07-30,238,0
30,4,42,2025-07-30,85,0
30,2,79,2025-07-30,132,0
31,2,74,2025-07-30,93,0
31,5,58,2025-07-30,75,1
31,2,69,2025-07-30,283,1
31,1,25,2025-07-30,256,1
31,2,45,2025-07-30,120,1
31,2,45,2025-07-30,211,1
31,3,30,2025-07-30,255,1
32,4,100,2025-07-30,23,1
32,5,84,2025-07-30,206,0
32,3,33,2025-07-30,272,1
32,5,61,2025-07-30,171,0
32,3,9,2025-07-30,59,0
32,2,63,2025-07-30,59,0
32,1,70,2025-07-30,296,1
33,3,65,2025-07-30,52,0
33,2,29,2025-07-30,56,1
33,3,6,2025-07-30,53,1
33,3,8,2025-07-30,279,0
33,3,9,2025-07-30,127,0
33,1,98,2025-07-30,271,0
33,3,26,2025-07-30,189,0
34,1,15,2025-07-30,38,0
34,4,56,2025-07-30,111,0
34,4,77,2025-07-30,45,0
34,5,57,2025-07-30,270,0
34,4,38,2025-07-30,254,0
34,2,35,2025-07-30,146,0
34,1,15,2025-07-30,131,0
34,3,31,2025-07-30,69,0
34,3,32,2025-07-30,97,1
34,2,23,2025-07-30,155,1
34,1,95,2025-07-30,294,1
34,2,22,2025-07-30,162,0
35,2,69,2025-07-30,249,1
35,2,22,2025-07-30,133,1
35,3,65,2025-07-30,127,0
35,2,92,2025-07-30,153,0
35,2,64,2025-07-30,223,0
35,4,77,2025-07-30,68,0
35,2,36,2025-07-30,210,1
35,3,31,2025-07-30,39,0
35,2,64,2025-07-30,265,0
36,3,33,2025-07-30,116,0
36,2,63,2025-07-30,124,1
36,3,9,2025-07-30,291,0
36,1,53,2025-07-30,174,0
36,2,36,2025-07-30,126,0
36,4,89,2025-07-30,241,1
36,1,53,2025-07-30,132,1
36,2,96,2025-07-30,38,0
36,5,43,2025-07-30,64,0
36,3,17,2025-07-30,181,0
37,2,74,2025-07-30,202,0
37,2,74,2025-07-30,202,1
37,3,83,2025-07-30,53,0
37,4,11,2025-07-30,293,0
37,4,78,2025-07-30,65,0
37,1,16,2025-07-30,231,0
37,3,71,2025-07-30,50,0
37,2,13,2025-07-30,248,1
37,3,6,2025-07-30,232,0
37,2,87,2025-07-30,95,0
37,3,93,2025-07-30,264,0
37,2,13,2025-07-30,49,0
38,4,78,2025-07-30,281,0
38,3,73,2025-07-30,191,0
38,3,93,2025-07-30,195,1
38,2,22,2025-07-30,162,0
38,2,79,2025-07-30,142,0
38,2,74,2025-07-30,70,0
38,3,9,2025-07-30,131,1
38,5,90,2025-07-30,213,1
38,5,85,2025-07-30,172,0
39,5,21,2025-07-30,220,1
39,1,52,2025-07-30,29,0
39,2,36,2025-07-30,190,0
39,1,53,2025-07-30,235,1
39,5,90,2025-07-30,147,1
39,2,92,2025-07-30,195,0
39,4,78,2025-07-30,91,0
39,2,74,2025-07-30,186,0
39,4,42,2025-07-30,268,0
39,3,93,2025-07-30,108,0
40,1,15,2025-07-30,64,0
40,4,66,2025-07-30,288,1
40,3,26,2025-07-30,251,0
40,2,96,2025-07-30,36,0
40,2,79,2025-07-30,49,0
40,4,54,2025-07-30,158,1
40,2,80,2025-07-30,65,0
40,4,38,2025-07-30,252,0
40,5,47,2025-07-30,269,0
41,5,72,2025-07-30,288,0
41,1,53,2025-07-30,293,0
41,3,83,2025-07-30,59,0
41,4,99,2025-07-30,247,0
41,3,8,2025-07-30,236,1
41,1,95,2025-07-30,160,0
41,2,63,2025-07-30,261,0
41,3,65,2025-07-30,231,1
41,5,84,2025-07-30,287,0
41,2,87,2025-07-30,233,0
41,3,3,2025-07-30,77,1
41,2,69,2025-07-30,240,0
42,1,52,2025-07-30,85,0
42,2,14,2025-07-30,93,1
42,2,36,2025-07-30,270,0
42,5,28,2025-07-30,120,0
42,3,33,2025-07-30,51,1
42,2,27,2025-07-30,253,1
42,1,25,2025-07-30,111,0
42,4,77,2025-07-30,168,0
42,2,74,2025-07-30,112,0
42,1,98,2025-07-30,121,1
42,5,85,2025-07-30,63,1
43,3,32,2025-07-30,276,0
43,3,93,2025-07-30,148,0
43,4,99,2025-07-30,201,1
43,3,93,2025-07-30,181,0
43,2,92,2025-07-30,82,1
43,3,30,2025-07-30,248,0
43,2,2,2025-07-30,108,0
43,3,71,2025-07-30,174,0
43,1,81,2025-07-30,217,0
43,5,41,2025-07-30,112,0
43,4,46,2025-07-30,193,1
43,1,62,2025-07-30,68,1
44,3,73,2025-07-30,113,0
44,3,97,2025-07-30,182,0
44,4,77,2025-07-30,194,1
44,2,14,2025-07-30,95,0
44,4,11,2025-07-30,117,0
44,1,53,2025-07-30,51,1
44,3,55,2025-07-30,251,0
44,2,87,2025-07-30,38,0
44,2,96,2025-07-30,97,0
44,4,89,2025-07-30,124,1
44,5,5,2025-07-30,184,0
45,3,71,2025-07-30,231,1
45,3,26,2025-07-30,103,0
45,2,36,2025-07-30,40,1
45,5,37,2025-07-30,264,0
45,5,5,2025-07-30,244,0
45,2,51,2025-07-30,130,0
45,3,97,2025-07-30,47,0
45,5,5,2025-07-30,236,0
45,4,67,2025-07-30,277,1
46,3,44,2025-07-30,48,0
46,3,73,2025-07-30,156,1
46,2,13,2025-07-30,157,0
46,1,70,2025-07-30,85,0
46,4,38,2025-07-30,79,0
46,3,1,2025-07-30,295,0
46,2,35,2025-07-30,222,0
46,4,94,2025-07-30,248,0
47,5,61,2025-07-30,49,1
47,1,60,2025-07-30,99,1
47,3,26,2025-07-30,151,0
47,2,87,2025-07-30,254,0
47,3,1,2025-07-30,102,1
47,2,87,2025-07-30,266,0
47,5,58,2025-07-30,122,1
47,5,47,2025-07-30,88,0
47,2,91,2025-07-30,56,0
48,5,41,2025-07-30,206,1
48,3,33,2025-07-30,215,0
48,4,67,2025-07-30,271,0
48,4,54,2025-07-30,251,0
48,4,67,2025-07-30,197,1
48,4,77,2025-07-30,259,0
49,2,35,2025-07-30,79,0
49,2,64,2025-07-30,283,0
49,4,67,2025-07-30,80,0
49,1,60,2025-07-30,146,0
49,3,55,2025-07-30,105,0
50,3,6,2025-07-30,129,0
50,5,58,2025-07-30,108,0
50,3,32,2025-07-30,56,0
50,2,23,2025-07-30,195,0
50,2,23,2025-07-30,85,0
50,1,53,2025-07-30,166,0
50,3,4,2025-07-30,97,0
1,5,7,2025-07-31,88,1
1,4,42,2025-07-31,201,1
1,4,54,2025-07-31,119,1
1,2,74,2025-07-31,118,1
1,2,45,2025-07-31,52,1
1,4,38,2025-07-31,136,1
1,2,51,2025-07-31,123,1
1,4,46,2025-07-31,274,1
1,3,6,2025-07-31,126,1
1,1,39,2025-07-31,53,1
1,2,92,2025-07-31,51,1
2,5,84,2025-07-31,198,1
2,2,96,2025-07-31,240,1
2,2,88,2025-07-31,198,1
2,2,92,2025-07-31,254,1
2,1,98,2025-07-31,177,1
2,1,16,2025-07-31,232,1
2,1,53,2025-07-31,114,1
2,5,57,2025-07-31,107,1
2,3,30,2025-07-31,81,1
2,4,78,2025-07-31,237,1
3,2,18,2025-07-31,128,1
3,3,44,2025-07-31,139,1
3,2,74,2025-07-31,182,1
3,4,67,2025-07-31,66,1
3,2,64,2025-07-31,129,1
4,2,92,2025-07-31,265,1
4,2,87,2025-07-31,59,1
4,4,11,2025-07-31,56,1
4,4,99,2025-07-31,103,1
4,4,66,2025-07-31,79,1
4,2,18,2025-07-31,242,1
5,5,41,2025-07-31,172,1
5,1,81,2025-07-31,220,1
5,3,73,2025-07-31,231,1
5,2,91,2025-07-31,46,1
5,3,33,2025-07-31,61,1
6,3,3,2025-07-31,72,1
6,4,78,2025-07-31,253,1
6,2,96,2025-07-31,260,1
6,3,55,2025-07-31,212,1
6,5,41,2025-07-31,190,1
6,3,65,2025-07-31,203,1
6,4,24,2025-07-31,249,1
6,2,88,2025-07-31,48,1
7,1,39,2025-07-31,100,1
7,2,36,2025-07-31,118,1
7,3,71,2025-07-31,257,1
7,5,43,2025-07-31,170,1
7,5,28,2025-07-31,26,1
7,3,71,2025-07-31,235,1
7,3,8,2025-07-31,107,1
7,3,65,2025-07-31,267,1
7,2,92,2025-07-31,263,1
7,2,14,2025-07-31,75,1
7,2,27,2025-07-31,160,1
7,5,47,2025-07-31,205,1
8,5,90,2025-07-31,287,1
8,1,70,2025-07-31,290,1
8,3,71,2025-07-31,29,1
8,4,76,2025-07-31,149,1
8,4,78,2025-07-31,79,1
8,3,17,2025-07-31,106,1
8,2,14,2025-07-31,228,1
8,4,46,2025-07-31,234,1
8,2,40,2025-07-31,134,1
8,5,90,2025-07-31,57,1
9,3,65,2025-07-31,196,1
9,5,72,2025-07-31,255,1
9,4,59,2025-07-31,214,1
9,1,12,2025-07-31,231,1
9,4,77,2025-07-31,187,1
9,4,67,2025-07-31,183,1
9,3,3,2025-07-31,294,1
9,1,25,2025-07-31,193,1
9,2,79,2025-07-31,242,1
10,3,30,2025-07-31,178,1
10,5,57,2025-07-31,103,1
10,3,4,2025-07-31,29,1
10,3,93,2025-07-31,233,1
10,3,3,2025-07-31,167,1
10,3,44,2025-07-31,126,1
10,2,75,2025-07-31,117,1
11,3,6,2025-07-31,175,1
11,1,60,2025-07-31,89,1
11,1,25,2025-07-31,24,1
11,1,12,2025-07-31,162,1
11,2,27,2025-07-31,179,1
11,2,96,2025-07-31,61,1
11,2,29,2025-07-31,107,1
11,2,64,2025-07-31,60,1
11,3,32,2025-07-31,136,1
11,5,61,2025-07-31,264,1
12,5,21,2025-07-31,190,1
12,2,80,2025-07-31,60,1
12,2,69,2025-07-31,174,1
12,4,59,2025-07-31,35,1
12,1,70,2025-07-31,208,1
12,1,53,2025-07-31,63,1
12,2,64,2025-07-31,208,1
12,1,25,2025-07-31,52,1
12,2,40,2025-07-31,200,1
12,4,66,2025-07-31,78,1
12,2,14,2025-07-31,97,1
13,5,28,2025-07-31,59,1
13,4,46,2025-07-31,268,1
13,3,68,2025-07-31,273,1
13,5,58,2025-07-31,119,1
13,2,92,2025-07-31,124,1
14,4,78,2025-07-31,167,1
14,3,8,2025-07-31,92,1
14,5,90,2025-07-31,73,1
14,3,17,2025-07-31,78,1
14,4,77,2025-07-31,50,1
14,5,5,2025-07-31,160,1
14,4,76,2025-07-31,145,1
15,2,88,2025-07-31,237,1
15,2,88,2025-07-31,244,1
15,5,7,2025-07-31,96,1
15,5,84,2025-07-31,115,1
15,1,62,2025-07-31,148,1
15,2,74,2025-07-31,183,1
15,1,52,2025-07-31,203,1
15,1,98,2025-07-31,230,1
16,1,39,2025-07-31,47,1
16,3,32,2025-07-31,81,1
16,2,64,2025-07-31,116,0
16,4,67,2025-07-31,157,0
16,5,85,2025-07-31,275,0
16,3,3,2025-07-31,53,1
16,3,8,2025-07-31,207,1
16,3,33,2025-07-31,57,0
16,4,56,2025-07-31,146,1
17,4,100,2025-07-31,47,1
17,3,93,2025-07-31,102,0
17,4,46,2025-07-31,118,0
17,5,72,2025-07-31,79,0
17,3,73,2025-07-31,222,0
17,4,46,2025-07-31,233,0
17,5,84,2025-07-31,214,0
17,2,88,2025-07-31,68,1
17,5,43,2025-07-31,24,0
17,4,20,2025-07-31,22,0
18,3,6,2025-07-31,193,0
18,3,1,2025-07-31,248,1
18,1,60,2025-07-31,171,0
18,3,17,2025-07-31,212,0
18,1,62,2025-07-31,262,0
18,5,28,2025-07-31,142,0
18,3,73,2025-07-31,211,0
18,5,5,2025-07-31,61,0
18,4,78,2025-07-31,179,0
18,5,21,2025-07-31,90,0
18,3,30,2025-07-31,209,0
19,5,5,2025-07-31,279,0
19,3,17,2025-07-31,231,0
19,1,39,2025-07-31,163,1
19,2,92,2025-07-31,156,1
19,2,92,2025-07-31,283,1
19,3,71,2025-07-31,70,0
19,1,98,2025-07-31,62,0
19,4,56,2025-07-31,177,0
19,2,22,2025-07-31,117,1
20,3,93,2025-07-31,203,1
20,5,43,2025-07-31,201,0
20,4,89,2025-07-31,123,0
20,5,85,2025-07-31,209,1
20,5,58,2025-07-31,253,1
20,5,84,2025-07-31,36,1
20,4,99,2025-07-31,138,1
21,3,93,2025-07-31,277,0
21,2,18,2025-07-31,163,0
21,2,80,2025-07-31,243,0
21,3,97,2025-07-31,300,1
21,3,73,2025-07-31,150,0
21,2,18,2025-07-31,165,0
21,1,81,2025-07-31,211,1
22,2,29,2025-07-31,64,1
22,4,66,2025-07-31,172,1
22,3,93,2025-07-31,185,0
22,3,55,2025-07-31,166,0
22,5,57,2025-07-31,235,0
22,3,3,2025-07-31,168,1
22,5,82,2025-07-31,92,1
22,3,3,2025-07-31,220,0
22,1,25,2025-07-31,183,0
22,3,19,2025-07-31,228,1
22,1,98,2025-07-31,53,0
23,4,77,2025-07-31,239,1
23,4,56,2025-07-31,270,1
23,2,40,2025-07-31,267,0
23,1,39,2025-07-31,149,0
23,4,56,2025-07-31,69,0
23,5,61,2025-07-31,77,0
23,4,34,2025-07-31,183,1
23,3,26,2025-07-31,260,0
23,3,65,2025-07-31,120,0
23,4,77,2025-07-31,254,1
24,3,32,2025-07-31,156,0
24,1,70,2025-07-31,287,0
24,2,87,2025-07-31,91,0
24,1,53,2025-07-31,31,0
24,2,79,2025-07-31,209,0
25,4,46,2025-07-31,40,1
25,1,12,2025-07-31,117,1
25,3,3,2025-07-31,45,0
25,5,43,2025-07-31,187,0
25,4,66,2025-07-31,289,1
25,2,23,2025-07-31,272,0
26,2,74,2025-07-31,75,0
26,3,97,2025-07-31,143,0
26,2,74,2025-07-31,231,1
26,1,98,2025-07-31,136,0
26,5,41,2025-07-31,156,1
26,2,23,2025-07-31,276,1
26,1,95,2025-07-31,181,0
27,4,46,2025-07-31,251,0
27,2,29,2025-07-31,232,0
27,5,61,2025-07-31,198,1
27,1,50,2025-07-31,146,0
27,3,71,2025-07-31,21,0
27,1,15,2025-07-31,162,0
27,1,15,2025-07-31,63,0
27,5,37,2025-07-31,129,0
27,2,29,2025-07-31,194,0
28,2,51,2025-07-31,35,1
28,1,25,2025-07-31,251,0
28,3,10,2025-07-31,122,0
28,3,44,2025-07-31,63,1
28,3,31,2025-07-31,278,0
29,2,2,2025-07-31,242,0
29,4,48,2025-07-31,283,1
29,3,1,2025-07-31,132,0
29,2,14,2025-07-31,115,0
29,3,97,2025-07-31,45,1
30,3,97,2025-07-31,291,0
30,3,93,2025-07-31,198,1
30,4,11,2025-07-31,299,0
30,5,7,2025-07-31,115,0
30,2,22,2025-07-31,194,0
31,2,14,2025-07-31,252,0
31,4,99,2025-07-31,93,0
31,3,83,2025-07-31,40,0
31,3,4,2025-07-31,217,1
31,4,56,2025-07-31,105,0
32,4,34,2025-07-31,56,1
32,5,58,2025-07-31,66,0
32,3,1,2025-07-31,30,0
32,3,33,2025-07-31,205,1
32,4,49,2025-07-31,188,0
32,1,53,2025-07-31,34,1
32,3,3,2025-07-31,26,0
32,4,48,2025-07-31,275,0
33,4,94,2025-07-31,271,0
33,2,18,2025-07-31,48,0
33,1,16,2025-07-31,78,0
33,5,85,2025-07-31,29,1
33,2,36,2025-07-31,212,0
33,2,36,2025-07-31,194,0
33,2,91,2025-07-31,280,0
33,2,35,2025-07-31,296,0
33,3,44,2025-07-31,117,0
33,4,34,2025-07-31,300,0
33,2,69,2025-07-31,211,0
33,3,26,2025-07-31,100,0
34,3,44,2025-07-31,289,0
34,5,85,2025-07-31,39,1
34,2,27,2025-07-31,210,0
34,4,38,2025-07-31,281,1
34,4,11,2025-07-31,132,0
34,2,79,2025-07-31,255,0
34,2,29,2025-07-31,37,1
34,1,70,2025-07-31,263,1
35,4,48,2025-07-31,118,1
35,4,20,2025-07-31,242,0
35,1,70,2025-07-31,228,0
35,3,31,2025-07-31,137,1
35,5,37,2025-07-31,152,0
35,5,85,2025-07-31,55,1
35,1,52,2025-07-31,226,0
35,2,63,2025-07-31,31,0
35,5,21,2025-07-31,92,1
36,4,48,2025-07-31,107,1
36,5,21,2025-07-31,272,0
36,1,12,2025-07-31,76,0
36,1,98,2025-07-31,265,0
36,4,46,2025-07-31,183,1
36,3,73,2025-07-31,130,0
36,1,60,2025-07-31,238,0
36,3,31,2025-07-31,284,0
36,1,52,2025-07-31,42,0
37,4,42,2025-07-31,203,1
37,2,88,2025-07-31,256,0
37,5,21,2025-07-31,52,1
37,3,4,2025-07-31,145,0
37,3,65,2025-07-31,225,1
37,3,97,2025-07-31,139,0
38,4,77,2025-07-31,196,1
38,4,54,2025-07-31,210,1
38,3,8,2025-07-31,91,1
38,3,44,2025-07-31,26,0
38,2,22,2025-07-31,34,0
38,1,12,2025-07-31,35,0
38,1,16,2025-07-31,72,1
38,4,100,2025-07-31,111,0
38,2,80,2025-07-31,63,1
38,3,93,2025-07-31,175,0
39,4,34,2025-07-31,93,0
39,4,100,2025-07-31,170,0
39,3,33,2025-07-31,292,0
39,1,70,2025-07-31,70,0
39,5,84,2025-07-31,242,1
40,1,62,2025-07-31,186,0
40,3,8,2025-07-31,142,0
40,3,71,2025-07-31,57,0
40,4,77,2025-07-31,82,1
40,3,55,2025-07-31,150,0
41,2,27,2025-07-31,109,0
41,4,24,2025-07-31,113,0
41,3,9,2025-07-31,136,0
41,4,59,2025-07-31,276,0
41,3,17,2025-07-31,64,0
42,5,5,2025-07-31,190,0
42,3,32,2025-07-31,187,0
42,4,56,2025-07-31,145,0
42,3,26,2025-07-31,219,0
42,1,16,2025-07-31,70,0
42,1,50,2025-07-31,270,0
42,2,29,2025-07-31,226,1
43,5,47,2025-07-31,123,0
43,4,78,2025-07-31,34,0
43,2,36,2025-07-31,61,0
43,4,42,2025-07-31,266,1
43,4,56,2025-07-31,74,1
43,1,53,2025-07-31,272,0
43,5,37,2025-07-31,160,1
43,5,72,2025-07-31,122,0
43,4,67,2025-07-31,275,0
43,3,30,2025-07-31,69,1
43,1,81,2025-07-31,182,0
44,3,93,2025-07-31,280,0
44,5,85,2025-07-31,263,1
44,2,80,2025-07-31,60,1
44,4,59,2025-07-31,175,0
44,4,46,2025-07-31,150,1
44,5,7,2025-07-31,234,0
44,5,84,2025-07-31,70,1
44,5,82,2025-07-31,35,1
44,5,61,2025-07-31,197,0
45,4,38,2025-07-31,172,1
45,4,38,2025-07-31,64,0
45,5,86,2025-07-31,157,1
45,2,45,2025-07-31,23,0
45,4,67,2025-07-31,103,0
45,2,51,2025-07-31,276,0
45,3,33,2025-07-31,31,0
45,4,42,2025-07-31,24,1
45,2,74,2025-07-31,258,1
45,2,35,2025-07-31,283,0
45,5,82,2025-07-31,131,0
46,2,51,2025-07-31,283,0
46,5,84,2025-07-31,152,1
46,2,88,2025-07-31,57,1
46,4,77,2025-07-31,20,0
46,5,82,2025-07-31,296,1
46,5,21,2025-07-31,209,1
46,2,18,2025-07-31,259,0
46,3,3,2025-07-31,27,1
46,2,69,2025-07-31,114,0
47,2,27,2025-07-31,178,1
47,2,51,2025-07-31,22,0
47,5,21,2025-07-31,265,0
47,5,82,2025-07-31,284,0
47,4,100,2025-07-31,46,1
47,3,71,2025-07-31,133,1
47,4,94,2025-07-31,131,0
47,4,24,2025-07-31,89,0
47,2,36,2025-07-31,192,1
48,3,3,2025-07-31,109,0
48,4,46,2025-07-31,122,0
48,3,19,2025-07-31,229,0
48,5,21,2025-07-31,268,1
48,3,17,2025-07-31,137,1
48,4,34,2025-07-31,221,0
49,4,99,2025-07-31,291,0
49,4,48,2025-07-31,290,1
49,1,12,2025-07-31,26,0
49,2,2,2025-07-31,103,0
49,3,17,2025-07-31,35,0
49,2,69,2025-07-31,177,0
49,3,8,2025-07-31,178,1
50,5,82,2025-07-31,21,1
50,3,17,2025-07-31,255,1
50,4,77,2025-07-31,245,0
50,2,79,2025-07-31,92,0
50,2,51,2025-07-31,51,1
50,4,77,2025-07-31,270,0
50,2,87,2025-07-31,59,0
1,3,44,2025-08-01,44,1
1,3,3,2025-08-01,45,1
1,5,7,2025-08-01,194,1
1,2,18,2025-08-01,256,1
1,4,78,2025-08-01,80,1
1,3,26,2025-08-01,163,1
2,3,30,2025-08-01,139,1
2,5,82,2025-08-01,65,1
2,4,94,2025-08-01,115,1
2,1,25,2025-08-01,44,1
2,1,53,2025-08-01,197,1
2,3,97,2025-08-01,245,1
2,3,26,2025-08-01,28,1
3,1,50,2025-08-01,225,1
3,4,77,2025-08-01,255,1
3,5,85,2025-08-01,51,1
3,1,53,2025-08-01,59,1
3,4,76,2025-08-01,130,1
3,2,74,2025-08-01,71,1
3,5,90,2025-08-01,102,1
3,5,86,2025-08-01,274,1
3,2,80,2025-08-01,279,1
4,2,35,2025-08-01,124,1
4,2,79,2025-08-01,100,1
4,2,35,2025-08-01,124,1
4,2,2,2025-08-01,181,1
4,3,33,2025-08-01,89,1
4,4,76,2025-08-01,78,1
4,1,70,2025-08-01,189,1
4,1,62,2025-08-01,248,1
4,4,100,2025-08-01,75,1
4,3,65,2025-08-01,177,1
5,4,67,2025-08-01,275,1
5,5,82,2025-08-01,114,1
5,3,3,2025-08-01,276,1
5,2,96,2025-08-01,174,1
5,4,76,2025-08-01,266,1
6,2,80,2025-08-01,152,1
6,3,33,2025-08-01,149,1
6,3,1,2025-08-01,89,1
6,4,11,2025-08-01,37,1
6,4,42,2025-08-01,227,1
6,3,33,2025-08-01,41,1
6,1,60,2025-08-01,157,1
6,5,58,2025-08-01,72,1
7,4,100,2025-08-01,214,1
7,2,63,2025-08-01,123,1
7,2,88,2025-08-01,180,1
7,2,29,2025-08-01,163,1
7,5,43,2025-08-01,240,1
8,2,36,2025-08-01,189,1
8,5,5,2025-08-01,229,1
8,2,18,2025-08-01,283,1
8,3,73,2025-08-01,233,1
8,2,87,2025-08-01,90,1
9,2,69,2025-08-01,122,1
9,4,34,2025-08-01,109,1
9,3,44,2025-08-01,114,1
9,4,59,2025-08-01,212,1
9,2,64,2025-08-01,60,1
9,4,78,2025-08-01,150,1
9,4,99,2025-08-01,280,1
9,5,5,2025-08-01,181,1
9,2,79,2025-08-01,107,1
9,5,82,2025-08-01,196,1
9,1,53,2025-08-01,190,1
10,1,50,2025-08-01,297,1
10,4,78,2025-08-01,227,1
10,3,73,2025-08-01,210,1
10,3,4,2025-08-01,204,1
10,2,36,2025-08-01,123,1
10,3,10,2025-08-01,71,1
11,5,90,2025-08-01,197,1
11,2,69,2025-08-01,164,1
11,3,55,2025-08-01,64,1
11,3,31,2025-08-01,24,1
11,2,40,2025-08-01,257,1
11,4,59,2025-08-01,280,1
11,1,12,2025-08-01,99,1
11,2,23,2025-08-01,131,1
11,4,59,2025-08-01,176,1
12,3,4,2025-08-01,46,1
12,3,8,2025-08-01,194,1
12,2,22,2025-08-01,137,1
12,1,95,2025-08-01,240,1
12,2,23,2025-08-01,157,1
12,1,70,2025-08-01,287,1
12,3,93,2025-08-01,220,1
12,4,56,2025-08-01,274,1
12,1,12,2025-08-01,209,1
12,3,97,2025-08-01,53,1
12,2,45,2025-08-01,38,1
13,2,23,2025-08-01,197,1
13,1,62,2025-08-01,163,1
13,3,73,2025-08-01,158,1
13,4,42,2025-08-01,239,1
13,1,95,2025-08-01,283,1
13,4,34,2025-08-01,62,1
13,1,25,2025-08-01,147,1
13,3,6,2025-08-01,107,1
14,4,48,2025-08-01,241,1
14,4,24,2025-08-01,272,1
14,2,22,2025-08-01,108,1
14,3,65,2025-08-01,20,1
14,4,20,2025-08-01,23,1
15,4,77,2025-08-01,182,1
15,3,71,2025-08-01,128,1
15,5,28,2025-08-01,109,1
15,5,5,2025-08-01,262,1
15,1,81,2025-08-01,28,1
15,4,77,2025-08-01,113,1
15,2,88,2025-08-01,223,1
15,4,67,2025-08-01,101,1
15,2,87,2025-08-01,92,1
15,3,93,2025-08-01,136,1
15,4,94,2025-08-01,208,1
16,2,92,2025-08-01,106,1
16,4,20,2025-08-01,112,0
16,1,39,2025-08-01,98,0
16,4,76,2025-08-01,117,1
16,2,69,2025-08-01,82,1
16,5,41,2025-08-01,197,0
16,1,95,2025-08-01,129,1
16,2,79,2025-08-01,150,1
16,3,32,2025-08-01,56,0
17,2,80,2025-08-01,128,1
17,3,83,2025-08-01,44,0
17,3,4,2025-08-01,262,0
17,4,66,2025-08-01,219,1
17,4,48,2025-08-01,206,0
17,4,77,2025-08-01,49,0
17,5,57,2025-08-01,171,0
17,3,32,2025-08-01,247,0
18,4,94,2025-08-01,290,0
18,4,49,2025-08-01,252,0
18,2,79,2025-08-01,294,0
18,5,41,2025-08-01,119,1
18,5,82,2025-08-01,25,0
18,4,76,2025-08-01,227,1
18,3,8,2025-08-01,146,0
18,3,33,2025-08-01,182,0
18,2,87,2025-08-01,181,0
19,3,71,2025-08-01,113,0
19,3,19,2025-08-01,107,1
19,4,20,2025-08-01,173,0
19,3,17,2025-08-01,20,0
19,2,2,2025-08-01,117,0
19,1,62,2025-08-01,107,0
19,4,89,2025-08-01,187,0
19,5,7,2025-08-01,237,0
19,2,92,2025-08-01,119,0
19,2,45,2025-08-01,65,1
19,2,40,2025-08-01,192,0
20,3,6,2025-08-01,227,0
20,2,96,2025-08-01,171,0
20,1,39,2025-08-01,116,0
20,4,89,2025-08-01,67,0
20,4,49,2025-08-01,124,0
20,3,17,2025-08-01,43,1
20,4,46,2025-08-01,20,0
20,3,1,2025-08-01,262,0
21,2,18,2025-08-01,209,1
21,4,100,2025-08-01,143,0
21,4,78,2025-08-01,151,1
21,2,96,2025-08-01,123,0
21,1,12,2025-08-01,206,1
21,4,94,2025-08-01,280,1
21,3,73,2025-08-01,130,0
22,1,52,2025-08-01,179,0
22,4,94,2025-08-01,85,0
22,3,93,2025-08-01,37,0
22,2,74,2025-08-01,241,1
22,5,82,2025-08-01,99,0
23,2,74,2025-08-01,90,0
23,3,68,2025-08-01,111,0
23,3,44,2025-08-01,157,0
23,3,10,2025-08-01,145,0
23,4,20,2025-08-01,65,0
24,3,1,2025-08-01,300,1
24,1,62,2025-08-01,120,0
24,5,82,2025-08-01,244,0
24,4,99,2025-08-01,44,0
24,4,76,2025-08-01,265,0
24,3,19,2025-08-01,201,0
24,3,65,2025-08-01,246,0
24,3,6,2025-08-01,181,1
24,5,28,2025-08-01,134,0
25,3,32,2025-08-01,191,0
25,4,76,2025-08-01,122,0
25,3,31,2025-08-01,273,0
25,3,1,2025-08-01,297,0
25,4,78,2025-08-01,156,0
25,4,34,2025-08-01,155,0
25,2,14,2025-08-01,234,0
25,1,70,2025-08-01,176,0
25,4,56,2025-08-01,177,0
25,1,60,2025-08-01,150,0
25,1,81,2025-08-01,123,1
25,2,2,2025-08-01,273,0
26,4,78,2025-08-01,80,0
26,1,50,2025-08-01,273,0
26,1,15,2025-08-01,28,0
26,3,30,2025-08-01,35,0
26,1,12,2025-08-01,96,0
26,3,1,2025-08-01,124,0
26,3,1,2025-08-01,190,0
26,4,94,2025-08-01,203,0
26,1,16,2025-08-01,99,1
26,5,7,2025-08-01,41,0
27,1,98,2025-08-01,207,1
27,3,8,2025-08-01,284,1
27,3,17,2025-08-01,134,1
27,2,13,2025-08-01,48,0
27,2,45,2025-08-01,130,1
27,4,66,2025-08-01,33,0
27,2,36,2025-08-01,296,0
27,4,48,2025-08-01,145,1
27,3,9,2025-08-01,283,0
28,2,27,2025-08-01,81,0
28,5,41,2025-08-01,57,0
28,1,15,2025-08-01,112,0
28,1,70,2025-08-01,298,0
28,2,87,2025-08-01,83,0
28,1,98,2025-08-01,79,0
28,3,31,2025-08-01,164,0
28,2,63,2025-08-01,165,0
28,2,23,2025-08-01,168,0
28,1,70,2025-08-01,208,1
29,4,20,2025-08-01,271,1
29,4,89,2025-08-01,276,0
29,2,45,2025-08-01,292,1
29,5,47,2025-08-01,223,0
29,4,42,2025-08-01,81,0
29,5,37,2025-08-01,43,1
29,2,64,2025-08-01,23,0
30,2,45,2025-08-01,34,1
30,3,26,2025-08-01,192,0
30,5,72,2025-08-01,256,1
30,2,45,2025-08-01,22,1
30,4,99,2025-08-01,223,0
30,2,2,2025-08-01,181,0
30,4,99,2025-08-01,279,0
30,2,79,2025-08-01,35,0
30,2,69,2025-08-01,148,0
30,3,65,2025-08-01,287,0
30,1,52,2025-08-01,132,0
31,3,3,2025-08-01,61,0
31,4,56,2025-08-01,268,1
31,5,7,2025-08-01,32,1
31,3,73,2025-08-01,218,1
31,3,44,2025-08-01,146,0
31,5,82,2025-08-01,220,0
31,3,83,2025-08-01,187,1
32,1,39,2025-08-01,30,1
32,4,24,2025-08-01,259,0
32,5,47,2025-08-01,271,0
32,2,2,2025-08-01,265,1
32,3,10,2025-08-01,242,0
32,2,27,2025-08-01,296,1
32,1,98,2025-08-01,209,1
32,2,74,2025-08-01,267,0
32,1,52,2025-08-01,201,0
32,3,30,2025-08-01,40,1
32,4,67,2025-08-01,290,0
32,1,25,2025-08-01,45,1
33,3,31,2025-08-01,77,0
33,2,96,2025-08-01,214,1
33,3,30,2025-08-01,214,0
33,4,56,2025-08-01,39,0
33,5,43,2025-08-01,128,0
33,5,90,2025-08-01,297,1
33,3,8,2025-08-01,168,1
34,2,69,2025-08-01,177,1
34,3,33,2025-08-01,167,0
34,5,7,2025-08-01,281,0
34,5,41,2025-08-01,168,0
34,5,43,2025-08-01,192,1
34,2,2,2025-08-01,73,0
35,5,61,2025-08-01,146,0
35,3,17,2025-08-01,143,1
35,5,72,2025-08-01,182,1
35,3,10,2025-08-01,93,1
35,5,85,2025-08-01,290,0
35,2,27,2025-08-01,288,0
35,2,87,2025-08-01,28,1
35,4,42,2025-08-01,190,1
35,3,44,2025-08-01,38,0
35,4,100,2025-08-01,62,0
36,2,79,2025-08-01,82,1
36,1,50,2025-08-01,94,1
36,5,21,2025-08-01,180,1
36,3,83,2025-08-01,128,1
36,1,50,2025-08-01,107,0
36,2,23,2025-08-01,78,1
36,2,88,2025-08-01,221,1
37,2,74,2025-08-01,219,0
37,5,58,2025-08-01,71,1
37,2,2,2025-08-01,92,0
37,5,28,2025-08-01,297,0
37,2,23,2025-08-01,25,0
37,3,31,2025-08-01,244,0
37,4,46,2025-08-01,60,0
38,1,39,2025-08-01,244,1
38,1,70,2025-08-01,143,0
38,2,75,2025-08-01,102,0
38,5,85,2025-08-01,99,1
38,2,23,2025-08-01,109,1
38,2,74,2025-08-01,163,1
38,4,48,2025-08-01,223,1
38,4,94,2025-08-01,216,1
38,1,81,2025-08-01,291,0
38,3,55,2025-08-01,28,0
39,2,18,2025-08-01,189,0
39,2,29,2025-08-01,75,1
39,5,84,2025-08-01,206,0
39,5,47,2025-08-01,246,0
39,3,10,2025-08-01,298,0
39,2,40,2025-08-01,63,0
40,4,76,2025-08-01,238,0
40,2,29,2025-08-01,230,0
40,2,74,2025-08-01,123,1
40,2,35,2025-08-01,264,1
40,4,66,2025-08-01,294,0
40,3,6,2025-08-01,117,0
40,2,91,2025-08-01,26,0
40,4,20,2025-08-01,56,0
40,3,3,2025-08-01,227,0
41,2,74,2025-08-01,232,1
41,3,55,2025-08-01,39,0
41,2,69,2025-08-01,254,0
41,3,6,2025-08-01,69,0
41,3,4,2025-08-01,134,1
41,5,28,2025-08-01,270,1
41,3,8,2025-08-01,247,1
41,4,46,2025-08-01,22,0
41,2,92,2025-08-01,197,0
41,2,80,2025-08-01,104,1
41,5,90,2025-08-01,168,0
41,1,60,2025-08-01,268,1
42,3,44,2025-08-01,237,1
42,2,75,2025-08-01,202,0
42,5,90,2025-08-01,149,0
42,3,26,2025-08-01,160,0
42,3,44,2025-08-01,170,1
42,2,88,2025-08-01,163,1
42,3,17,2025-08-01,240,0
42,3,6,2025-08-01,45,0
43,4,100,2025-08-01,277,0
43,3,97,2025-08-01,157,1
43,1,15,2025-08-01,79,0
43,4,89,2025-08-01,156,0
43,3,1,2025-08-01,138,1
43,1,53,2025-08-01,27,0
43,1,15,2025-08-01,176,0
44,5,28,2025-08-01,281,0
44,3,73,2025-08-01,228,1
44,5,21,2025-08-01,219,0
44,3,65,2025-08-01,61,0
44,5,37,2025-08-01,200,1
45,1,16,2025-08-01,183,0
45,3,8,2025-08-01,281,1
45,4,49,2025-08-01,126,1
45,1,60,2025-08-01,29,0
45,2,35,2025-08-01,217,0
45,2,51,2025-08-01,70,0
45,2,40,2025-08-01,216,0
45,2,96,2025-08-01,170,0
45,4,48,2025-08-01,235,1
45,4,24,2025-08-01,207,1
45,2,35,2025-08-01,97,0
45,2,74,2025-08-01,91,1
46,2,45,2025-08-01,69,0
46,3,30,2025-08-01,257,1
46,5,72,2025-08-01,269,1
46,4,42,2025-08-01,248,1
46,3,97,2025-08-01,239,1
46,5,41,2025-08-01,216,1
46,4,76,2025-08-01,231,1
46,2,45,2025-08-01,26,1
46,3,73,2025-08-01,268,1
47,2,88,2025-08-01,205,0
47,2,88,2025-08-01,35,1
47,5,21,2025-08-01,191,1
47,1,70,2025-08-01,98,0
47,3,3,2025-08-01,220,0
47,3,19,2025-08-01,247,0
47,5,72,2025-08-01,292,0
47,5,57,2025-08-01,234,1
47,3,6,2025-08-01,203,1
48,2,27,2025-08-01,269,0
48,5,85,2025-08-01,72,1
48,3,44,2025-08-01,100,0
48,4,67,2025-08-01,42,0
48,2,96,2025-08-01,71,0
48,2,75,2025-08-01,142,0
48,3,55,2025-08-01,144,0
48,2,18,2025-08-01,129,0
48,3,33,2025-08-01,295,1
48,4,66,2025-08-01,108,0
48,3,73,2025-08-01,124,0
49,2,35,2025-08-01,254,1
49,1,53,2025-08-01,251,0
49,1,15,2025-08-01,160,0
49,2,79,2025-08-01,66,1
49,3,31,2025-08-01,235,0
50,4,54,2025-08-01,87,0
50,2,35,2025-08-01,265,0
50,2,40,2025-08-01,242,0
50,2,69,2025-08-01,34,0
50,1,52,2025-08-01,165,1
50,1,62,2025-08-01,289,1
1,2,91,2025-08-02,40,1
1,3,83,2025-08-02,233,1
1,3,83,2025-08-02,219,1
1,1,70,2025-08-02,152,1
1,4,34,2025-08-02,230,1
1,2,51,2025-08-02,140,1
1,3,30,2025-08-02,197,1
1,5,86,2025-08-02,265,1
2,1,53,2025-08-02,286,1
2,5,61,2025-08-02,264,1
2,4,46,2025-08-02,299,1
2,2,96,2025-08-02,154,1
2,5,21,2025-08-02,292,1
2,2,96,2025-08-02,198,1
2,1,98,2025-08-02,28,1
2,1,62,2025-08-02,208,1
2,4,67,2025-08-02,171,1
2,2,27,2025-08-02,218,1
2,1,53,2025-08-02,298,1
2,5,57,2025-08-02,129,1
3,5,58,2025-08-02,85,1
3,2,36,2025-08-02,166,1
3,1,39,2025-08-02,212,1
3,5,21,2025-08-02,53,1
3,3,26,2025-08-02,59,1
3,3,26,2025-08-02,36,1
3,5,61,2025-08-02,291,1
3,5,28,2025-08-02,238,1
3,2,75,2025-08-02,51,1
3,2,14,2025-08-02,97,1
3,5,5,2025-08-02,166,1
4,3,55,2025-08-02,242,1
4,1,39,2025-08-02,206,1
4,4,100,2025-08-02,103,1
4,5,7,2025-08-02,46,1
4,2,23,2025-08-02,256,1
4,4,56,2025-08-02,45,1
4,1,52,2025-08-02,158,1
4,2,40,2025-08-02,165,1
5,3,10,2025-08-02,180,1
5,3,19,2025-08-02,90,1
5,2,18,2025-08-02,89,1
5,5,72,2025-08-02,155,1
5,2,35,2025-08-02,156,1
5,3,10,2025-08-02,267,1
5,3,9,2025-08-02,229,1
6,1,62,2025-08-02,147,1
6,5,72,2025-08-02,293,1
6,2,27,2025-08-02,59,1
6,5,37,2025-08-02,105,1
6,5,72,2025-08-02,97,1
6,2,79,2025-08-02,210,1
6,3,68,2025-08-02,193,1
6,3,68,2025-08-02,84,1
6,3,8,2025-08-02,203,1
6,4,24,2025-08-02,26,1
7,4,54,2025-08-02,159,1
7,3,10,2025-08-02,106,1
7,5,28,2025-08-02,282,1
7,3,33,2025-08-02,139,1
7,5,43,2025-08-02,52,1
7,4,66,2025-08-02,140,1
7,2,92,2025-08-02,139,1
8,2,96,2025-08-02,190,1
8,4,94,2025-08-02,95,1
8,2,51,2025-08-02,157,1
8,3,10,2025-08-02,72,1
8,3,65,2025-08-02,198,1
8,2,63,2025-08-02,229,1
8,1,95,2025-08-02,30,1
8,1,50,2025-08-02,177,1
8,5,58,2025-08-02,241,1
9,2,45,2025-08-02,67,1
9,2,14,2025-08-02,140,1
9,3,17,2025-08-02,43,1
9,3,10,2025-08-02,25,1
9,1,98,2025-08-02,145,1
9,2,18,2025-08-02,292,1
9,3,8,2025-08-02,98,1
9,2,88,2025-08-02,102,1
9,3,33,2025-08-02,79,1
9,2,92,2025-08-02,219,1
9,5,37,2025-08-02,154,1
10,4,48,2025-08-02,196,1
10,5,61,2025-08-02,291,1
10,4,24,2025-08-02,79,1
10,5,41,2025-08-02,256,1
10,1,52,2025-08-02,55,1
10,2,13,2025-08-02,183,1
11,2,18,2025-08-02,281,1
11,2,79,2025-08-02,69,1
11,2,22,2025-08-02,256,1
11,3,8,2025-08-02,24,1
11,5,85,2025-08-02,56,1
11,3,6,2025-08-02,273,1
11,5,90,2025-08-02,33,1
11,1,60,2025-08-02,118,1
11,2,23,2025-08-02,169,1
11,2,18,2025-08-02,177,1
12,5,37,2025-08-02,229,1
12,2,69,2025-08-02,103,1
12,2,79,2025-08-02,72,1
12,1,60,2025-08-02,296,1
12,4,24,2025-08-02,264,1
12,2,22,2025-08-02,112,1
13,4,89,2025-08-02,282,1
13,4,11,2025-08-02,109,1
13,3,97,2025-08-02,95,1
13,2,35,2025-08-02,153,1
13,4,78,2025-08-02,145,1
13,2,91,2025-08-02,148,1
13,5,37,2025-08-02,22,1
13,4,77,2025-08-02,144,1
13,3,97,2025-08-02,158,1
13,2,18,2025-08-02,23,1
14,2,18,2025-08-02,64,1
14,2,29,2025-08-02,152,1
14,5,58,2025-08-02,32,1
14,4,34,2025-08-02,62,1
14,2,79,2025-08-02,266,1
14,4,54,2025-08-02,177,1
14,3,26,2025-08-02,78,1
14,3,19,2025-08-02,33,1
14,1,98,2025-08-02,238,1
14,3,19,2025-08-02,126,1
14,4,54,2025-08-02,45,1
15,4,42,2025-08-02,195,1
15,1,39,2025-08-02,178,1
15,2,23,2025-08-02,143,1
15,2,29,2025-08-02,70,1
15,2,13,2025-08-02,22,1
15,2,18,2025-08-02,179,1
15,2,23,2025-08-02,177,1
15,1,95,2025-08-02,30,1
15,3,6,2025-08-02,187,1
15,4,89,2025-08-02,159,1
15,4,38,2025-08-02,60,1
16,3,4,2025-08-02,262,0
16,5,41,2025-08-02,197,0
16,3,73,2025-08-02,266,0
16,5,57,2025-08-02,106,0
16,5,84,2025-08-02,130,0
16,1,52,2025-08-02,223,1
16,4,100,2025-08-02,179,1
16,3,10,2025-08-02,36,0
16,1,95,2025-08-02,30,1
16,4,42,2025-08-02,205,0
16,4,42,2025-08-02,123,0
16,1,39,2025-08-02,144,1
17,2,74,2025-08-02,191,0
17,1,25,2025-08-02,288,1
17,5,47,2025-08-02,297,0
17,3,26,2025-08-02,91,1
17,4,99,2025-08-02,133,1
17,4,59,2025-08-02,293,0
18,4,38,2025-08-02,35,0
18,4,59,2025-08-02,46,1
18,3,44,2025-08-02,127,1
18,3,32,2025-08-02,162,0
18,5,84,2025-08-02,236,1
18,1,50,2025-08-02,145,0
18,2,75,2025-08-02,58,0
18,5,57,2025-08-02,250,1
18,5,43,2025-08-02,215,0
18,3,26,2025-08-02,194,0
18,3,32,2025-08-02,190,1
18,3,19,2025-08-02,143,0
19,4,56,2025-08-02,189,1
19,5,57,2025-08-02,285,1
19,5,90,2025-08-02,77,0
19,5,37,2025-08-02,265,0
19,3,26,2025-08-02,72,0
19,2,69,2025-08-02,124,1
19,2,51,2025-08-02,190,1
19,1,81,2025-08-02,129,0
19,3,33,2025-08-02,215,1
20,4,34,2025-08-02,196,1
20,3,6,2025-08-02,203,0
20,2,27,2025-08-02,173,1
20,3,31,2025-08-02,245,0
20,3,33,2025-08-02,118,1
20,3,83,2025-08-02,159,0
20,5,84,2025-08-02,257,1
20,1,95,2025-08-02,73,0
20,2,45,2025-08-02,180,0
21,1,60,2025-08-02,25,0
21,3,65,2025-08-02,90,0
21,4,20,2025-08-02,108,0
21,1,81,2025-08-02,247,0
21,2,96,2025-08-02,192,1
22,2,79,2025-08-02,124,0
22,2,80,2025-08-02,272,0
22,3,10,2025-08-02,279,0
22,2,63,2025-08-02,242,0
22,2,64,2025-08-02,52,0
23,1,52,2025-08-02,238,0
23,3,4,2025-08-02,239,0
23,2,91,2025-08-02,216,1
23,2,64,2025-08-02,300,1
23,4,78,2025-08-02,177,0
23,3,4,2025-08-02,132,0
23,3,97,2025-08-02,279,0
23,3,71,2025-08-02,268,0
23,2,35,2025-08-02,225,0
23,5,85,2025-08-02,75,0
23,4,59,2025-08-02,186,0
24,5,47,2025-08-02,261,1
24,3,68,2025-08-02,24,0
24,3,32,2025-08-02,274,1
24,4,77,2025-08-02,265,0
24,4,11,2025-08-02,32,0
24,4,94,2025-08-02,205,1
24,4,20,2025-08-02,294,0
24,1,16,2025-08-02,126,0
24,2,96,2025-08-02,40,0
24,1,15,2025-08-02,182,1
25,2,74,2025-08-02,148,0
25,3,68,2025-08-02,255,0
25,2,35,2025-08-02,38,1
25,4,11,2025-08-02,120,1
25,5,5,2025-08-02,96,0
25,2,88,2025-08-02,68,1
25,5,7,2025-08-02,42,1
25,4,34,2025-08-02,267,1
26,2,88,2025-08-02,278,0
26,2,23,2025-08-02,213,1
26,5,61,2025-08-02,85,1
26,5,86,2025-08-02,231,0
26,4,77,2025-08-02,125,0
26,3,3,2025-08-02,288,1
26,2,35,2025-08-02,242,0
26,3,83,2025-08-02,162,1
26,1,81,2025-08-02,39,0
26,2,96,2025-08-02,240,0
26,1,15,2025-08-02,31,0
27,2,40,2025-08-02,76,0
27,2,2,2025-08-02,60,0
27,2,91,2025-08-02,248,1
27,1,62,2025-08-02,293,0
27,4,24,2025-08-02,129,1
27,1,50,2025-08-02,118,1
27,3,73,2025-08-02,193,0
28,5,57,2025-08-02,144,1
28,5,5,2025-08-02,129,0
28,3,9,2025-08-02,278,0
28,4,66,2025-08-02,46,1
28,1,60,2025-08-02,85,1
28,2,51,2025-08-02,224,0
28,1,50,2025-08-02,278,1
29,2,92,2025-08-02,173,0
29,2,80,2025-08-02,285,0
29,4,89,2025-08-02,125,0
29,2,23,2025-08-02,177,0
29,1,70,2025-08-02,100,1
29,2,22,2025-08-02,48,0
29,1,25,2025-08-02,28,0
29,3,31,2025-08-02,134,0
29,5,90,2025-08-02,189,1
29,5,43,2025-08-02,65,1
30,4,54,2025-08-02,209,1
30,2,74,2025-08-02,148,0
30,3,83,2025-08-02,243,1
30,3,44,2025-08-02,84,0
30,2,63,2025-08-02,26,1
30,3,71,2025-08-02,50,0
31,4,34,2025-08-02,255,1
31,3,1,2025-08-02,159,0
31,4,49,2025-08-02,101,0
31,5,47,2025-08-02,46,1
31,4,54,2025-08-02,54,1
31,1,39,2025-08-02,203,0
31,4,24,2025-08-02,267,1
31,3,17,2025-08-02,87,1
32,4,48,2025-08-02,192,1
32,2,96,2025-08-02,224,1
32,4,38,2025-08-02,188,0
32,3,26,2025-08-02,64,0
32,5,43,2025-08-02,224,0
32,1,16,2025-08-02,86,0
32,4,20,2025-08-02,128,1
33,2,64,2025-08-02,135,0
33,3,4,2025-08-02,220,0
33,4,78,2025-08-02,40,0
33,5,72,2025-08-02,61,0
33,3,65,2025-08-02,240,0
34,5,57,2025-08-02,139,0
34,4,54,2025-08-02,152,0
34,5,57,2025-08-02,196,0
34,4,54,2025-08-02,71,1
34,5,41,2025-08-02,176,0
34,4,46,2025-08-02,53,1
34,4,42,2025-08-02,215,0
34,3,31,2025-08-02,286,0
34,2,51,2025-08-02,67,0
34,1,62,2025-08-02,289,0
35,2,29,2025-08-02,103,1
35,2,22,2025-08-02,179,0
35,5,21,2025-08-02,84,0
35,4,100,2025-08-02,256,1
35,4,54,2025-08-02,148,0
35,5,43,2025-08-02,205,1
36,1,60,2025-08-02,246,0
36,1,25,2025-08-02,237,0
36,3,55,2025-08-02,162,0
36,5,5,2025-08-02,276,1
36,4,11,2025-08-02,269,1
36,3,6,2025-08-02,211,0
36,2,92,2025-08-02,176,1
36,2,92,2025-08-02,284,0
36,1,12,2025-08-02,202,1
36,5,90,2025-08-02,274,0
36,5,82,2025-08-02,152,0
37,4,49,2025-08-02,111,0
37,2,2,2025-08-02,288,0
37,3,44,2025-08-02,242,0
37,2,2,2025-08-02,67,1
37,3,17,2025-08-02,208,0
37,1,52,2025-08-02,213,0
37,2,51,2025-08-02,32,0
37,3,31,2025-08-02,236,1
38,5,28,2025-08-02,168,0
38,2,51,2025-08-02,142,1
38,2,29,2025-08-02,270,0
38,3,8,2025-08-02,62,1
38,1,16,2025-08-02,141,0
38,3,32,2025-08-02,133,1
38,3,83,2025-08-02,148,0
38,3,65,2025-08-02,32,0
38,2,45,2025-08-02,220,1
38,4,59,2025-08-02,180,0
39,1,12,2025-08-02,221,0
39,2,23,2025-08-02,227,0
39,4,89,2025-08-02,143,1
39,5,37,2025-08-02,123,1
39,4,24,2025-08-02,179,0
39,2,96,2025-08-02,286,0
39,2,96,2025-08-02,237,0
39,2,18,2025-08-02,104,0
39,2,63,2025-08-02,286,0
39,3,10,2025-08-02,257,1
39,5,82,2025-08-02,170,1
39,1,16,2025-08-02,135,1
40,3,32,2025-08-02,147,0
40,2,29,2025-08-02,113,0
40,4,20,2025-08-02,164,0
40,3,8,2025-08-02,154,0
40,2,45,2025-08-02,214,0
40,3,73,2025-08-02,93,1
40,1,39,2025-08-02,146,1
40,2,29,2025-08-02,279,0
40,2,75,2025-08-02,32,0
40,2,80,2025-08-02,183,0
41,4,100,2025-08-02,69,0
41,5,5,2025-08-02,297,1
41,3,4,2025-08-02,136,1
41,1,60,2025-08-02,220,0
41,5,72,2025-08-02,69,0
41,5,7,2025-08-02,286,1
42,4,11,2025-08-02,92,0
42,2,63,2025-08-02,105,1
42,4,66,2025-08-02,168,0
42,3,6,2025-08-02,289,1
42,3,32,2025-08-02,193,1
42,5,57,2025-08-02,57,0
42,5,72,2025-08-02,65,0
42,2,14,2025-08-02,80,0
43,2,29,2025-08-02,106,0
43,4,94,2025-08-02,245,0
43,5,85,2025-08-02,51,0
43,3,55,2025-08-02,247,0
43,3,1,2025-08-02,101,0
43,5,84,2025-08-02,224,1
43,3,3,2025-08-02,98,1
43,3,44,2025-08-02,71,0
43,2,45,2025-08-02,164,0
43,5,5,2025-08-02,261,0
43,3,31,2025-08-02,158,0
44,2,35,2025-08-02,293,1
44,2,2,2025-08-02,101,0
44,4,46,2025-08-02,180,0
44,5,84,2025-08-02,184,0
44,4,49,2025-08-02,145,0
44,4,89,2025-08-02,106,0
44,2,45,2025-08-02,231,0
44,5,84,2025-08-02,170,0
45,5,61,2025-08-02,270,0
45,4,38,2025-08-02,187,0
45,3,71,2025-08-02,203,0
45,2,63,2025-08-02,252,1
45,5,37,2025-08-02,91,0
45,2,27,2025-08-02,145,0
45,5,43,2025-08-02,26,0
45,1,81,2025-08-02,261,0
45,2,69,2025-08-02,95,0
45,4,99,2025-08-02,76,1
45,5,37,2025-08-02,97,1
46,3,32,2025-08-02,285,0
46,4,78,2025-08-02,115,0
46,5,7,2025-08-02,76,0
46,5,86,2025-08-02,253,0
46,4,94,2025-08-02,68,1
46,3,32,2025-08-02,99,1
46,2,64,2025-08-02,38,0
46,3,8,2025-08-02,179,1
46,4,48,2025-08-02,30,1
47,2,23,2025-08-02,284,1
47,4,94,2025-08-02,266,0
47,3,55,2025-08-02,136,1
47,3,8,2025-08-02,71,1
47,5,7,2025-08-02,149,1
47,2,18,2025-08-02,72,1
47,1,98,2025-08-02,77,0
47,4,77,2025-08-02,32,1
47,2,2,2025-08-02,81,1
47,4,11,2025-08-02,54,0
47,5,57,2025-08-02,181,0
47,2,2,2025-08-02,58,0
48,5,72,2025-08-02,187,1
48,3,1,2025-08-02,74,0
48,2,69,2025-08-02,278,1
48,2,69,2025-08-02,213,1
48,4,99,2025-08-02,122,0
48,1,50,2025-08-02,74,0
48,4,56,2025-08-02,48,1
48,2,96,2025-08-02,99,1
48,3,1,2025-08-02,78,0
48,3,10,2025-08-02,273,1
48,5,90,2025-08-02,238,0
49,4,48,2025-08-02,92,0
49,4,78,2025-08-02,291,0
49,2,18,2025-08-02,187,0
49,2,35,2025-08-02,168,0
49,3,17,2025-08-02,219,0
49,1,52,2025-08-02,249,0
49,5,43,2025-08-02,23,1
50,1,12,2025-08-02,253,0
50,2,51,2025-08-02,158,1
50,3,65,2025-08-02,192,0
50,2,45,2025-08-02,252,0
50,2,22,2025-08-02,259,1
50,2,64,2025-08-02,276,0
50,4,59,2025-08-02,245,1
50,4,20,2025-08-02,145,0
50,3,93,2025-08-02,104,0
50,4,78,2025-08-02,216,1
50,5,5,2025-08-02,120,0
50,4,54,2025-08-02,102,0
1,5,41,2025-08-03,161,1
1,2,51,2025-08-03,43,1
1,3,65,2025-08-03,110,1
1,3,65,2025-08-03,51,1
1,2,23,2025-08-03,288,1
1,2,79,2025-08-03,267,1
2,3,30,2025-08-03,189,1
2,4,77,2025-08-03,245,1
2,3,55,2025-08-03,218,1
2,3,33,2025-08-03,211,1
2,3,44,2025-08-03,246,1
2,1,12,2025-08-03,25,1
2,3,8,2025-08-03,278,1
2,5,41,2025-08-03,150,1
2,3,8,2025-08-03,70,1
2,3,9,2025-08-03,121,1
2,4,78,2025-08-03,277,1
2,1,60,2025-08-03,122,1
3,5,90,2025-08-03,173,1
3,4,34,2025-08-03,222,1
3,4,76,2025-08-03,229,1
3,3,4,2025-08-03,232,1
3,1,60,2025-08-03,285,1
3,2,45,2025-08-03,21,1
3,5,58,2025-08-03,265,1
3,2,40,2025-08-03,146,1
3,5,72,2025-08-03,74,1
3,4,46,2025-08-03,36,1
4,5,28,2025-08-03,31,1
4,4,20,2025-08-03,228,1
4,5,37,2025-08-03,85,1
4,3,10,2025-08-03,53,1
4,5,28,2025-08-03,223,1
4,5,47,2025-08-03,177,1
4,5,82,2025-08-03,174,1
4,5,47,2025-08-03,240,1
4,1,98,2025-08-03,76,1
5,4,20,2025-08-03,100,1
5,4,99,2025-08-03,245,1
5,5,58,2025-08-03,180,1
5,2,69,2025-08-03,210,1
5,5,43,2025-08-03,252,1
5,1,52,2025-08-03,255,1
5,1,39,2025-08-03,26,1
5,2,40,2025-08-03,78,1
5,4,94,2025-08-03,281,1
5,4,49,2025-08-03,220,1
5,2,92,2025-08-03,141,1
5,3,17,2025-08-03,65,1
6,1,52,2025-08-03,203,1
6,3,4,2025-08-03,184,1
6,5,21,2025-08-03,48,1
6,3,1,2025-08-03,75,1
6,3,44,2025-08-03,177,1
6,2,87,2025-08-03,232,1
6,4,34,2025-08-03,54,1
6,2,35,2025-08-03,111,1
6,5,85,2025-08-03,77,1
6,4,78,2025-08-03,228,1
7,3,33,2025-08-03,290,1
7,2,96,2025-08-03,87,1
7,2,96,2025-08-03,161,1
7,2,91,2025-08-03,25,1
7,2,45,2025-08-03,179,1
8,1,12,2025-08-03,143,1
8,1,50,2025-08-03,197,1
8,1,60,2025-08-03,39,1
8,5,57,2025-08-03,113,1
8,2,51,2025-08-03,83,1
8,3,33,2025-08-03,162,1
8,4,42,2025-08-03,241,1
8,3,26,2025-08-03,215,1
8,3,44,2025-08-03,35,1
8,4,54,2025-08-03,137,1
8,1,25,2025-08-03,37,1
9,4,34,2025-08-03,265,1
9,1,52,2025-08-03,75,1
9,2,79,2025-08-03,299,1
9,5,58,2025-08-03,45,1
9,2,80,2025-08-03,120,1
9,1,39,2025-08-03,79,1
9,3,8,2025-08-03,35,1
9,4,59,2025-08-03,281,1
9,2,36,2025-08-03,291,1
10,3,6,2025-08-03,279,1
10,5,21,2025-08-03,61,1
10,1,25,2025-08-03,129,1
10,2,64,2025-08-03,227,1
10,1,70,2025-08-03,57,1
10,2,88,2025-08-03,274,1
10,2,35,2025-08-03,41,1
10,1,95,2025-08-03,226,1
10,2,23,2025-08-03,64,1
10,2,92,2025-08-03,173,1
10,2,40,2025-08-03,183,1
10,4,67,2025-08-03,139,1
11,1,25,2025-08-03,123,1
11,5,7,2025-08-03,160,1
11,4,100,2025-08-03,48,1
11,5,57,2025-08-03,127,1
11,2,80,2025-08-03,54,1
12,1,95,2025-08-03,143,1
12,3,26,2025-08-03,221,1
12,1,39,2025-08-03,176,1
12,4,56,2025-08-03,147,1
12,4,76,2025-08-03,179,1
12,2,91,2025-08-03,170,1
12,4,54,2025-08-03,36,1
12,1,70,2025-08-03,292,1
12,5,85,2025-08-03,237,1
12,1,15,2025-08-03,94,1
13,5,43,2025-08-03,200,1
13,1,53,2025-08-03,114,1
13,5,21,2025-08-03,181,1
13,3,97,2025-08-03,84,1
13,5,86,2025-08-03,22,1
13,5,86,2025-08-03,25,1
13,2,27,2025-08-03,277,1
13,4,56,2025-08-03,40,1
13,3,33,2025-08-03,208,1
14,4,20,2025-08-03,97,1
14,4,89,2025-08-03,225,1
14,3,55,2025-08-03,148,1
14,2,88,2025-08-03,264,1
14,5,82,2025-08-03,278,1
14,4,99,2025-08-03,99,1
14,3,65,2025-08-03,108,1
14,4,34,2025-08-03,76,1
14,1,50,2025-08-03,75,1
14,5,7,2025-08-03,70,1
14,2,35,2025-08-03,227,1
14,2,87,2025-08-03,49,1
15,4,67,2025-08-03,192,1
15,4,11,2025-08-03,136,1
15,4,48,2025-08-03,78,1
15,2,91,2025-08-03,247,1
15,4,56,2025-08-03,181,1
15,3,32,2025-08-03,25,1
16,5,72,2025-08-03,271,0
16,2,35,2025-08-03,197,0
16,1,16,2025-08-03,264,1
16,3,73,2025-08-03,255,0
16,2,69,2025-08-03,284,1
16,2,18,2025-08-03,169,1
16,4,99,2025-08-03,83,0
16,5,41,2025-08-03,272,0
16,2,79,2025-08-03,95,1
16,4,46,2025-08-03,36,1
16,1,60,2025-08-03,95,0
16,4,48,2025-08-03,96,0
17,3,97,2025-08-03,44,1
17,2,36,2025-08-03,119,0
17,2,22,2025-08-03,263,1
17,2,18,2025-08-03,210,0
17,2,69,2025-08-03,158,0
17,4,59,2025-08-03,289,0
17,4,49,2025-08-03,28,0
17,5,86,2025-08-03,197,0
17,2,88,2025-08-03,158,0
17,5,5,2025-08-03,190,0
18,3,30,2025-08-03,268,0
18,3,3,2025-08-03,245,0
18,3,9,2025-08-03,169,0
18,2,14,2025-08-03,188,1
18,1,62,2025-08-03,244,1
18,3,68,2025-08-03,118,1
18,4,24,2025-08-03,169,1
19,4,42,2025-08-03,52,0
19,2,22,2025-08-03,112,0
19,2,36,2025-08-03,111,1
19,4,20,2025-08-03,129,0
19,4,20,2025-08-03,258,0
19,5,86,2025-08-03,247,1
19,2,92,2025-08-03,69,0
19,5,58,2025-08-03,218,0
20,5,58,2025-08-03,63,1
20,4,76,2025-08-03,220,0
20,3,10,2025-08-03,136,0
20,3,33,2025-08-03,25,0
20,3,31,2025-08-03,173,0
20,2,35,2025-08-03,237,0
21,2,69,2025-08-03,258,0
21,2,23,2025-08-03,160,0
21,3,1,2025-08-03,97,0
21,2,51,2025-08-03,239,0
21,5,43,2025-08-03,177,0
21,3,26,2025-08-03,242,1
22,1,50,2025-08-03,249,0
22,3,9,2025-08-03,185,0
22,3,68,2025-08-03,289,0
22,4,94,2025-08-03,80,0
22,2,18,2025-08-03,38,0
22,5,84,2025-08-03,58,1
22,5,57,2025-08-03,43,0
22,5,7,2025-08-03,234,0
22,2,69,2025-08-03,87,0
22,3,30,2025-08-03,153,1
23,2,35,2025-08-03,73,0
23,1,62,2025-08-03,174,0
23,4,11,2025-08-03,243,0
23,2,92,2025-08-03,63,0
23,2,18,2025-08-03,53,1
23,2,80,2025-08-03,42,1
23,1,98,2025-08-03,70,0
23,4,11,2025-08-03,40,0
24,5,43,2025-08-03,140,0
24,1,50,2025-08-03,293,1
24,5,82,2025-08-03,211,0
24,4,59,2025-08-03,177,0
24,3,71,2025-08-03,194,1
24,3,8,2025-08-03,93,0
24,4,20,2025-08-03,170,0
25,3,30,2025-08-03,234,0
25,1,62,2025-08-03,96,0
25,2,2,2025-08-03,139,0
25,2,96,2025-08-03,100,1
25,3,19,2025-08-03,224,0
25,3,71,2025-08-03,267,0
25,4,94,2025-08-03,169,0
25,1,60,2025-08-03,101,0
25,3,26,2025-08-03,73,0
26,2,35,2025-08-03,44,0
26,4,99,2025-08-03,106,0
26,5,90,2025-08-03,109,1
26,2,69,2025-08-03,133,0
26,4,67,2025-08-03,140,1
26,2,40,2025-08-03,75,0
26,1,60,2025-08-03,292,0
26,1,50,2025-08-03,229,0
26,5,5,2025-08-03,61,1
26,2,23,2025-08-03,257,0
26,5,7,2025-08-03,258,1
26,3,4,2025-08-03,109,1
27,4,100,2025-08-03,243,1
27,1,12,2025-08-03,30,1
27,5,84,2025-08-03,124,0
27,2,35,2025-08-03,129,0
27,5,61,2025-08-03,124,0
27,3,26,2025-08-03,106,1
27,4,24,2025-08-03,300,0
27,2,74,2025-08-03,173,0
27,3,1,2025-08-03,102,0
27,1,16,2025-08-03,164,0
27,4,20,2025-08-03,169,1
28,4,100,2025-08-03,149,0
28,4,94,2025-08-03,45,0
28,2,40,2025-08-03,113,1
28,2,91,2025-08-03,69,1
28,2,69,2025-08-03,49,0
28,5,57,2025-08-03,94,0
28,2,75,2025-08-03,261,0
28,3,1,2025-08-03,53,0
28,1,15,2025-08-03,70,0
28,1,25,2025-08-03,120,0
28,3,71,2025-08-03,150,0
29,3,55,2025-08-03,294,1
29,5,84,2025-08-03,133,0
29,5,90,2025-08-03,226,0
29,3,33,2025-08-03,212,0
29,2,23,2025-08-03,166,0
29,3,71,2025-08-03,282,0
29,2,63,2025-08-03,187,0
29,2,29,2025-08-03,135,0
29,4,89,2025-08-03,47,0
29,1,81,2025-08-03,206,0
30,5,86,2025-08-03,25,1
30,3,44,2025-08-03,213,0
30,1,52,2025-08-03,278,0
30,3,19,2025-08-03,108,0
30,5,5,2025-08-03,53,0
30,1,95,2025-08-03,278,0
31,3,9,2025-08-03,155,0
31,2,80,2025-08-03,200,0
31,3,73,2025-08-03,98,0
31,4,38,2025-08-03,45,0
31,3,8,2025-08-03,262,0
31,3,8,2025-08-03,153,0
32,2,63,2025-08-03,187,0
32,3,26,2025-08-03,292,0
32,2,91,2025-08-03,150,0
32,5,90,2025-08-03,174,0
32,3,68,2025-08-03,272,1
33,4,24,2025-08-03,172,1
33,2,23,2025-08-03,169,0
33,5,43,2025-08-03,64,0
33,4,89,2025-08-03,247,0
33,3,17,2025-08-03,129,0
33,5,47,2025-08-03,81,1
33,5,72,2025-08-03,21,0
33,1,53,2025-08-03,109,1
33,4,76,2025-08-03,100,0
33,4,99,2025-08-03,107,1
33,2,92,2025-08-03,272,0
34,3,97,2025-08-03,49,0
34,3,4,2025-08-03,80,0
34,4,99,2025-08-03,280,0
34,2,74,2025-08-03,126,0
34,5,21,2025-08-03,237,0
34,3,32,2025-08-03,95,0
34,3,6,2025-08-03,119,1
34,2,40,2025-08-03,150,0
34,1,52,2025-08-03,292,0
34,4,42,2025-08-03,152,1
35,4,42,2025-08-03,71,1
35,1,70,2025-08-03,161,0
35,5,28,2025-08-03,47,1
35,3,55,2025-08-03,55,1
35,3,93,2025-08-03,56,1
35,2,14,2025-08-03,170,1
35,5,41,2025-08-03,36,1
35,2,75,2025-08-03,228,1
35,5,43,2025-08-03,138,1
36,4,38,2025-08-03,122,0
36,2,88,2025-08-03,285,1
36,2,92,2025-08-03,113,1
36,3,68,2025-08-03,89,0
36,3,17,2025-08-03,99,0
36,3,8,2025-08-03,297,0
36,5,5,2025-08-03,251,0
36,2,80,2025-08-03,166,0
36,4,78,2025-08-03,42,1
36,4,24,2025-08-03,117,0
36,4,49,2025-08-03,130,0
37,1,16,2025-08-03,127,1
37,3,10,2025-08-03,242,1
37,4,56,2025-08-03,96,0
37,1,50,2025-08-03,132,1
37,3,65,2025-08-03,250,0
38,3,44,2025-08-03,259,0
38,3,65,2025-08-03,247,0
38,5,21,2025-08-03,54,0
38,5,84,2025-08-03,113,1
38,3,4,2025-08-03,74,0
38,4,20,2025-08-03,24,0
38,3,19,2025-08-03,233,0
38,2,45,2025-08-03,41,0
38,3,4,2025-08-03,131,0
38,1,62,2025-08-03,46,1
39,2,36,2025-08-03,229,0
39,4,66,2025-08-03,292,0
39,2,40,2025-08-03,31,0
39,4,66,2025-08-03,146,0
39,5,57,2025-08-03,104,1
39,1,52,2025-08-03,163,0
39,4,77,2025-08-03,55,0
39,5,84,2025-08-03,166,0
39,3,65,2025-08-03,173,0
39,2,27,2025-08-03,188,0
40,3,33,2025-08-03,284,0
40,5,57,2025-08-03,37,0
40,5,7,2025-08-03,168,0
40,3,19,2025-08-03,184,0
40,2,74,2025-08-03,50,1
41,3,33,2025-08-03,135,1
41,2,80,2025-08-03,193,0
41,3,17,2025-08-03,69,0
41,2,23,2025-08-03,262,0
41,4,99,2025-08-03,188,0
41,1,39,2025-08-03,226,0
41,2,35,2025-08-03,122,0
42,3,17,2025-08-03,112,0
42,2,80,2025-08-03,51,0
42,3,26,2025-08-03,271,0
42,4,24,2025-08-03,299,1
42,1,60,2025-08-03,67,1
42,3,6,2025-08-03,254,1
42,2,96,2025-08-03,292,1
42,5,7,2025-08-03,212,1
43,4,49,2025-08-03,197,0
43,4,89,2025-08-03,129,0
43,1,53,2025-08-03,23,0
43,2,69,2025-08-03,125,0
43,2,75,2025-08-03,141,1
43,1,25,2025-08-03,24,1
43,2,87,2025-08-03,222,1
43,4,11,2025-08-03,89,0
43,3,3,2025-08-03,25,1
44,3,6,2025-08-03,300,0
44,3,93,2025-08-03,218,1
44,1,53,2025-08-03,208,0
44,3,44,2025-08-03,230,0
44,4,56,2025-08-03,252,0
44,5,90,2025-08-03,185,1
44,3,65,2025-08-03,289,0
44,2,96,2025-08-03,109,0
45,4,76,2025-08-03,235,0
45,4,42,2025-08-03,117,1
45,5,86,2025-08-03,206,0
45,1,50,2025-08-03,34,0
45,4,59,2025-08-03,119,0
45,5,57,2025-08-03,71,0
45,2,36,2025-08-03,204,0
46,2,18,2025-08-03,218,0
46,4,42,2025-08-03,75,0
46,2,64,2025-08-03,151,0
46,4,20,2025-08-03,75,0
46,3,68,2025-08-03,194,1
46,1,53,2025-08-03,104,0
46,3,1,2025-08-03,263,0
46,3,10,2025-08-03,157,0
47,3,17,2025-08-03,87,0
47,4,54,2025-08-03,101,1
47,5,85,2025-08-03,282,0
47,5,90,2025-08-03,285,1
47,5,58,2025-08-03,294,0
47,3,44,2025-08-03,145,0
47,3,9,2025-08-03,87,1
47,5,43,2025-08-03,164,1
47,3,9,2025-08-03,103,0
48,3,83,2025-08-03,143,0
48,5,72,2025-08-03,277,1
48,5,72,2025-08-03,165,0
48,2,51,2025-08-03,248,1
48,3,1,2025-08-03,79,1
49,4,67,2025-08-03,87,0
49,1,53,2025-08-03,86,0
49,2,40,2025-08-03,223,1
49,4,54,2025-08-03,243,0
49,5,41,2025-08-03,185,0
49,4,54,2025-08-03,86,1
49,4,46,2025-08-03,199,1
49,3,4,2025-08-03,121,0
49,2,51,2025-08-03,265,0
49,1,95,2025-08-03,104,0
50,5,85,2025-08-03,203,1
50,3,68,2025-08-03,247,0
50,2,45,2025-08-03,68,0
50,1,53,2025-08-03,70,1
50,2,14,2025-08-03,274,0
50,2,2,2025-08-03,245,0
50,3,33,2025-08-03,295,0
50,4,99,2025-08-03,191,0
1,4,100,2025-08-04,163,1
1,2,64,2025-08-04,61,1
1,3,71,2025-08-04,38,1
1,2,23,2025-08-04,63,1
1,4,20,2025-08-04,244,1
1,3,17,2025-08-04,268,1
1,5,61,2025-08-04,213,1
1,2,69,2025-08-04,169,1
1,5,61,2025-08-04,133,1
1,4,89,2025-08-04,267,1
1,4,49,2025-08-04,242,1
2,2,69,2025-08-04,36,1
2,4,77,2025-08-04,205,1
2,1,25,2025-08-04,210,1
2,3,65,2025-08-04,299,1
2,2,92,2025-08-04,77,1
3,4,94,2025-08-04,51,1
3,2,13,2025-08-04,235,1
3,3,4,2025-08-04,178,1
3,2,80,2025-08-04,178,1
3,2,80,2025-08-04,226,1
3,4,78,2025-08-04,109,1
3,1,81,2025-08-04,78,1
3,1,53,2025-08-04,274,1
3,2,88,2025-08-04,96,1
3,1,81,2025-08-04,278,1
4,4,94,2025-08-04,126,1
4,1,50,2025-08-04,180,1
4,3,93,2025-08-04,257,1
4,4,42,2025-08-04,174,1
4,1,81,2025-08-04,209,1
5,4,100,2025-08-04,100,1
5,1,39,2025-08-04,175,1
5,3,68,2025-08-04,74,1
5,4,24,2025-08-04,173,1
5,4,38,2025-08-04,80,1
5,4,78,2025-08-04,101,1
5,5,86,2025-08-04,170,1
5,4,46,2025-08-04,51,1
5,5,85,2025-08-04,132,1
5,5,47,2025-08-04,68,1
5,5,7,2025-08-04,70,1
6,3,6,2025-08-04,296,1
6,4,67,2025-08-04,126,1
6,4,49,2025-08-04,136,1
6,4,20,2025-08-04,205,1
6,1,12,2025-08-04,140,1
6,2,74,2025-08-04,26,1
6,4,99,2025-08-04,160,1
6,1,81,2025-08-04,233,1
6,5,57,2025-08-04,267,1
6,1,25,2025-08-04,240,1
6,2,88,2025-08-04,23,1
7,4,99,2025-08-04,116,1
7,4,42,2025-08-04,110,1
7,4,49,2025-08-04,108,1
7,4,89,2025-08-04,270,1
7,5,90,2025-08-04,136,1
7,1,52,2025-08-04,58,1
7,1,50,2025-08-04,143,1
7,2,96,2025-08-04,86,1
7,4,76,2025-08-04,238,1
7,5,47,2025-08-04,21,1
8,1,60,2025-08-04,143,1
8,5,57,2025-08-04,165,1
8,2,87,2025-08-04,87,1
8,2,96,2025-08-04,232,1
8,2,14,2025-08-04,130,1
8,3,97,2025-08-04,26,1
9,2,36,2025-08-04,268,1
9,3,26,2025-08-04,217,1
9,2,74,2025-08-04,110,1
9,4,78,2025-08-04,85,1
9,1,95,2025-08-04,103,1
9,4,54,2025-08-04,49,1
9,5,43,2025-08-04,30,1
9,2,96,2025-08-04,239,1
9,5,37,2025-08-04,252,1
9,3,83,2025-08-04,123,1
9,1,25,2025-08-04,158,1
10,2,22,2025-08-04,42,1
10,2,92,2025-08-04,52,1
10,1,95,2025-08-04,175,1
10,3,4,2025-08-04,148,1
10,2,51,2025-08-04,82,1
10,5,5,2025-08-04,88,1
11,4,78,2025-08-04,81,1
11,2,23,2025-08-04,203,1
11,2,75,2025-08-04,29,1
11,2,69,2025-08-04,288,1
11,4,24,2025-08-04,150,1
11,2,40,2025-08-04,51,1
11,4,34,2025-08-04,47,1
11,3,93,2025-08-04,214,1
11,1,12,2025-08-04,223,1
12,4,89,2025-08-04,202,1
12,4,78,2025-08-04,82,1
12,2,36,2025-08-04,134,1
12,3,32,2025-08-04,37,1
12,4,48,2025-08-04,223,1
12,3,4,2025-08-04,223,1
12,1,12,2025-08-04,291,1
12,3,65,2025-08-04,213,1
12,4,94,2025-08-04,136,1
12,5,72,2025-08-04,127,1
12,2,13,2025-08-04,199,1
13,5,5,2025-08-04,67,1
13,1,70,2025-08-04,262,1
13,2,14,2025-08-04,270,1
13,3,93,2025-08-04,260,1
13,5,82,2025-08-04,228,1
13,4,67,2025-08-04,29,1
13,3,6,2025-08-04,28,1
14,4,59,2025-08-04,298,1
14,2,87,2025-08-04,215,1
14,3,19,2025-08-04,196,1
14,5,7,2025-08-04,20,1
14,1,50,2025-08-04,275,1
14,2,69,2025-08-04,285,1
14,2,40,2025-08-04,250,1
14,5,90,2025-08-04,109,1
14,5,37,2025-08-04,33,1
15,1,53,2025-08-04,125,1
15,4,99,2025-08-04,276,1
15,3,68,2025-08-04,163,1
15,3,97,2025-08-04,151,1
15,3,6,2025-08-04,124,1
15,3,1,2025-08-04,160,1
16,4,56,2025-08-04,32,0
16,1,52,2025-08-04,61,0
16,4,20,2025-08-04,165,1
16,4,11,2025-08-04,147,0
16,5,41,2025-08-04,165,0
16,4,20,2025-08-04,260,1
16,3,71,2025-08-04,235,0
16,2,92,2025-08-04,257,1
16,2,35,2025-08-04,75,0
16,4,100,2025-08-04,158,0
17,1,16,2025-08-04,259,1
17,2,87,2025-08-04,284,1
17,2,63,2025-08-04,91,0
17,2,51,2025-08-04,106,1
17,3,17,2025-08-04,223,1
17,5,72,2025-08-04,134,1
17,4,48,2025-08-04,279,1
17,5,43,2025-08-04,182,0
17,5,72,2025-08-04,137,0
18,5,86,2025-08-04,96,0
18,4,76,2025-08-04,92,0
18,3,8,2025-08-04,129,1
18,2,80,2025-08-04,163,0
18,3,17,2025-08-04,91,0
18,4,77,2025-08-04,220,1
18,2,96,2025-08-04,135,1
18,3,93,2025-08-04,201,0
18,2,96,2025-08-04,61,0
18,1,12,2025-08-04,204,1
19,3,55,2025-08-04,74,0
19,2,2,2025-08-04,115,0
19,4,59,2025-08-04,154,1
19,3,68,2025-08-04,31,0
19,1,95,2025-08-04,273,1
19,3,68,2025-08-04,63,1
19,4,48,2025-08-04,255,0
19,1,39,2025-08-04,175,0
20,3,71,2025-08-04,144,0
20,1,16,2025-08-04,28,1
20,2,45,2025-08-04,226,0
20,3,68,2025-08-04,179,0
20,4,38,2025-08-04,222,0
20,3,32,2025-08-04,138,0
21,3,31,2025-08-04,202,1
21,4,56,2025-08-04,262,0
21,1,98,2025-08-04,42,0
21,2,79,2025-08-04,41,1
21,2,92,2025-08-04,185,1
21,5,43,2025-08-04,71,0
21,2,2,2025-08-04,30,0
21,4,78,2025-08-04,185,0
21,2,92,2025-08-04,195,0
21,5,47,2025-08-04,77,0
22,1,98,2025-08-04,178,0
22,5,85,2025-08-04,40,1
22,5,47,2025-08-04,224,0
22,1,95,2025-08-04,290,0
22,2,35,2025-08-04,239,0
22,2,14,2025-08-04,218,1
22,5,47,2025-08-04,156,0
22,3,8,2025-08-04,218,1
22,5,58,2025-08-04,212,0
23,1,12,2025-08-04,186,1
23,1,95,2025-08-04,262,1
23,3,8,2025-08-04,248,0
23,3,44,2025-08-04,46,0
23,4,59,2025-08-04,235,1
23,5,7,2025-08-04,83,0
23,2,23,2025-08-04,143,0
23,2,51,2025-08-04,63,1
23,3,71,2025-08-04,204,1
24,2,63,2025-08-04,40,0
24,3,17,2025-08-04,291,1
24,4,76,2025-08-04,72,0
24,2,27,2025-08-04,253,0
24,1,16,2025-08-04,28,1
24,4,100,2025-08-04,196,0
24,3,97,2025-08-04,209,0
24,2,92,2025-08-04,155,1
25,3,8,2025-08-04,289,0
25,3,30,2025-08-04,85,1
25,2,92,2025-08-04,110,0
25,1,98,2025-08-04,275,0
25,2,13,2025-08-04,114,0
26,5,86,2025-08-04,246,1
26,2,80,2025-08-04,142,1
26,1,81,2025-08-04,89,0
26,3,26,2025-08-04,62,1
26,4,78,2025-08-04,90,0
26,5,37,2025-08-04,269,0
26,4,46,2025-08-04,121,1
27,2,27,2025-08-04,166,0
27,5,41,2025-08-04,135,0
27,1,53,2025-08-04,263,1
27,4,94,2025-08-04,264,1
27,3,17,2025-08-04,282,1
27,4,78,2025-08-04,134,0
27,4,38,2025-08-04,84,0
28,2,14,2025-08-04,106,1
28,3,32,2025-08-04,36,1
28,5,61,2025-08-04,42,0
28,2,87,2025-08-04,189,0
28,3,68,2025-08-04,94,0
28,3,19,2025-08-04,75,1
28,2,88,2025-08-04,273,0
28,5,5,2025-08-04,175,0
28,5,84,2025-08-04,214,0
28,2,40,2025-08-04,262,0
29,2,35,2025-08-04,31,0
29,2,23,2025-08-04,125,1
29,3,68,2025-08-04,83,0
29,1,16,2025-08-04,276,1
29,1,52,2025-08-04,150,1
29,3,31,2025-08-04,33,0
29,4,67,2025-08-04,66,0
29,2,79,2025-08-04,274,1
29,3,8,2025-08-04,161,1
30,4,38,2025-08-04,95,0
30,1,16,2025-08-04,250,1
30,5,72,2025-08-04,278,0
30,5,43,2025-08-04,47,1
30,4,59,2025-08-04,274,0
30,3,17,2025-08-04,239,0
30,4,100,2025-08-04,69,0
30,2,18,2025-08-04,221,1
30,5,43,2025-08-04,269,1
30,2,40,2025-08-04,230,0
31,3,31,2025-08-04,204,0
31,2,92,2025-08-04,154,1
31,2,75,2025-08-04,31,0
31,2,2,2025-08-04,206,0
31,3,8,2025-08-04,186,1
31,3,71,2025-08-04,28,0
32,2,29,2025-08-04,236,0
32,4,11,2025-08-04,283,0
32,2,74,2025-08-04,259,0
32,1,12,2025-08-04,138,0
32,2,88,2025-08-04,287,1
32,2,75,2025-08-04,221,0
32,5,57,2025-08-04,146,1
32,2,23,2025-08-04,206,1
32,2,79,2025-08-04,152,0
33,2,88,2025-08-04,98,0
33,1,39,2025-08-04,189,1
33,2,45,2025-08-04,138,0
33,2,88,2025-08-04,249,0
33,3,33,2025-08-04,273,0
33,5,37,2025-08-04,20,1
33,4,89,2025-08-04,147,1
34,1,53,2025-08-04,41,1
34,3,8,2025-08-04,206,0
34,5,7,2025-08-04,208,0
34,3,4,2025-08-04,24,0
34,5,82,2025-08-04,222,0
35,3,17,2025-08-04,46,1
35,1,98,2025-08-04,82,0
35,3,83,2025-08-04,198,0
35,1,60,2025-08-04,299,1
35,4,66,2025-08-04,226,1
35,2,45,2025-08-04,167,1
35,3,3,2025-08-04,60,1
35,3,93,2025-08-04,276,0
35,2,27,2025-08-04,153,1
35,2,23,2025-08-04,28,0
35,1,50,2025-08-04,287,0
35,5,7,2025-08-04,72,0
36,4,38,2025-08-04,296,0
36,3,31,2025-08-04,200,0
36,3,73,2025-08-04,42,0
36,4,89,2025-08-04,292,1
36,3,83,2025-08-04,105,1
36,2,45,2025-08-04,72,1
36,5,86,2025-08-04,48,0
36,3,19,2025-08-04,179,0
36,3,17,2025-08-04,226,0
37,5,21,2025-08-04,291,0
37,5,82,2025-08-04,234,1
37,2,13,2025-08-04,54,0
37,1,50,2025-08-04,285,1
37,3,1,2025-08-04,57,1
37,3,97,2025-08-04,219,0
37,5,61,2025-08-04,210,1
37,2,22,2025-08-04,278,0
37,1,60,2025-08-04,182,0
37,3,32,2025-08-04,251,1
37,2,80,2025-08-04,169,0
37,5,57,2025-08-04,206,1
38,1,25,2025-08-04,245,0
38,2,22,2025-08-04,296,1
38,4,99,2025-08-04,89,1
38,4,56,2025-08-04,100,1
38,5,41,2025-08-04,85,0
38,2,80,2025-08-04,182,0
38,2,91,2025-08-04,223,0
38,1,98,2025-08-04,210,1
38,5,5,2025-08-04,164,1
38,2,79,2025-08-04,107,1
38,4,11,2025-08-04,300,0
38,1,25,2025-08-04,81,0
39,5,90,2025-08-04,67,0
39,3,33,2025-08-04,158,1
39,2,87,2025-08-04,38,0
39,4,78,2025-08-04,276,0
39,4,89,2025-08-04,125,0
39,2,29,2025-08-04,188,1
39,1,25,2025-08-04,298,0
39,2,69,2025-08-04,42,1
39,2,29,2025-08-04,171,0
39,4,48,2025-08-04,68,1
40,3,19,2025-08-04,233,0
40,3,31,2025-08-04,58,1
40,2,14,2025-08-04,96,0
40,2,13,2025-08-04,134,0
40,1,52,2025-08-04,218,0
40,3,10,2025-08-04,261,0
41,3,32,2025-08-04,292,1
41,4,59,2025-08-04,255,0
41,2,63,2025-08-04,157,0
41,3,93,2025-08-04,113,0
41,4,89,2025-08-04,181,0
41,4,34,2025-08-04,278,0
41,1,60,2025-08-04,54,0
41,4,24,2025-08-04,201,1
42,1,50,2025-08-04,155,0
42,3,83,2025-08-04,209,0
42,2,22,2025-08-04,180,1
42,1,25,2025-08-04,128,0
42,3,93,2025-08-04,229,0
42,3,9,2025-08-04,37,0
42,5,41,2025-08-04,159,0
42,2,22,2025-08-04,298,0
42,4,56,2025-08-04,162,0
42,2,27,2025-08-04,242,0
42,4,24,2025-08-04,128,1
43,5,82,2025-08-04,247,1
43,4,54,2025-08-04,128,1
43,2,74,2025-08-04,194,1
43,4,42,2025-08-04,74,0
43,2,96,2025-08-04,21,1
44,1,95,2025-08-04,35,1
44,3,3,2025-08-04,181,0
44,5,82,2025-08-04,280,1
44,1,52,2025-08-04,177,0
44,3,30,2025-08-04,262,0
44,1,50,2025-08-04,168,0
44,1,12,2025-08-04,286,1
44,4,34,2025-08-04,184,0
44,2,22,2025-08-04,217,1
44,2,13,2025-08-04,127,0
44,2,87,2025-08-04,63,0
45,2,88,2025-08-04,32,0
45,5,21,2025-08-04,210,0
45,3,17,2025-08-04,176,1
45,1,95,2025-08-04,228,0
45,5,58,2025-08-04,75,0
45,3,73,2025-08-04,44,0
45,1,15,2025-08-04,23,1
46,3,4,2025-08-04,267,0
46,3,9,2025-08-04,284,0
46,4,38,2025-08-04,76,1
46,2,35,2025-08-04,275,1
46,2,63,2025-08-04,144,0
47,5,43,2025-08-04,176,0
47,5,82,2025-08-04,140,0
47,4,38,2025-08-04,68,1
47,2,87,2025-08-04,164,0
47,3,65,2025-08-04,258,0
47,4,54,2025-08-04,29,1
47,5,58,2025-08-04,172,0
47,1,52,2025-08-04,105,0
47,2,75,2025-08-04,68,0
47,5,7,2025-08-04,232,1
48,2,27,2025-08-04,114,1
48,4,34,2025-08-04,185,0
48,3,73,2025-08-04,241,0
48,2,88,2025-08-04,93,0
48,4,46,2025-08-04,121,1
48,5,5,2025-08-04,293,0
48,3,17,2025-08-04,114,0
48,5,57,2025-08-04,83,0
48,4,56,2025-08-04,265,0
48,4,54,2025-08-04,250,1
48,3,3,2025-08-04,293,0
48,5,58,2025-08-04,113,0
49,4,48,2025-08-04,223,0
49,4,11,2025-08-04,277,1
49,5,72,2025-08-04,36,1
49,1,15,2025-08-04,91,0
49,2,80,2025-08-04,202,0
49,3,1,2025-08-04,64,0
49,3,1,2025-08-04,109,0
49,3,32,2025-08-04,51,0
49,3,32,2025-08-04,72,0
49,2,79,2025-08-04,74,0
49,2,40,2025-08-04,247,1
50,3,4,2025-08-04,75,0
50,3,83,2025-08-04,265,0
50,3,65,2025-08-04,175,1
50,4,66,2025-08-04,267,0
50,3,31,2025-08-04,295,1
50,1,16,2025-08-04,25,0
50,4,54,2025-08-04,219,0
50,5,84,2025-08-04,65,1
50,4,59,2025-08-04,203,1
1,3,26,2025-08-05,251,1
1,1,52,2025-08-05,112,1
1,4,24,2025-08-05,44,1
1,4,48,2025-08-05,283,1
1,1,53,2025-08-05,299,1
1,1,62,2025-08-05,183,1
1,1,15,2025-08-05,153,1
1,3,26,2025-08-05,255,1
1,5,41,2025-08-05,143,1
1,4,46,2025-08-05,123,1
1,4,48,2025-08-05,184,1
2,1,39,2025-08-05,151,1
2,4,49,2025-08-05,281,1
2,1,16,2025-08-05,192,1
2,4,56,2025-08-05,55,1
2,5,37,2025-08-05,145,1
2,4,76,2025-08-05,283,1
2,4,42,2025-08-05,70,1
2,2,45,2025-08-05,184,1
2,3,32,2025-08-05,128,1
2,2,45,2025-08-05,131,1
2,2,87,2025-08-05,272,1
3,2,18,2025-08-05,172,1
3,5,84,2025-08-05,269,1
3,2,36,2025-08-05,53,1
3,4,89,2025-08-05,160,1
3,5,43,2025-08-05,46,1
3,2,45,2025-08-05,158,1
3,3,33,2025-08-05,110,1
4,4,24,2025-08-05,108,1
4,5,72,2025-08-05,44,1
4,5,57,2025-08-05,231,1
4,5,37,2025-08-05,300,1
4,2,69,2025-08-05,153,1
4,5,82,2025-08-05,114,1
4,2,18,2025-08-05,66,1
4,3,44,2025-08-05,174,1
4,2,40,2025-08-05,94,1
4,5,7,2025-08-05,148,1
5,4,77,2025-08-05,271,1
5,5,61,2025-08-05,40,1
5,5,61,2025-08-05,223,1
5,5,43,2025-08-05,297,1
5,3,31,2025-08-05,280,1
6,3,19,2025-08-05,270,1
6,3,9,2025-08-05,223,1
6,4,100,2025-08-05,135,1
6,3,93,2025-08-05,54,1
6,4,100,2025-08-05,173,1
6,5,21,2025-08-05,184,1
7,1,25,2025-08-05,169,1
7,2,40,2025-08-05,177,1
7,3,4,2025-08-05,113,1
7,3,9,2025-08-05,290,1
7,2,79,2025-08-05,255,1
7,5,72,2025-08-05,51,1
7,4,77,2025-08-05,63,1
7,2,27,2025-08-05,186,1
7,1,98,2025-08-05,181,1
7,1,15,2025-08-05,172,1
7,3,31,2025-08-05,84,1
8,2,74,2025-08-05,137,1
8,4,54,2025-08-05,99,1
8,5,43,2025-08-05,121,1
8,4,48,2025-08-05,81,1
8,1,98,2025-08-05,86,1
8,4,77,2025-08-05,224,1
8,2,74,2025-08-05,269,1
9,3,55,2025-08-05,284,1
9,2,23,2025-08-05,104,1
9,2,74,2025-08-05,150,1
9,3,10,2025-08-05,191,1
9,2,2,2025-08-05,105,1
9,4,20,2025-08-05,25,1
9,3,3,2025-08-05,215,1
9,3,3,2025-08-05,250,1
9,5,58,2025-08-05,149,1
9,4,54,2025-08-05,235,1
9,2,40,2025-08-05,107,1
10,5,82,2025-08-05,297,1
10,3,55,2025-08-05,173,1
10,5,85,2025-08-05,59,1
10,2,23,2025-08-05,209,1
10,1,50,2025-08-05,274,1
10,2,23,2025-08-05,42,1
10,4,48,2025-08-05,244,1
10,5,43,2025-08-05,127,1
10,3,26,2025-08-05,252,1
10,2,29,2025-08-05,67,1
11,4,94,2025-08-05,275,1
11,2,64,2025-08-05,191,1
11,3,1,2025-08-05,28,1
11,3,93,2025-08-05,166,1
11,2,63,2025-08-05,147,1
11,4,94,2025-08-05,161,1
11,4,67,2025-08-05,187,1
11,1,60,2025-08-05,151,1
12,3,6,2025-08-05,269,1
12,5,7,2025-08-05,271,1
12,4,89,2025-08-05,69,1
12,5,37,2025-08-05,174,1
12,2,18,2025-08-05,30,1
12,3,1,2025-08-05,181,1
12,5,43,2025-08-05,194,1
12,3,31,2025-08-05,243,1
12,2,45,2025-08-05,250,1
12,2,96,2025-08-05,45,1
12,5,85,2025-08-05,94,1
12,4,11,2025-08-05,262,1
13,4,94,2025-08-05,39,1
13,4,34,2025-08-05,24,1
13,2,2,2025-08-05,144,1
13,2,79,2025-08-05,146,1
13,2,63,2025-08-05,298,1
13,5,58,2025-08-05,84,1
13,4,46,2025-08-05,166,1
13,4,48,2025-08-05,59,1
14,4,49,2025-08-05,218,1
14,2,51,2025-08-05,54,1
14,4,56,2025-08-05,199,1
14,3,68,2025-08-05,110,1
14,4,99,2025-08-05,201,1
15,4,99,2025-08-05,136,1
15,2,27,2025-08-05,168,1
15,2,40,2025-08-05,83,1
15,1,50,2025-08-05,146,1
15,5,7,2025-08-05,20,1
15,2,80,2025-08-05,252,1
15,2,74,2025-08-05,207,1
15,4,99,2025-08-05,143,1
15,4,99,2025-08-05,24,1
15,5,5,2025-08-05,182,1
15,4,89,2025-08-05,274,1
16,1,98,2025-08-05,127,0
16,4,54,2025-08-05,57,1
16,3,26,2025-08-05,138,0
16,5,5,2025-08-05,192,0
16,1,60,2025-08-05,33,1
16,4,78,2025-08-05,164,0
16,1,50,2025-08-05,197,1
16,1,50,2025-08-05,281,0
16,5,28,2025-08-05,44,1
16,1,52,2025-08-05,110,1
17,5,84,2025-08-05,151,1
17,4,66,2025-08-05,154,0
17,1,52,2025-08-05,38,0
17,2,13,2025-08-05,228,0
17,2,27,2025-08-05,55,1
17,2,63,2025-08-05,175,0
17,5,37,2025-08-05,96,0
17,2,75,2025-08-05,234,1
17,5,21,2025-08-05,137,0
17,4,49,2025-08-05,250,0
17,3,1,2025-08-05,113,0
17,2,14,2025-08-05,142,0
18,3,30,2025-08-05,127,0
18,3,26,2025-08-05,281,1
18,3,33,2025-08-05,293,0
18,3,31,2025-08-05,128,1
18,3,8,2025-08-05,57,0
18,3,4,2025-08-05,263,1
18,3,6,2025-08-05,175,1
18,1,12,2025-08-05,223,0
18,5,41,2025-08-05,35,0
18,5,61,2025-08-05,200,0
18,2,40,2025-08-05,237,0
19,5,28,2025-08-05,60,0
19,4,54,2025-08-05,253,0
19,2,13,2025-08-05,80,1
19,2,40,2025-08-05,170,0
19,4,11,2025-08-05,133,1
19,2,74,2025-08-05,295,1
19,2,79,2025-08-05,66,0
19,5,43,2025-08-05,191,1
19,3,4,2025-08-05,177,0
19,5,57,2025-08-05,103,1
20,1,70,2025-08-05,271,0
20,2,51,2025-08-05,58,0
20,3,19,2025-08-05,289,1
20,2,64,2025-08-05,22,1
20,1,95,2025-08-05,111,0
20,4,66,2025-08-05,237,0
20,2,29,2025-08-05,130,1
20,3,83,2025-08-05,57,0
21,2,69,2025-08-05,167,0
21,3,1,2025-08-05,20,0
21,3,31,2025-08-05,237,1
21,5,84,2025-08-05,168,1
21,3,3,2025-08-05,167,0
22,5,47,2025-08-05,287,0
22,1,15,2025-08-05,55,1
22,2,64,2025-08-05,242,0
22,2,14,2025-08-05,75,0
22,1,25,2025-08-05,69,1
22,1,50,2025-08-05,81,0
22,5,7,2025-08-05,157,1
22,5,47,2025-08-05,156,0
22,2,29,2025-08-05,200,0
22,5,85,2025-08-05,103,1
22,3,26,2025-08-05,64,0
22,5,41,2025-08-05,238,0
23,4,78,2025-08-05,48,0
23,3,44,2025-08-05,144,0
23,3,32,2025-08-05,111,0
23,3,93,2025-08-05,50,0
23,2,91,2025-08-05,52,0
23,3,19,2025-08-05,137,1
24,5,7,2025-08-05,155,0
24,3,4,2025-08-05,267,1
24,1,98,2025-08-05,85,0
24,2,27,2025-08-05,161,0
24,3,83,2025-08-05,31,1
24,5,85,2025-08-05,134,1
24,3,8,2025-08-05,290,0
24,4,100,2025-08-05,192,1
25,2,29,2025-08-05,268,0
25,2,80,2025-08-05,26,0
25,3,55,2025-08-05,193,0
25,1,95,2025-08-05,217,0
25,5,43,2025-08-05,283,1
26,4,54,2025-08-05,96,0
26,2,64,2025-08-05,204,0
26,3,17,2025-08-05,97,0
26,4,20,2025-08-05,41,0
26,5,57,2025-08-05,134,0
27,2,69,2025-08-05,102,1
27,2,92,2025-08-05,285,0
27,2,79,2025-08-05,134,1
27,1,81,2025-08-05,220,1
27,3,9,2025-08-05,188,0
27,1,16,2025-08-05,62,0
27,1,25,2025-08-05,164,0
27,1,53,2025-08-05,59,0
27,4,94,2025-08-05,123,0
27,1,60,2025-08-05,249,0
28,4,89,2025-08-05,159,0
28,2,2,2025-08-05,237,1
28,4,89,2025-08-05,270,0
28,2,40,2025-08-05,185,1
28,2,63,2025-08-05,169,0
28,4,54,2025-08-05,103,0
28,3,73,2025-08-05,271,0
28,3,32,2025-08-05,162,0
29,3,9,2025-08-05,100,0
29,4,99,2025-08-05,38,0
29,4,56,2025-08-05,272,1
29,2,29,2025-08-05,226,0
29,2,51,2025-08-05,162,1
30,4,49,2025-08-05,57,0
30,5,21,2025-08-05,210,1
30,2,51,2025-08-05,224,1
30,2,40,2025-08-05,186,0
30,1,52,2025-08-05,209,0
30,2,87,2025-08-05,74,0
31,3,83,2025-08-05,169,0
31,3,31,2025-08-05,98,0
31,1,15,2025-08-05,96,0
31,1,15,2025-08-05,139,1
31,2,87,2025-08-05,262,0
31,2,27,2025-08-05,210,1
32,1,70,2025-08-05,146,1
32,2,29,2025-08-05,148,1
32,5,84,2025-08-05,299,0
32,3,8,2025-08-05,49,0
32,2,2,2025-08-05,230,0
33,3,65,2025-08-05,105,1
33,5,37,2025-08-05,113,0
33,2,87,2025-08-05,167,1
33,1,81,2025-08-05,98,0
33,5,58,2025-08-05,221,1
33,3,30,2025-08-05,269,0
33,3,44,2025-08-05,65,1
33,3,19,2025-08-05,177,1
34,2,23,2025-08-05,237,0
34,5,41,2025-08-05,275,1
34,4,99,2025-08-05,196,1
34,2,63,2025-08-05,165,1
34,2,23,2025-08-05,236,0
35,1,81,2025-08-05,288,1
35,4,42,2025-08-05,152,0
35,1,50,2025-08-05,298,0
35,4,34,2025-08-05,73,0
35,4,24,2025-08-05,87,0
35,4,76,2025-08-05,24,0
35,3,93,2025-08-05,209,0
35,2,2,2025-08-05,285,0
35,4,89,2025-08-05,235,0
35,3,1,2025-08-05,21,0
35,3,55,2025-08-05,219,0
35,4,99,2025-08-05,152,0
36,5,72,2025-08-05,89,1
36,4,46,2025-08-05,279,0
36,5,47,2025-08-05,109,1
36,2,88,2025-08-05,119,1
36,3,1,2025-08-05,263,0
36,4,66,2025-08-05,251,1
36,2,14,2025-08-05,23,0
36,4,89,2025-08-05,179,0
36,3,9,2025-08-05,48,1
36,1,39,2025-08-05,155,0
36,1,25,2025-08-05,150,0
37,3,65,2025-08-05,123,0
37,5,47,2025-08-05,210,1
37,3,55,2025-08-05,109,0
37,3,6,2025-08-05,112,0
37,4,49,2025-08-05,117,1
37,1,50,2025-08-05,22,0
37,5,72,2025-08-05,255,1
37,2,64,2025-08-05,229,0
38,5,72,2025-08-05,96,0
38,3,1,2025-08-05,111,0
38,3,33,2025-08-05,258,0
38,3,97,2025-08-05,150,1
38,2,29,2025-08-05,151,0
38,4,20,2025-08-05,260,1
39,4,67,2025-08-05,223,0
39,3,44,2025-08-05,225,1
39,4,94,2025-08-05,283,0
39,1,50,2025-08-05,34,0
39,4,94,2025-08-05,152,0
39,2,29,2025-08-05,93,1
39,1,70,2025-08-05,29,0
39,4,94,2025-08-05,159,0
39,2,2,2025-08-05,174,0
39,4,78,2025-08-05,291,0
39,4,99,2025-08-05,131,0
39,5,61,2025-08-05,35,0
40,4,54,2025-08-05,74,1
40,5,58,2025-08-05,207,0
40,2,18,2025-08-05,37,1
40,2,88,2025-08-05,30,0
40,1,98,2025-08-05,202,0
40,3,9,2025-08-05,23,0
40,2,18,2025-08-05,294,1
40,4,42,2025-08-05,22,0
40,4,42,2025-08-05,57,0
40,3,71,2025-08-05,147,1
40,3,71,2025-08-05,125,1
41,2,64,2025-08-05,251,1
41,4,38,2025-08-05,271,1
41,4,56,2025-08-05,52,0
41,1,62,2025-08-05,110,0
41,4,99,2025-08-05,40,0
41,5,72,2025-08-05,140,0
41,5,43,2025-08-05,296,0
42,5,5,2025-08-05,275,0
42,3,10,2025-08-05,138,0
42,3,32,2025-08-05,278,0
42,2,29,2025-08-05,284,0
42,2,36,2025-08-05,137,1
42,3,30,2025-08-05,109,0
42,2,18,2025-08-05,145,0
42,2,18,2025-08-05,60,0
43,2,29,2025-08-05,56,0
43,3,44,2025-08-05,116,1
43,1,53,2025-08-05,46,0
43,4,54,2025-08-05,289,0
43,3,73,2025-08-05,75,1
43,5,86,2025-08-05,23,0
43,5,37,2025-08-05,161,0
43,4,89,2025-08-05,297,1
43,3,9,2025-08-05,169,1
43,2,69,2025-08-05,199,0
43,5,90,2025-08-05,36,0
43,3,73,2025-08-05,282,0
44,2,80,2025-08-05,140,0
44,2,75,2025-08-05,247,0
44,2,14,2025-08-05,152,1
44,4,100,2025-08-05,152,0
44,4,94,2025-08-05,134,0
44,4,56,2025-08-05,36,0
44,1,81,2025-08-05,58,0
44,4,49,2025-08-05,265,0
44,5,37,2025-08-05,79,0
44,3,6,2025-08-05,263,1
44,1,60,2025-08-05,186,1
45,4,94,2025-08-05,244,0
45,4,54,2025-08-05,281,0
45,3,71,2025-08-05,189,0
45,4,94,2025-08-05,89,0
45,1,81,2025-08-05,47,0
46,3,19,2025-08-05,176,1
46,4,34,2025-08-05,275,1
46,2,27,2025-08-05,35,0
46,2,96,2025-08-05,121,1
46,4,46,2025-08-05,126,1
47,5,7,2025-08-05,198,0
47,5,43,2025-08-05,214,0
47,3,68,2025-08-05,74,0
47,2,74,2025-08-05,226,1
47,1,15,2025-08-05,219,1
47,3,4,2025-08-05,187,0
47,5,72,2025-08-05,172,0
47,3,19,2025-08-05,166,0
47,2,35,2025-08-05,82,0
48,4,46,2025-08-05,104,0
48,1,16,2025-08-05,89,1
48,5,84,2025-08-05,251,1
48,5,21,2025-08-05,71,1
48,3,32,2025-08-05,35,0
48,2,22,2025-08-05,54,0
48,3,8,2025-08-05,286,1
49,4,48,2025-08-05,164,0
49,3,19,2025-08-05,81,0
49,1,16,2025-08-05,164,1
49,3,65,2025-08-05,85,0
49,2,2,2025-08-05,219,0
49,5,7,2025-08-05,129,1
49,5,43,2025-08-05,198,1
49,4,24,2025-08-05,275,0
49,3,8,2025-08-05,255,1
49,3,26,2025-08-05,149,0
50,2,36,2025-08-05,168,0
50,4,38,2025-08-05,191,0
50,3,97,2025-08-05,110,1
50,2,14,2025-08-05,270,0
50,2,40,2025-08-05,59,1
1,1,12,2025-08-06,109,1
1,5,58,2025-08-06,174,1
1,2,23,2025-08-06,175,1
1,4,46,2025-08-06,96,1
1,4,59,2025-08-06,260,1
1,2,29,2025-08-06,169,1
1,1,62,2025-08-06,208,1
1,1,60,2025-08-06,109,1
1,3,6,2025-08-06,189,1
2,3,1,2025-08-06,74,1
2,5,61,2025-08-06,169,1
2,1,81,2025-08-06,22,1
2,1,98,2025-08-06,299,1
2,2,45,2025-08-06,297,1
2,4,78,2025-08-06,221,1
2,3,26,2025-08-06,44,1
2,5,61,2025-08-06,78,1
2,2,27,2025-08-06,188,1
3,3,97,2025-08-06,113,1
3,4,67,2025-08-06,142,1
3,1,39,2025-08-06,22,1
3,3,6,2025-08-06,253,1
3,4,77,2025-08-06,49,1
3,2,91,2025-08-06,278,1
3,2,18,2025-08-06,29,1
3,5,57,2025-08-06,48,1
3,3,17,2025-08-06,131,1
3,3,8,2025-08-06,141,1
3,4,38,2025-08-06,37,1
3,2,92,2025-08-06,298,1
4,2,27,2025-08-06,259,1
4,3,10,2025-08-06,249,1
4,3,71,2025-08-06,126,1
4,1,15,2025-08-06,188,1
4,4,76,2025-08-06,158,1
4,2,63,2025-08-06,292,1
4,2,92,2025-08-06,204,1
4,5,41,2025-08-06,77,1
4,1,15,2025-08-06,144,1
4,2,40,2025-08-06,161,1
5,4,42,2025-08-06,254,1
5,2,79,2025-08-06,86,1
5,4,11,2025-08-06,40,1
5,3,73,2025-08-06,293,1
5,5,43,2025-08-06,30,1
5,4,67,2025-08-06,205,1
5,5,41,2025-08-06,209,1
5,3,8,2025-08-06,158,1
5,5,47,2025-08-06,165,1
6,3,68,2025-08-06,30,1
6,2,51,2025-08-06,235,1
6,1,16,2025-08-06,46,1
6,2,69,2025-08-06,288,1
6,1,39,2025-08-06,167,1
6,4,20,2025-08-06,51,1
6,5,82,2025-08-06,179,1
6,2,51,2025-08-06,175,1
6,5,61,2025-08-06,258,1
6,3,26,2025-08-06,27,1
7,2,74,2025-08-06,268,1
7,5,28,2025-08-06,62,1
7,3,31,2025-08-06,127,1
7,1,70,2025-08-06,197,1
7,1,70,2025-08-06,88,1
7,5,21,2025-08-06,204,1
7,2,51,2025-08-06,265,1
8,1,70,2025-08-06,226,1
8,2,35,2025-08-06,286,1
8,5,84,2025-08-06,227,1
8,1,62,2025-08-06,46,1
8,2,40,2025-08-06,252,1
8,2,22,2025-08-06,247,1
8,3,6,2025-08-06,27,1
8,2,63,2025-08-06,236,1
8,3,10,2025-08-06,265,1
8,1,12,2025-08-06,60,1
9,1,15,2025-08-06,107,1
9,5,58,2025-08-06,102,1
9,1,62,2025-08-06,99,1
9,4,49,2025-08-06,162,1
9,2,14,2025-08-06,221,1
10,2,74,2025-08-06,49,1
10,3,10,2025-08-06,27,1
10,2,18,2025-08-06,233,1
10,4,94,2025-08-06,234,1
10,2,63,2025-08-06,153,1
10,4,42,2025-08-06,247,1
10,4,59,2025-08-06,181,1
10,4,20,2025-08-06,252,1
11,3,10,2025-08-06,163,1
11,3,65,2025-08-06,138,1
11,2,27,2025-08-06,249,1
11,1,53,2025-08-06,295,1
11,3,65,2025-08-06,241,1
11,3,17,2025-08-06,36,1
12,3,33,2025-08-06,202,1
12,1,25,2025-08-06,212,1
12,3,65,2025-08-06,100,1
12,4,99,2025-08-06,120,1
12,4,48,2025-08-06,246,1
12,2,80,2025-08-06,154,1
13,4,100,2025-08-06,138,1
13,4,78,2025-08-06,167,1
13,3,4,2025-08-06,27,1
13,4,54,2025-08-06,164,1
13,2,40,2025-08-06,136,1
14,5,41,2025-08-06,127,1
14,5,57,2025-08-06,27,1
14,4,34,2025-08-06,75,1
14,2,96,2025-08-06,51,1
14,5,57,2025-08-06,211,1
14,1,53,2025-08-06,289,1
14,4,77,2025-08-06,219,1
14,3,26,2025-08-06,288,1
15,2,14,2025-08-06,121,1
15,2,79,2025-08-06,93,1
15,5,85,2025-08-06,173,1
15,3,97,2025-08-06,56,1
15,1,39,2025-08-06,43,1
15,3,9,2025-08-06,129,1
15,2,96,2025-08-06,146,1
16,2,79,2025-08-06,54,0
16,3,3,2025-08-06,209,1
16,4,49,2025-08-06,280,1
16,4,56,2025-08-06,261,1
16,1,52,2025-08-06,256,0
16,3,3,2025-08-06,86,0
16,2,40,2025-08-06,207,0
16,1,98,2025-08-06,91,1
16,4,38,2025-08-06,117,1
16,3,33,2025-08-06,113,0
17,2,35,2025-08-06,279,1
17,2,87,2025-08-06,32,0
17,3,1,2025-08-06,258,0
17,2,14,2025-08-06,23,0
17,4,100,2025-08-06,90,0
17,3,3,2025-08-06,81,1
18,2,51,2025-08-06,225,0
18,4,99,2025-08-06,283,1
18,2,75,2025-08-06,225,0
18,3,93,2025-08-06,157,0
18,1,15,2025-08-06,232,1
18,4,76,2025-08-06,230,0
18,3,73,2025-08-06,141,0
18,5,72,2025-08-06,292,0
18,2,18,2025-08-06,65,0
19,2,64,2025-08-06,167,0
19,2,63,2025-08-06,23,1
19,5,37,2025-08-06,166,0
19,3,26,2025-08-06,172,0
19,1,52,2025-08-06,81,0
19,1,95,2025-08-06,102,1
19,3,68,2025-08-06,217,0
20,3,1,2025-08-06,250,0
20,1,16,2025-08-06,69,0
20,2,27,2025-08-06,178,0
20,3,9,2025-08-06,237,0
20,4,66,2025-08-06,69,1
20,3,17,2025-08-06,148,0
20,4,99,2025-08-06,127,0
21,1,16,2025-08-06,289,0
21,1,16,2025-08-06,225,0
21,4,49,2025-08-06,177,0
21,5,58,2025-08-06,252,0
21,3,9,2025-08-06,175,1
21,4,38,2025-08-06,256,1
21,3,9,2025-08-06,53,0
22,1,25,2025-08-06,208,0
22,2,45,2025-08-06,43,1
22,5,41,2025-08-06,191,0
22,2,75,2025-08-06,249,1
22,2,74,2025-08-06,215,0
22,5,61,2025-08-06,22,0
22,5,43,2025-08-06,36,0
22,2,69,2025-08-06,193,1
22,2,80,2025-08-06,92,1
22,3,17,2025-08-06,128,1
23,2,29,2025-08-06,138,0
23,4,42,2025-08-06,179,0
23,2,40,2025-08-06,66,0
23,2,2,2025-08-06,125,1
23,4,46,2025-08-06,254,0
23,5,5,2025-08-06,200,0
23,2,45,2025-08-06,268,1
23,1,53,2025-08-06,211,1
23,5,41,2025-08-06,270,0
23,3,32,2025-08-06,84,0
24,4,48,2025-08-06,129,1
24,2,18,2025-08-06,84,1
24,3,71,2025-08-06,45,0
24,1,52,2025-08-06,167,1
24,3,32,2025-08-06,84,0
24,2,75,2025-08-06,226,0
24,4,76,2025-08-06,84,0
24,1,70,2025-08-06,93,0
24,3,33,2025-08-06,187,1
24,1,15,2025-08-06,64,0
25,4,49,2025-08-06,197,1
25,2,22,2025-08-06,86,1
25,5,28,2025-08-06,22,0
25,1,39,2025-08-06,149,1
25,1,62,2025-08-06,120,0
25,3,8,2025-08-06,53,1
26,5,58,2025-08-06,146,0
26,2,75,2025-08-06,154,1
26,2,75,2025-08-06,225,1
26,2,36,2025-08-06,141,1
26,2,88,2025-08-06,87,1
26,5,86,2025-08-06,48,0
26,1,39,2025-08-06,224,0
26,4,24,2025-08-06,269,0
26,3,31,2025-08-06,115,1
26,3,6,2025-08-06,217,1
27,2,45,2025-08-06,246,0
27,2,14,2025-08-06,80,0
27,2,74,2025-08-06,280,1
27,5,28,2025-08-06,179,0
27,1,98,2025-08-06,35,1
27,1,52,2025-08-06,182,0
27,5,82,2025-08-06,213,0
27,2,64,2025-08-06,154,0
27,2,79,2025-08-06,133,0
27,1,12,2025-08-06,75,0
28,2,88,2025-08-06,53,0
28,3,83,2025-08-06,122,1
28,2,91,2025-08-06,229,0
28,3,33,2025-08-06,244,1
28,2,69,2025-08-06,173,0
28,4,56,2025-08-06,111,0
28,2,35,2025-08-06,139,0
28,1,50,2025-08-06,60,0
28,1,39,2025-08-06,226,0
28,2,40,2025-08-06,107,0
28,2,64,2025-08-06,149,0
28,2,27,2025-08-06,47,1
29,4,56,2025-08-06,224,1
29,5,5,2025-08-06,176,0
29,5,41,2025-08-06,40,0
29,1,98,2025-08-06,102,0
29,4,49,2025-08-06,204,1
30,1,98,2025-08-06,86,0
30,3,6,2025-08-06,114,0
30,2,64,2025-08-06,211,0
30,3,8,2025-08-06,140,1
30,4,89,2025-08-06,297,1
30,2,74,2025-08-06,233,0
30,5,90,2025-08-06,21,1
30,1,25,2025-08-06,274,0
30,4,56,2025-08-06,278,1
30,3,73,2025-08-06,293,0
31,3,65,2025-08-06,126,1
31,2,13,2025-08-06,83,1
31,3,26,2025-08-06,290,0
31,5,58,2025-08-06,31,0
31,2,36,2025-08-06,102,1
31,2,87,2025-08-06,147,0
31,5,58,2025-08-06,77,0
31,2,45,2025-08-06,258,1
31,5,82,2025-08-06,30,0
31,4,89,2025-08-06,77,0
32,4,38,2025-08-06,83,1
32,2,27,2025-08-06,197,0
32,1,81,2025-08-06,95,1
32,2,96,2025-08-06,180,1
32,5,57,2025-08-06,248,0
32,5,7,2025-08-06,96,1
32,4,54,2025-08-06,96,0
32,1,70,2025-08-06,277,1
32,1,15,2025-08-06,104,1
32,4,38,2025-08-06,37,0
32,3,97,2025-08-06,162,0
32,3,71,2025-08-06,67,0
33,5,5,2025-08-06,44,0
33,4,99,2025-08-06,135,0
33,4,99,2025-08-06,114,1
33,4,59,2025-08-06,42,0
33,1,98,2025-08-06,30,0
33,5,43,2025-08-06,39,0
33,5,43,2025-08-06,161,1
33,4,54,2025-08-06,281,1
34,3,44,2025-08-06,157,1
34,3,8,2025-08-06,297,1
34,1,52,2025-08-06,114,1
34,3,9,2025-08-06,203,0
34,1,15,2025-08-06,78,1
34,2,63,2025-08-06,247,1
34,2,45,2025-08-06,78,0
35,2,51,2025-08-06,224,0
35,4,49,2025-08-06,242,1
35,3,44,2025-08-06,32,0
35,4,38,2025-08-06,146,1
35,2,23,2025-08-06,247,0
35,3,71,2025-08-06,26,0
35,4,77,2025-08-06,263,0
35,1,70,2025-08-06,119,0
35,3,32,2025-08-06,26,0
36,5,21,2025-08-06,269,0
36,5,7,2025-08-06,171,0
36,3,31,2025-08-06,117,0
36,5,85,2025-08-06,218,0
36,1,52,2025-08-06,137,1
36,2,13,2025-08-06,237,1
36,4,34,2025-08-06,111,1
36,3,8,2025-08-06,138,1
37,2,2,2025-08-06,161,1
37,3,3,2025-08-06,159,0
37,2,51,2025-08-06,253,1
37,2,22,2025-08-06,65,0
37,4,59,2025-08-06,45,0
38,3,73,2025-08-06,61,0
38,1,70,2025-08-06,244,0
38,3,10,2025-08-06,208,0
38,3,3,2025-08-06,195,1
38,3,4,2025-08-06,124,1
39,3,30,2025-08-06,262,1
39,5,37,2025-08-06,144,0
39,4,100,2025-08-06,61,1
39,2,29,2025-08-06,40,1
39,3,65,2025-08-06,164,0
39,2,92,2025-08-06,280,0
40,5,90,2025-08-06,28,1
40,3,83,2025-08-06,40,0
40,2,27,2025-08-06,237,1
40,4,38,2025-08-06,177,1
40,2,88,2025-08-06,97,1
40,2,96,2025-08-06,154,0
40,4,67,2025-08-06,183,0
40,4,76,2025-08-06,220,0
40,2,69,2025-08-06,56,1
40,3,6,2025-08-06,258,0
41,5,5,2025-08-06,271,0
41,5,57,2025-08-06,296,0
41,5,85,2025-08-06,80,0
41,3,44,2025-08-06,169,0
41,5,82,2025-08-06,54,1
41,5,58,2025-08-06,136,1
41,1,62,2025-08-06,285,0
42,1,39,2025-08-06,105,0
42,3,55,2025-08-06,252,1
42,2,87,2025-08-06,261,1
42,3,93,2025-08-06,112,0
42,1,81,2025-08-06,158,0
42,5,37,2025-08-06,235,1
42,1,16,2025-08-06,212,0
43,2,69,2025-08-06,240,1
43,5,82,2025-08-06,139,0
43,2,27,2025-08-06,75,0
43,5,21,2025-08-06,192,0
43,3,73,2025-08-06,78,1
43,2,22,2025-08-06,187,0
43,4,20,2025-08-06,171,0
43,1,16,2025-08-06,215,1
43,5,7,2025-08-06,27,1
44,1,52,2025-08-06,86,0
44,4,66,2025-08-06,228,0
44,4,49,2025-08-06,248,0
44,3,83,2025-08-06,288,0
44,5,5,2025-08-06,135,0
44,5,47,2025-08-06,139,1
44,5,58,2025-08-06,110,0
45,2,51,2025-08-06,283,1
45,4,48,2025-08-06,46,0
45,1,39,2025-08-06,263,0
45,3,44,2025-08-06,169,1
45,3,97,2025-08-06,201,1
45,5,82,2025-08-06,162,0
45,3,1,2025-08-06,175,1
45,5,7,2025-08-06,78,0
45,3,83,2025-08-06,116,0
46,5,61,2025-08-06,66,1
46,3,33,2025-08-06,293,0
46,3,3,2025-08-06,177,0
46,1,50,2025-08-06,35,1
46,3,93,2025-08-06,82,0
46,2,13,2025-08-06,221,0
46,2,80,2025-08-06,114,1
46,5,86,2025-08-06,44,0
46,2,69,2025-08-06,128,1
46,2,87,2025-08-06,35,0
46,4,99,2025-08-06,263,0
46,3,55,2025-08-06,132,1
47,1,95,2025-08-06,255,1
47,2,63,2025-08-06,150,0
47,1,98,2025-08-06,130,0
47,3,33,2025-08-06,265,1
47,3,10,2025-08-06,33,0
47,3,26,2025-08-06,149,0
47,3,17,2025-08-06,63,0
47,1,98,2025-08-06,101,1
47,5,57,2025-08-06,160,0
47,3,93,2025-08-06,119,1
48,4,56,2025-08-06,33,0
48,1,50,2025-08-06,283,0
48,5,43,2025-08-06,46,1
48,1,81,2025-08-06,279,0
48,3,6,2025-08-06,153,0
48,5,43,2025-08-06,32,0
49,2,92,2025-08-06,46,0
49,5,86,2025-08-06,30,1
49,4,20,2025-08-06,263,0
49,3,73,2025-08-06,137,0
49,4,49,2025-08-06,252,1
49,2,69,2025-08-06,138,0
50,4,76,2025-08-06,202,0
50,2,96,2025-08-06,225,0
50,2,64,2025-08-06,220,1
50,1,25,2025-08-06,176,0
50,3,8,2025-08-06,185,1
1,2,63,2025-08-07,45,1
1,3,65,2025-08-07,212,1
1,3,55,2025-08-07,93,1
1,2,23,2025-08-07,200,1
1,1,95,2025-08-07,87,1
2,3,19,2025-08-07,164,1
2,2,18,2025-08-07,84,1
2,5,21,2025-08-07,281,1
2,2,14,2025-08-07,291,1
2,1,60,2025-08-07,73,1
2,2,92,2025-08-07,218,1
2,4,56,2025-08-07,151,1
2,2,74,2025-08-07,37,1
2,4,34,2025-08-07,63,1
2,3,71,2025-08-07,62,1
2,2,35,2025-08-07,297,1
3,4,38,2025-08-07,48,1
3,1,53,2025-08-07,23,1
3,1,39,2025-08-07,101,1
3,5,57,2025-08-07,300,1
3,4,99,2025-08-07,130,1
4,3,44,2025-08-07,149,1
4,5,7,2025-08-07,124,1
4,4,99,2025-08-07,231,1
4,2,27,2025-08-07,105,1
4,2,69,2025-08-07,160,1
4,2,51,2025-08-07,263,1
4,2,91,2025-08-07,157,1
4,2,45,2025-08-07,224,1
4,2,14,2025-08-07,28,1
4,1,62,2025-08-07,105,1
5,2,88,2025-08-07,133,1
5,5,28,2025-08-07,53,1
5,2,80,2025-08-07,60,1
5,3,19,2025-08-07,133,1
5,1,53,2025-08-07,26,1
5,2,80,2025-08-07,296,1
6,3,31,2025-08-07,117,1
6,1,39,2025-08-07,230,1
6,2,14,2025-08-07,100,1
6,2,29,2025-08-07,189,1
6,5,5,2025-08-07,31,1
6,4,38,2025-08-07,147,1
6,5,7,2025-08-07,95,1
6,4,46,2025-08-07,190,1
6,4,59,2025-08-07,219,1
6,3,4,2025-08-07,146,1
6,2,64,2025-08-07,106,1
7,5,7,2025-08-07,248,1
7,2,36,2025-08-07,133,1
7,2,27,2025-08-07,219,1
7,4,67,2025-08-07,90,1
7,5,43,2025-08-07,284,1
8,4,24,2025-08-07,279,1
8,2,22,2025-08-07,89,1
8,3,10,2025-08-07,150,1
8,2,40,2025-08-07,175,1
8,3,3,2025-08-07,126,1
8,3,55,2025-08-07,34,1
8,1,39,2025-08-07,96,1
8,1,39,2025-08-07,271,1
8,2,92,2025-08-07,117,1
8,1,16,2025-08-07,214,1
9,1,81,2025-08-07,23,1
9,4,42,2025-08-07,156,1
9,1,95,2025-08-07,212,1
9,1,12,2025-08-07,50,1
9,1,25,2025-08-07,271,1
9,4,89,2025-08-07,73,1
9,4,34,2025-08-07,285,1
9,5,41,2025-08-07,254,1
10,5,84,2025-08-07,47,1
10,2,87,2025-08-07,260,1
10,1,81,2025-08-07,134,1
10,1,70,2025-08-07,71,1
10,4,67,2025-08-07,165,1
10,4,24,2025-08-07,273,1
10,1,25,2025-08-07,270,1
10,3,9,2025-08-07,75,1
10,4,54,2025-08-07,209,1
11,3,97,2025-08-07,294,1
11,4,100,2025-08-07,164,1
11,2,92,2025-08-07,65,1
11,1,60,2025-08-07,46,1
11,2,79,2025-08-07,160,1
11,1,60,2025-08-07,172,1
11,5,61,2025-08-07,78,1
11,2,23,2025-08-07,74,1
11,1,50,2025-08-07,292,1
11,2,69,2025-08-07,281,1
11,4,67,2025-08-07,91,1
12,5,90,2025-08-07,89,1
12,3,33,2025-08-07,155,1
12,3,10,2025-08-07,122,1
12,4,42,2025-08-07,284,1
12,2,35,2025-08-07,102,1
12,2,18,2025-08-07,246,1
12,4,77,2025-08-07,256,1
12,2,88,2025-08-07,154,1
12,2,51,2025-08-07,300,1
12,2,91,2025-08-07,271,1
13,2,2,2025-08-07,234,1
13,3,65,2025-08-07,62,1
13,2,69,2025-08-07,132,1
13,4,76,2025-08-07,142,1
13,3,73,2025-08-07,65,1
13,5,82,2025-08-07,298,1
13,2,92,2025-08-07,155,1
13,2,63,2025-08-07,168,1
13,3,1,2025-08-07,126,1
13,2,22,2025-08-07,292,1
14,3,9,2025-08-07,167,1
14,3,73,2025-08-07,99,1
14,4,78,2025-08-07,210,1
14,3,4,2025-08-07,290,1
14,5,28,2025-08-07,135,1
14,2,29,2025-08-07,112,1
14,5,90,2025-08-07,241,1
14,3,30,2025-08-07,20,1
14,4,100,2025-08-07,48,1
14,2,45,2025-08-07,66,1
15,1,52,2025-08-07,214,1
15,4,66,2025-08-07,184,1
15,2,36,2025-08-07,185,1
15,2,27,2025-08-07,284,1
15,3,1,2025-08-07,44,1
15,2,79,2025-08-07,213,1
15,4,46,2025-08-07,219,1
15,2,35,2025-08-07,297,1
15,2,45,2025-08-07,212,1
16,3,71,2025-08-07,262,1
16,3,30,2025-08-07,131,0
16,2,18,2025-08-07,164,0
16,3,93,2025-08-07,35,0
16,3,93,2025-08-07,186,1
17,5,86,2025-08-07,271,0
17,2,96,2025-08-07,63,0
17,2,40,2025-08-07,298,1
17,2,45,2025-08-07,175,0
17,5,58,2025-08-07,203,0
17,5,82,2025-08-07,262,0
17,3,73,2025-08-07,251,0
17,4,38,2025-08-07,135,1
18,4,99,2025-08-07,223,0
18,3,26,2025-08-07,63,0
18,3,73,2025-08-07,177,0
18,4,20,2025-08-07,214,1
18,3,71,2025-08-07,159,0
18,5,7,2025-08-07,172,0
18,3,1,2025-08-07,78,0
18,3,73,2025-08-07,21,0
19,2,35,2025-08-07,83,1
19,3,9,2025-08-07,150,1
19,3,30,2025-08-07,32,0
19,4,48,2025-08-07,236,0
19,3,93,2025-08-07,149,1
19,3,26,2025-08-07,174,0
19,2,69,2025-08-07,198,0
19,3,33,2025-08-07,54,1
19,1,12,2025-08-07,180,0
19,2,88,2025-08-07,277,0
19,1,12,2025-08-07,35,1
20,3,44,2025-08-07,130,1
20,1,70,2025-08-07,226,1
20,5,57,2025-08-07,114,0
20,2,29,2025-08-07,257,1
20,4,46,2025-08-07,220,0
20,1,95,2025-08-07,267,0
20,5,21,2025-08-07,298,0
20,4,49,2025-08-07,100,0
20,2,18,2025-08-07,264,1
20,2,18,2025-08-07,35,0
21,5,90,2025-08-07,253,0
21,5,58,2025-08-07,137,0
21,2,80,2025-08-07,184,0
21,1,81,2025-08-07,277,0
21,3,3,2025-08-07,300,0
21,3,33,2025-08-07,77,0
21,4,89,2025-08-07,64,0
22,4,99,2025-08-07,49,0
22,2,36,2025-08-07,85,0
22,3,30,2025-08-07,206,0
22,2,18,2025-08-07,147,0
22,5,5,2025-08-07,247,1
22,3,65,2025-08-07,71,1
22,3,17,2025-08-07,158,1
22,1,62,2025-08-07,289,0
22,1,16,2025-08-07,98,1
22,2,23,2025-08-07,204,1
22,1,81,2025-08-07,69,0
23,2,18,2025-08-07,106,1
23,5,7,2025-08-07,197,0
23,5,90,2025-08-07,99,1
23,4,42,2025-08-07,183,1
23,2,74,2025-08-07,41,0
23,4,99,2025-08-07,39,0
24,2,51,2025-08-07,196,0
24,5,7,2025-08-07,123,1
24,3,10,2025-08-07,214,0
24,1,12,2025-08-07,183,1
24,1,53,2025-08-07,35,0
25,4,34,2025-08-07,250,1
25,5,84,2025-08-07,116,0
25,4,42,2025-08-07,281,0
25,5,72,2025-08-07,219,0
25,3,30,2025-08-07,56,0
25,3,68,2025-08-07,59,0
26,5,47,2025-08-07,209,0
26,1,53,2025-08-07,111,1
26,4,56,2025-08-07,29,1
26,1,53,2025-08-07,208,1
26,3,30,2025-08-07,74,0
26,3,4,2025-08-07,57,0
26,2,27,2025-08-07,103,0
26,4,38,2025-08-07,159,0
26,4,59,2025-08-07,274,0
26,3,55,2025-08-07,165,0
26,3,83,2025-08-07,46,1
26,1,52,2025-08-07,281,0
27,1,12,2025-08-07,64,0
27,3,33,2025-08-07,121,0
27,3,97,2025-08-07,23,0
27,2,79,2025-08-07,246,0
27,5,28,2025-08-07,66,1
27,4,99,2025-08-07,62,1
28,2,36,2025-08-07,26,0
28,5,90,2025-08-07,246,0
28,5,82,2025-08-07,197,0
28,3,17,2025-08-07,131,1
28,3,71,2025-08-07,294,1
28,2,87,2025-08-07,145,0
28,3,26,2025-08-07,206,0
28,3,9,2025-08-07,142,0
28,5,57,2025-08-07,46,0
28,3,68,2025-08-07,101,0
28,3,32,2025-08-07,45,0
29,2,75,2025-08-07,77,0
29,1,53,2025-08-07,232,1
29,2,74,2025-08-07,74,0
29,5,72,2025-08-07,156,0
29,3,97,2025-08-07,162,1
30,1,98,2025-08-07,255,1
30,2,36,2025-08-07,25,0
30,2,79,2025-08-07,194,1
30,3,19,2025-08-07,25,0
30,2,27,2025-08-07,188,0
30,5,90,2025-08-07,78,0
30,2,75,2025-08-07,208,0
30,2,14,2025-08-07,113,1
30,5,5,2025-08-07,223,0
30,4,54,2025-08-07,202,1
30,1,60,2025-08-07,162,0
30,4,34,2025-08-07,137,0
31,4,34,2025-08-07,126,0
31,4,67,2025-08-07,251,0
31,2,75,2025-08-07,221,1
31,1,81,2025-08-07,54,0
31,2,87,2025-08-07,189,1
31,2,75,2025-08-07,51,1
31,2,88,2025-08-07,49,0
31,1,60,2025-08-07,107,0
32,2,74,2025-08-07,124,1
32,4,56,2025-08-07,187,1
32,2,35,2025-08-07,150,0
32,4,67,2025-08-07,230,0
32,2,22,2025-08-07,129,0
32,5,21,2025-08-07,246,0
32,4,99,2025-08-07,261,0
32,4,38,2025-08-07,84,1
33,3,31,2025-08-07,171,0
33,4,11,2025-08-07,22,0
33,3,93,2025-08-07,223,0
33,5,41,2025-08-07,88,1
33,2,63,2025-08-07,208,0
33,5,72,2025-08-07,87,1
34,3,83,2025-08-07,120,0
34,3,73,2025-08-07,21,0
34,5,37,2025-08-07,261,0
34,1,95,2025-08-07,121,0
34,4,66,2025-08-07,225,0
34,3,32,2025-08-07,115,1
34,2,22,2025-08-07,201,0
34,5,90,2025-08-07,203,0
35,3,65,2025-08-07,204,1
35,2,14,2025-08-07,211,0
35,4,100,2025-08-07,67,1
35,5,82,2025-08-07,102,0
35,2,80,2025-08-07,156,0
35,5,58,2025-08-07,221,0
35,4,48,2025-08-07,144,1
35,3,44,2025-08-07,209,0
35,5,57,2025-08-07,268,0
35,5,43,2025-08-07,164,0
35,4,94,2025-08-07,161,0
36,2,40,2025-08-07,271,0
36,2,13,2025-08-07,190,0
36,1,12,2025-08-07,128,1
36,3,4,2025-08-07,284,1
36,3,26,2025-08-07,74,1
36,2,87,2025-08-07,116,0
36,1,39,2025-08-07,164,0
36,3,3,2025-08-07,107,1
36,2,27,2025-08-07,104,1
36,1,70,2025-08-07,280,1
36,4,46,2025-08-07,183,1
37,2,18,2025-08-07,276,1
37,4,46,2025-08-07,165,1
37,3,4,2025-08-07,73,1
37,4,46,2025-08-07,264,1
37,5,61,2025-08-07,297,0
37,3,73,2025-08-07,166,1
37,4,77,2025-08-07,76,0
37,1,25,2025-08-07,225,0
37,2,45,2025-08-07,24,0
38,2,40,2025-08-07,89,1
38,3,97,2025-08-07,210,1
38,5,57,2025-08-07,268,0
38,4,54,2025-08-07,83,1
38,3,1,2025-08-07,279,1
38,1,81,2025-08-07,81,1
38,4,42,2025-08-07,156,0
38,4,11,2025-08-07,107,0
39,5,7,2025-08-07,276,0
39,2,29,2025-08-07,70,1
39,5,85,2025-08-07,280,0
39,4,59,2025-08-07,157,0
39,1,12,2025-08-07,34,0
40,2,45,2025-08-07,41,0
40,3,97,2025-08-07,294,0
40,2,22,2025-08-07,57,0
40,2,79,2025-08-07,180,0
40,3,55,2025-08-07,293,1
40,1,50,2025-08-07,63,1
40,5,84,2025-08-07,262,1
40,4,99,2025-08-07,76,0
40,5,82,2025-08-07,126,1
40,3,19,2025-08-07,285,0
41,3,6,2025-08-07,226,0
41,4,66,2025-08-07,214,0
41,5,37,2025-08-07,290,0
41,2,40,2025-08-07,156,0
41,1,62,2025-08-07,94,1
42,1,12,2025-08-07,139,0
42,1,39,2025-08-07,293,0
42,1,62,2025-08-07,118,0
42,1,50,2025-08-07,28,1
42,5,7,2025-08-07,169,1
42,5,5,2025-08-07,231,0
42,5,86,2025-08-07,236,0
42,2,27,2025-08-07,179,0
42,3,71,2025-08-07,137,0
42,4,78,2025-08-07,70,0
43,4,42,2025-08-07,279,0
43,1,53,2025-08-07,111,1
43,3,3,2025-08-07,294,1
43,1,62,2025-08-07,163,0
43,3,73,2025-08-07,106,0
44,2,75,2025-08-07,220,0
44,3,9,2025-08-07,125,0
44,5,28,2025-08-07,188,1
44,3,33,2025-08-07,182,0
44,4,76,2025-08-07,132,0
44,4,38,2025-08-07,232,1
45,4,46,2025-08-07,257,0
45,3,32,2025-08-07,107,1
45,2,63,2025-08-07,51,0
45,4,34,2025-08-07,127,1
45,5,47,2025-08-07,36,0
45,5,41,2025-08-07,261,0
45,5,47,2025-08-07,276,1
45,5,86,2025-08-07,256,0
45,1,62,2025-08-07,219,0
45,2,80,2025-08-07,205,1
45,2,74,2025-08-07,127,0
45,4,46,2025-08-07,24,0
46,2,2,2025-08-07,210,0
46,3,65,2025-08-07,77,1
46,1,60,2025-08-07,266,0
46,3,31,2025-08-07,57,1
46,1,70,2025-08-07,288,0
46,2,27,2025-08-07,298,0
46,3,1,2025-08-07,282,0
46,1,12,2025-08-07,289,0
46,5,84,2025-08-07,89,0
46,4,59,2025-08-07,202,1
46,2,35,2025-08-07,288,1
47,3,73,2025-08-07,238,0
47,5,7,2025-08-07,205,1
47,3,71,2025-08-07,234,1
47,3,65,2025-08-07,198,1
47,4,34,2025-08-07,185,1
47,3,6,2025-08-07,178,1
47,1,60,2025-08-07,108,0
47,3,17,2025-08-07,67,0
48,5,41,2025-08-07,190,1
48,3,10,2025-08-07,209,0
48,2,13,2025-08-07,67,0
48,3,19,2025-08-07,202,0
48,4,38,2025-08-07,60,1
48,4,89,2025-08-07,33,0
48,2,2,2025-08-07,278,1
49,2,14,2025-08-07,295,0
49,3,97,2025-08-07,183,0
49,2,27,2025-08-07,183,1
49,4,100,2025-08-07,154,1
49,5,72,2025-08-07,105,0
49,3,44,2025-08-07,123,0
49,2,80,2025-08-07,76,0
50,2,63,2025-08-07,72,0
50,3,31,2025-08-07,105,1
50,2,87,2025-08-07,130,0
50,3,26,2025-08-07,86,1
50,5,86,2025-08-07,149,0
50,2,91,2025-08-07,240,0
50,5,84,2025-08-07,102,0
50,2,22,2025-08-07,139,0
50,2,13,2025-08-07,107,0
50,2,63,2025-08-07,203,0
50,2,75,2025-08-07,37,1
50,2,2,2025-08-07,99,1
1,5,84,2025-08-08,188,1
1,1,60,2025-08-08,220,1
1,2,45,2025-08-08,54,1
1,1,70,2025-08-08,153,1
1,3,26,2025-08-08,121,1
1,2,80,2025-08-08,242,1
1,4,49,2025-08-08,144,1
1,2,23,2025-08-08,125,1
1,2,29,2025-08-08,27,1
1,3,9,2025-08-08,161,1
1,2,80,2025-08-08,278,1
2,3,44,2025-08-08,34,1
2,5,86,2025-08-08,116,1
2,4,77,2025-08-08,112,1
2,2,74,2025-08-08,70,1
2,2,18,2025-08-08,64,1
2,3,31,2025-08-08,99,1
3,3,30,2025-08-08,249,1
3,3,3,2025-08-08,293,1
3,5,47,2025-08-08,293,1
3,1,62,2025-08-08,164,1
3,3,8,2025-08-08,116,1
3,5,85,2025-08-08,126,1
3,2,29,2025-08-08,154,1
4,1,62,2025-08-08,27,1
4,2,27,2025-08-08,31,1
4,2,79,2025-08-08,105,1
4,2,79,2025-08-08,136,1
4,5,82,2025-08-08,159,1
4,3,26,2025-08-08,291,1
4,4,49,2025-08-08,240,1
4,3,6,2025-08-08,157,1
4,4,34,2025-08-08,133,1
4,5,85,2025-08-08,275,1
5,3,71,2025-08-08,167,1
5,5,5,2025-08-08,251,1
5,5,47,2025-08-08,213,1
5,2,69,2025-08-08,55,1
5,2,64,2025-08-08,191,1
5,5,84,2025-08-08,243,1
5,2,35,2025-08-08,288,1
5,5,86,2025-08-08,118,1
5,1,62,2025-08-08,112,1
5,2,13,2025-08-08,294,1
6,3,9,2025-08-08,143,1
6,2,51,2025-08-08,300,1
6,3,1,2025-08-08,226,1
6,5,85,2025-08-08,115,1
6,3,32,2025-08-08,234,1
6,5,82,2025-08-08,123,1
6,3,31,2025-08-08,289,1
6,2,23,2025-08-08,145,1
7,4,78,2025-08-08,139,1
7,2,69,2025-08-08,174,1
7,2,18,2025-08-08,50,1
7,2,22,2025-08-08,109,1
7,2,92,2025-08-08,177,1
7,2,74,2025-08-08,172,1
7,4,49,2025-08-08,35,1
7,1,25,2025-08-08,163,1
7,5,21,2025-08-08,53,1
7,5,61,2025-08-08,193,1
8,2,74,2025-08-08,57,1
8,4,11,2025-08-08,168,1
8,3,30,2025-08-08,118,1
8,4,24,2025-08-08,225,1
8,1,12,2025-08-08,295,1
8,2,18,2025-08-08,207,1
8,2,36,2025-08-08,140,1
9,2,36,2025-08-08,38,1
9,2,92,2025-08-08,248,1
9,2,45,2025-08-08,295,1
9,2,2,2025-08-08,45,1
9,4,78,2025-08-08,40,1
9,2,63,2025-08-08,287,1
9,1,81,2025-08-08,186,1
9,1,15,2025-08-08,92,1
9,2,51,2025-08-08,37,1
9,2,45,2025-08-08,228,1
9,2,87,2025-08-08,262,1
9,4,49,2025-08-08,240,1
10,5,41,2025-08-08,145,1
10,4,59,2025-08-08,47,1
10,2,69,2025-08-08,204,1
10,5,82,2025-08-08,37,1
10,5,57,2025-08-08,60,1
10,2,40,2025-08-08,213,1
10,3,97,2025-08-08,58,1
10,1,60,2025-08-08,116,1
11,3,65,2025-08-08,217,1
11,2,79,2025-08-08,234,1
11,2,80,2025-08-08,42,1
11,4,49,2025-08-08,189,1
11,2,29,2025-08-08,165,1
11,2,87,2025-08-08,93,1
11,4,24,2025-08-08,293,1
11,5,82,2025-08-08,252,1
11,5,85,2025-08-08,56,1
11,1,12,2025-08-08,250,1
11,5,85,2025-08-08,250,1
12,1,25,2025-08-08,210,1
12,2,45,2025-08-08,190,1
12,5,37,2025-08-08,159,1
12,4,76,2025-08-08,125,1
12,4,76,2025-08-08,91,1
12,2,13,2025-08-08,160,1
12,2,63,2025-08-08,268,1
12,4,46,2025-08-08,61,1
12,2,14,2025-08-08,93,1
13,3,17,2025-08-08,277,1
13,2,92,2025-08-08,229,1
13,4,67,2025-08-08,159,1
13,3,65,2025-08-08,52,1
13,3,17,2025-08-08,119,1
14,3,4,2025-08-08,238,1
14,3,32,2025-08-08,28,1
14,2,79,2025-08-08,86,1
14,5,85,2025-08-08,282,1
14,3,31,2025-08-08,84,1
15,2,36,2025-08-08,53,1
15,4,66,2025-08-08,293,1
15,3,33,2025-08-08,269,1
15,5,37,2025-08-08,60,1
15,3,83,2025-08-08,138,1
15,1,98,2025-08-08,35,1
15,4,77,2025-08-08,206,1
15,2,45,2025-08-08,183,1
16,3,17,2025-08-08,92,0
16,2,63,2025-08-08,62,0
16,4,89,2025-08-08,194,0
16,4,89,2025-08-08,299,0
16,2,18,2025-08-08,251,0
16,2,69,2025-08-08,77,1
17,5,28,2025-08-08,222,1
17,5,57,2025-08-08,257,0
17,3,3,2025-08-08,298,0
17,3,31,2025-08-08,259,1
17,1,25,2025-08-08,99,1
18,3,71,2025-08-08,194,1
18,2,79,2025-08-08,171,0
18,3,55,2025-08-08,142,0
18,5,47,2025-08-08,185,0
18,4,66,2025-08-08,260,1
18,5,72,2025-08-08,241,0
18,3,55,2025-08-08,174,0
18,5,86,2025-08-08,60,0
18,3,97,2025-08-08,54,0
18,5,58,2025-08-08,122,0
18,3,83,2025-08-08,292,1
18,1,70,2025-08-08,206,0
19,2,14,2025-08-08,231,0
19,5,37,2025-08-08,206,0
19,3,68,2025-08-08,177,0
19,4,46,2025-08-08,53,0
19,2,40,2025-08-08,200,0
19,5,37,2025-08-08,289,0
19,2,23,2025-08-08,159,0
19,4,100,2025-08-08,65,1
19,2,45,2025-08-08,40,0
19,2,14,2025-08-08,177,0
19,1,62,2025-08-08,240,0
19,3,26,2025-08-08,99,1
20,3,3,2025-08-08,260,0
20,5,43,2025-08-08,87,0
20,2,35,2025-08-08,227,1
20,5,28,2025-08-08,233,0
20,3,26,2025-08-08,209,1
20,5,28,2025-08-08,254,1
20,1,15,2025-08-08,101,1
20,4,46,2025-08-08,145,1
20,1,25,2025-08-08,45,0
20,4,59,2025-08-08,275,0
20,2,51,2025-08-08,289,0
20,3,19,2025-08-08,272,1
21,2,45,2025-08-08,153,0
21,5,7,2025-08-08,121,0
21,3,17,2025-08-08,299,0
21,2,92,2025-08-08,260,0
21,3,1,2025-08-08,139,1
21,2,87,2025-08-08,54,1
22,2,96,2025-08-08,188,0
22,5,5,2025-08-08,159,0
22,4,94,2025-08-08,244,0
22,4,76,2025-08-08,265,0
22,4,46,2025-08-08,208,1
22,2,74,2025-08-08,235,1
23,3,9,2025-08-08,259,0
23,2,29,2025-08-08,39,0
23,4,24,2025-08-08,195,1
23,4,59,2025-08-08,233,0
23,1,12,2025-08-08,250,1
23,5,21,2025-08-08,100,1
23,1,53,2025-08-08,73,0
23,2,63,2025-08-08,180,0
23,3,6,2025-08-08,163,1
23,2,18,2025-08-08,285,1
23,4,24,2025-08-08,88,1
23,5,5,2025-08-08,70,0
24,5,28,2025-08-08,110,0
24,3,31,2025-08-08,21,0
24,4,100,2025-08-08,53,0
24,4,67,2025-08-08,128,1
24,4,77,2025-08-08,296,0
24,4,48,2025-08-08,286,0
24,2,36,2025-08-08,98,0
24,3,8,2025-08-08,111,1
24,5,37,2025-08-08,249,0
25,2,40,2025-08-08,218,0
25,4,100,2025-08-08,43,0
25,4,67,2025-08-08,285,0
25,1,50,2025-08-08,217,0
25,2,23,2025-08-08,239,0
25,2,40,2025-08-08,241,0
25,4,78,2025-08-08,146,1
25,3,9,2025-08-08,184,0
26,1,53,2025-08-08,292,1
26,1,81,2025-08-08,27,1
26,4,11,2025-08-08,161,0
26,2,29,2025-08-08,124,0
26,5,41,2025-08-08,69,1
26,2,51,2025-08-08,262,0
26,2,87,2025-08-08,282,1
26,3,44,2025-08-08,260,1
26,2,69,2025-08-08,200,1
27,5,85,2025-08-08,158,1
27,4,34,2025-08-08,114,0
27,5,82,2025-08-08,293,0
27,2,74,2025-08-08,29,1
27,5,82,2025-08-08,260,0
27,2,18,2025-08-08,95,0
27,2,13,2025-08-08,101,0
27,1,25,2025-08-08,82,0
27,3,68,2025-08-08,96,0
27,2,74,2025-08-08,51,0
27,1,25,2025-08-08,272,0
27,1,50,2025-08-08,122,0
28,1,15,2025-08-08,54,1
28,2,80,2025-08-08,179,0
28,4,67,2025-08-08,215,0
28,1,81,2025-08-08,37,0
28,2,91,2025-08-08,78,0
28,3,65,2025-08-08,71,0
28,1,62,2025-08-08,28,1
28,4,100,2025-08-08,30,0
28,2,18,2025-08-08,299,1
29,3,3,2025-08-08,200,0
29,4,24,2025-08-08,251,0
29,2,91,2025-08-08,146,0
29,4,100,2025-08-08,154,0
29,3,1,2025-08-08,188,0
29,3,97,2025-08-08,63,0
29,3,97,2025-08-08,206,0
29,3,26,2025-08-08,285,0
29,1,39,2025-08-08,98,0
29,3,3,2025-08-08,199,0
29,3,83,2025-08-08,149,0
30,3,71,2025-08-08,172,1
30,4,99,2025-08-08,55,0
30,1,25,2025-08-08,283,0
30,2,79,2025-08-08,160,0
30,3,30,2025-08-08,292,1
30,5,37,2025-08-08,110,0
30,5,85,2025-08-08,98,0
30,3,97,2025-08-08,40,0
30,2,51,2025-08-08,270,1
30,3,93,2025-08-08,139,0
31,4,77,2025-08-08,191,0
31,4,49,2025-08-08,173,1
31,5,82,2025-08-08,118,0
31,5,47,2025-08-08,122,0
31,2,27,2025-08-08,35,0
32,4,78,2025-08-08,225,0
32,2,92,2025-08-08,279,1
32,3,44,2025-08-08,79,1
32,2,88,2025-08-08,167,0
32,5,58,2025-08-08,200,1
32,3,6,2025-08-08,280,1
32,2,23,2025-08-08,203,1
32,3,3,2025-08-08,83,1
32,3,93,2025-08-08,80,0
32,3,6,2025-08-08,237,1
32,4,11,2025-08-08,252,1
33,1,25,2025-08-08,33,1
33,3,31,2025-08-08,242,1
33,5,41,2025-08-08,92,0
33,5,21,2025-08-08,262,1
33,4,78,2025-08-08,248,0
33,3,30,2025-08-08,225,0
33,3,8,2025-08-08,260,0
33,2,45,2025-08-08,279,1
33,3,26,2025-08-08,83,0
34,5,86,2025-08-08,182,0
34,2,27,2025-08-08,204,1
34,5,28,2025-08-08,163,0
34,2,92,2025-08-08,89,1
34,3,31,2025-08-08,40,0
35,2,29,2025-08-08,118,0
35,4,48,2025-08-08,210,1
35,4,76,2025-08-08,281,1
35,1,62,2025-08-08,227,1
35,2,79,2025-08-08,231,0
35,5,72,2025-08-08,171,0
35,3,68,2025-08-08,282,0
36,5,28,2025-08-08,42,1
36,1,12,2025-08-08,27,0
36,3,44,2025-08-08,258,0
36,5,5,2025-08-08,156,0
36,5,5,2025-08-08,87,0
36,3,71,2025-08-08,207,0
36,3,8,2025-08-08,104,1
36,4,20,2025-08-08,77,1
37,3,4,2025-08-08,273,1
37,1,62,2025-08-08,155,1
37,2,14,2025-08-08,38,0
37,4,11,2025-08-08,263,1
37,2,74,2025-08-08,168,0
37,3,8,2025-08-08,122,0
37,2,18,2025-08-08,55,0
37,1,98,2025-08-08,230,1
38,2,87,2025-08-08,85,1
38,5,28,2025-08-08,300,0
38,3,71,2025-08-08,239,0
38,3,97,2025-08-08,107,0
38,3,97,2025-08-08,194,1
38,4,78,2025-08-08,161,0
38,4,46,2025-08-08,259,1
38,5,84,2025-08-08,215,0
38,2,69,2025-08-08,103,0
38,5,90,2025-08-08,169,0
38,4,94,2025-08-08,222,0
38,2,69,2025-08-08,81,0
39,2,45,2025-08-08,110,0
39,5,41,2025-08-08,225,1
39,3,19,2025-08-08,286,1
39,3,6,2025-08-08,42,0
39,5,61,2025-08-08,183,0
39,5,43,2025-08-08,210,0
39,3,93,2025-08-08,101,0
39,2,79,2025-08-08,110,1
39,3,6,2025-08-08,99,0
39,1,81,2025-08-08,105,0
39,4,89,2025-08-08,62,1
40,4,56,2025-08-08,246,0
40,3,26,2025-08-08,197,0
40,4,34,2025-08-08,175,0
40,1,95,2025-08-08,200,0
40,5,43,2025-08-08,119,0
40,3,33,2025-08-08,185,0
40,4,56,2025-08-08,197,0
40,1,12,2025-08-08,190,0
40,4,67,2025-08-08,118,0
40,2,22,2025-08-08,209,1
40,3,55,2025-08-08,241,0
41,3,32,2025-08-08,87,0
41,1,50,2025-08-08,52,0
41,2,27,2025-08-08,210,0
41,5,61,2025-08-08,25,1
41,3,33,2025-08-08,121,1
41,4,94,2025-08-08,235,1
41,3,65,2025-08-08,20,1
41,2,27,2025-08-08,76,0
42,4,94,2025-08-08,221,0
42,4,20,2025-08-08,69,0
42,3,1,2025-08-08,260,1
42,5,61,2025-08-08,52,1
42,2,35,2025-08-08,265,0
42,4,42,2025-08-08,196,0
42,4,59,2025-08-08,231,1
42,3,10,2025-08-08,27,0
42,2,35,2025-08-08,55,0
42,3,30,2025-08-08,205,1
42,5,5,2025-08-08,215,0
43,3,6,2025-08-08,137,0
43,3,9,2025-08-08,216,1
43,3,71,2025-08-08,171,0
43,2,2,2025-08-08,195,1
43,4,94,2025-08-08,232,1
43,5,72,2025-08-08,102,1
43,4,20,2025-08-08,164,0
43,5,7,2025-08-08,78,0
43,2,87,2025-08-08,158,1
43,3,65,2025-08-08,294,1
43,1,81,2025-08-08,108,0
43,4,42,2025-08-08,126,0
44,3,3,2025-08-08,35,0
44,2,22,2025-08-08,230,0
44,2,35,2025-08-08,150,0
44,5,21,2025-08-08,64,0
44,4,24,2025-08-08,24,0
45,5,7,2025-08-08,131,1
45,1,12,2025-08-08,63,1
45,1,16,2025-08-08,77,0
45,2,75,2025-08-08,94,0
45,5,85,2025-08-08,178,0
46,5,90,2025-08-08,107,0
46,3,71,2025-08-08,295,0
46,5,7,2025-08-08,177,0
46,4,100,2025-08-08,100,0
46,3,33,2025-08-08,23,1
46,3,93,2025-08-08,85,1
47,1,70,2025-08-08,138,0
47,2,74,2025-08-08,226,0
47,3,4,2025-08-08,218,1
47,3,9,2025-08-08,76,0
47,1,15,2025-08-08,119,0
47,2,75,2025-08-08,132,1
47,5,58,2025-08-08,291,0
47,2,18,2025-08-08,144,0
48,1,12,2025-08-08,150,0
48,5,5,2025-08-08,190,0
48,3,30,2025-08-08,112,0
48,2,79,2025-08-08,151,0
48,4,56,2025-08-08,82,0
48,1,70,2025-08-08,272,1
49,3,30,2025-08-08,82,0
49,4,67,2025-08-08,206,1
49,3,6,2025-08-08,219,0
49,3,10,2025-08-08,291,1
49,3,68,2025-08-08,220,1
49,2,13,2025-08-08,137,1
49,3,1,2025-08-08,279,0
49,3,1,2025-08-08,256,0
49,3,9,2025-08-08,160,1
49,2,64,2025-08-08,156,0
49,3,68,2025-08-08,124,1
50,2,79,2025-08-08,26,0
50,5,47,2025-08-08,242,1
50,2,87,2025-08-08,54,0
50,2,45,2025-08-08,220,1
50,2,74,2025-08-08,43,1
50,4,49,2025-08-08,22,0
50,4,100,2025-08-08,258,1
1,1,25,2025-08-09,204,1
1,4,11,2025-08-09,29,1
1,3,65,2025-08-09,20,1
1,4,24,2025-08-09,289,1
1,5,41,2025-08-09,255,1
1,1,16,2025-08-09,103,1
1,5,41,2025-08-09,58,1
1,5,47,2025-08-09,59,1
2,3,6,2025-08-09,259,1
2,2,29,2025-08-09,175,1
2,5,86,2025-08-09,45,1
2,1,25,2025-08-09,144,1
2,3,32,2025-08-09,82,1
2,4,66,2025-08-09,176,1
2,3,73,2025-08-09,79,1
2,4,77,2025-08-09,225,1
2,3,26,2025-08-09,262,1
3,2,96,2025-08-09,152,1
3,5,41,2025-08-09,121,1
3,5,5,2025-08-09,84,1
3,3,6,2025-08-09,193,1
3,4,59,2025-08-09,155,1
3,5,58,2025-08-09,94,1
3,5,61,2025-08-09,127,1
4,2,91,2025-08-09,204,1
4,1,50,2025-08-09,179,1
4,1,95,2025-08-09,96,1
4,2,18,2025-08-09,207,1
4,3,30,2025-08-09,218,1
4,1,39,2025-08-09,119,1
4,5,72,2025-08-09,39,1
5,2,75,2025-08-09,31,1
5,5,28,2025-08-09,71,1
5,1,81,2025-08-09,30,1
5,4,46,2025-08-09,201,1
5,3,68,2025-08-09,293,1
5,3,19,2025-08-09,132,1
5,3,44,2025-08-09,154,1
5,3,6,2025-08-09,220,1
6,3,19,2025-08-09,276,1
6,2,14,2025-08-09,113,1
6,1,50,2025-08-09,210,1
6,1,52,2025-08-09,129,1
6,2,80,2025-08-09,235,1
6,1,50,2025-08-09,39,1
7,1,25,2025-08-09,69,1
7,3,10,2025-08-09,261,1
7,3,55,2025-08-09,147,1
7,5,43,2025-08-09,115,1
7,1,62,2025-08-09,48,1
7,2,45,2025-08-09,168,1
7,1,12,2025-08-09,107,1
8,3,10,2025-08-09,255,1
8,1,12,2025-08-09,141,1
8,2,27,2025-08-09,285,1
8,4,94,2025-08-09,241,1
8,1,16,2025-08-09,248,1
8,5,85,2025-08-09,127,1
8,2,51,2025-08-09,124,1
9,3,32,2025-08-09,96,1
9,2,22,2025-08-09,255,1
9,1,53,2025-08-09,142,1
9,4,66,2025-08-09,41,1
9,4,76,2025-08-09,20,1
9,3,93,2025-08-09,170,1
9,4,38,2025-08-09,109,1
9,5,72,2025-08-09,199,1
9,4,59,2025-08-09,82,1
9,2,63,2025-08-09,107,1
9,2,13,2025-08-09,135,1
10,1,98,2025-08-09,92,1
10,2,69,2025-08-09,264,1
10,3,26,2025-08-09,208,1
10,2,45,2025-08-09,62,1
10,4,38,2025-08-09,76,1
10,4,77,2025-08-09,171,1
10,3,73,2025-08-09,195,1
10,3,8,2025-08-09,208,1
10,4,99,2025-08-09,279,1
11,4,94,2025-08-09,50,1
11,1,50,2025-08-09,214,1
11,4,48,2025-08-09,153,1
11,3,3,2025-08-09,276,1
11,3,55,2025-08-09,214,1
11,3,93,2025-08-09,240,1
11,2,87,2025-08-09,272,1
11,2,92,2025-08-09,185,1
11,5,86,2025-08-09,289,1
11,4,99,2025-08-09,282,1
11,2,88,2025-08-09,202,1
12,4,42,2025-08-09,264,1
12,3,97,2025-08-09,25,1
12,5,61,2025-08-09,240,1
12,3,1,2025-08-09,108,1
12,5,86,2025-08-09,123,1
12,5,43,2025-08-09,199,1
12,1,50,2025-08-09,188,1
12,1,15,2025-08-09,269,1
12,4,59,2025-08-09,95,1
13,3,55,2025-08-09,206,1
13,1,62,2025-08-09,192,1
13,2,92,2025-08-09,99,1
13,3,3,2025-08-09,150,1
13,3,44,2025-08-09,131,1
13,5,86,2025-08-09,173,1
13,1,16,2025-08-09,136,1
13,5,82,2025-08-09,59,1
13,3,8,2025-08-09,67,1
13,3,44,2025-08-09,98,1
13,4,11,2025-08-09,173,1
14,4,42,2025-08-09,155,1
14,1,60,2025-08-09,51,1
14,2,35,2025-08-09,100,1
14,2,35,2025-08-09,221,1
14,2,69,2025-08-09,77,1
14,5,7,2025-08-09,41,1
14,3,4,2025-08-09,92,1
14,5,90,2025-08-09,120,1
14,1,12,2025-08-09,98,1
14,3,93,2025-08-09,176,1
15,5,41,2025-08-09,242,1
15,2,64,2025-08-09,159,1
15,3,6,2025-08-09,100,1
15,3,68,2025-08-09,273,1
15,1,15,2025-08-09,232,1
15,2,2,2025-08-09,76,1
15,2,35,2025-08-09,238,1
15,4,99,2025-08-09,277,1
15,2,35,2025-08-09,113,1
15,5,21,2025-08-09,193,1
15,5,84,2025-08-09,279,1
16,3,10,2025-08-09,90,0
16,3,30,2025-08-09,195,0
16,3,9,2025-08-09,240,0
16,3,19,2025-08-09,277,0
16,3,73,2025-08-09,26,1
16,5,5,2025-08-09,36,1
16,1,16,2025-08-09,184,1
16,3,19,2025-08-09,245,1
17,1,98,2025-08-09,148,0
17,3,68,2025-08-09,220,0
17,5,84,2025-08-09,250,0
17,2,63,2025-08-09,108,1
17,4,67,2025-08-09,199,0
17,3,30,2025-08-09,141,1
17,4,38,2025-08-09,178,0
17,4,49,2025-08-09,29,0
17,4,42,2025-08-09,193,0
17,1,15,2025-08-09,146,0
18,2,91,2025-08-09,277,0
18,2,63,2025-08-09,189,0
18,2,91,2025-08-09,279,0
18,3,55,2025-08-09,271,1
18,1,95,2025-08-09,121,1
18,1,95,2025-08-09,104,0
18,2,29,2025-08-09,31,0
19,2,79,2025-08-09,81,1
19,2,74,2025-08-09,239,0
19,3,31,2025-08-09,206,0
19,3,17,2025-08-09,273,0
19,2,29,2025-08-09,134,1
19,5,58,2025-08-09,156,0
19,3,8,2025-08-09,235,0
20,2,69,2025-08-09,292,1
20,2,69,2025-08-09,59,1
20,2,36,2025-08-09,174,0
20,1,53,2025-08-09,151,0
20,2,75,2025-08-09,189,0
20,3,83,2025-08-09,144,0
20,5,47,2025-08-09,238,0
20,2,22,2025-08-09,69,0
20,2,22,2025-08-09,183,0
21,3,93,2025-08-09,158,1
21,4,34,2025-08-09,166,0
21,3,9,2025-08-09,94,0
21,4,67,2025-08-09,283,0
21,2,35,2025-08-09,212,1
21,3,93,2025-08-09,64,0
21,3,33,2025-08-09,36,0
21,5,58,2025-08-09,272,0
21,3,73,2025-08-09,69,0
21,2,91,2025-08-09,61,0
22,1,16,2025-08-09,260,0
22,2,74,2025-08-09,226,0
22,4,76,2025-08-09,92,1
22,2,80,2025-08-09,31,0
22,1,52,2025-08-09,99,0
22,3,8,2025-08-09,129,1
23,3,73,2025-08-09,258,1
23,1,52,2025-08-09,191,1
23,5,85,2025-08-09,29,0
23,3,4,2025-08-09,120,1
23,2,23,2025-08-09,246,1
23,3,26,2025-08-09,185,1
24,2,75,2025-08-09,279,1
24,5,47,2025-08-09,233,0
24,5,57,2025-08-09,56,1
24,2,45,2025-08-09,269,0
24,2,96,2025-08-09,238,1
24,4,99,2025-08-09,95,0
25,3,71,2025-08-09,121,0
25,2,63,2025-08-09,206,1
25,3,31,2025-08-09,216,0
25,4,76,2025-08-09,215,0
25,2,40,2025-08-09,140,0
25,4,77,2025-08-09,291,0
25,2,88,2025-08-09,241,0
26,3,17,2025-08-09,156,0
26,2,64,2025-08-09,235,0
26,4,100,2025-08-09,33,0
26,2,35,2025-08-09,152,0
26,1,95,2025-08-09,196,0
26,1,25,2025-08-09,32,0
26,3,10,2025-08-09,122,1
26,4,54,2025-08-09,300,0
27,3,55,2025-08-09,216,0
27,3,6,2025-08-09,38,0
27,3,65,2025-08-09,182,0
27,3,55,2025-08-09,257,0
27,3,55,2025-08-09,176,0
27,3,6,2025-08-09,290,1
27,3,32,2025-08-09,238,1
27,3,3,2025-08-09,199,0
27,1,39,2025-08-09,184,0
28,3,6,2025-08-09,142,0
28,1,70,2025-08-09,57,0
28,5,72,2025-08-09,129,0
28,1,98,2025-08-09,170,0
28,4,24,2025-08-09,257,0
28,2,40,2025-08-09,277,0
28,4,67,2025-08-09,284,0
28,3,8,2025-08-09,64,1
28,3,19,2025-08-09,293,0
29,2,51,2025-08-09,229,0
29,4,38,2025-08-09,129,1
29,4,100,2025-08-09,146,0
29,2,74,2025-08-09,112,1
29,4,89,2025-08-09,254,0
29,2,45,2025-08-09,172,0
29,1,95,2025-08-09,61,0
29,2,64,2025-08-09,54,0
29,4,67,2025-08-09,151,1
29,1,53,2025-08-09,144,0
30,2,27,2025-08-09,227,1
30,5,41,2025-08-09,219,0
30,2,87,2025-08-09,59,0
30,3,1,2025-08-09,111,0
30,5,37,2025-08-09,128,1
30,3,9,2025-08-09,274,0
30,1,95,2025-08-09,76,0
30,2,13,2025-08-09,278,1
30,4,42,2025-08-09,162,1
30,4,46,2025-08-09,265,1
30,5,58,2025-08-09,255,1
30,3,6,2025-08-09,176,1
31,3,32,2025-08-09,255,0
31,3,4,2025-08-09,134,0
31,3,4,2025-08-09,187,1
31,3,73,2025-08-09,259,0
31,1,98,2025-08-09,106,0
32,3,8,2025-08-09,235,0
32,3,8,2025-08-09,126,1
32,2,2,2025-08-09,283,0
32,5,47,2025-08-09,295,1
32,4,99,2025-08-09,66,0
33,3,44,2025-08-09,268,0
33,4,76,2025-08-09,116,0
33,4,76,2025-08-09,102,0
33,2,69,2025-08-09,276,0
33,5,84,2025-08-09,205,0
33,2,79,2025-08-09,165,0
33,2,69,2025-08-09,268,1
33,3,65,2025-08-09,154,0
34,3,73,2025-08-09,65,1
34,3,73,2025-08-09,176,1
34,2,35,2025-08-09,128,0
34,1,15,2025-08-09,47,0
34,3,93,2025-08-09,249,0
34,5,43,2025-08-09,151,0
34,3,73,2025-08-09,180,1
35,5,86,2025-08-09,243,1
35,5,43,2025-08-09,94,1
35,5,61,2025-08-09,269,1
35,4,78,2025-08-09,136,0
35,5,57,2025-08-09,231,0
35,5,72,2025-08-09,212,1
35,5,28,2025-08-09,185,0
36,5,37,2025-08-09,50,0
36,4,20,2025-08-09,107,0
36,3,30,2025-08-09,194,1
36,4,11,2025-08-09,170,1
36,4,34,2025-08-09,153,1
36,3,8,2025-08-09,291,1
36,2,27,2025-08-09,75,0
36,1,16,2025-08-09,126,0
36,1,39,2025-08-09,178,0
36,1,12,2025-08-09,273,0
36,4,56,2025-08-09,276,0
37,4,76,2025-08-09,82,0
37,1,53,2025-08-09,23,1
37,2,2,2025-08-09,65,0
37,4,24,2025-08-09,297,1
37,2,96,2025-08-09,98,1
37,5,43,2025-08-09,34,1
38,3,26,2025-08-09,43,0
38,1,70,2025-08-09,259,0
38,4,46,2025-08-09,59,0
38,5,43,2025-08-09,164,0
38,4,49,2025-08-09,279,0
38,5,47,2025-08-09,123,1
38,4,66,2025-08-09,259,0
38,2,45,2025-08-09,187,1
38,5,37,2025-08-09,252,1
39,1,60,2025-08-09,113,0
39,3,19,2025-08-09,158,0
39,2,13,2025-08-09,169,0
39,4,34,2025-08-09,241,1
39,5,41,2025-08-09,173,0
39,2,18,2025-08-09,92,0
39,2,74,2025-08-09,254,0
39,1,53,2025-08-09,42,1
39,2,27,2025-08-09,149,1
39,5,7,2025-08-09,288,0
39,1,95,2025-08-09,171,0
39,5,86,2025-08-09,143,1
40,2,96,2025-08-09,123,0
40,4,49,2025-08-09,189,0
40,4,38,2025-08-09,156,0
40,1,50,2025-08-09,257,1
40,5,57,2025-08-09,48,1
40,2,22,2025-08-09,93,1
40,3,31,2025-08-09,47,0
40,4,42,2025-08-09,261,0
40,3,8,2025-08-09,173,0
40,5,90,2025-08-09,200,1
41,1,81,2025-08-09,62,1
41,3,9,2025-08-09,125,0
41,5,84,2025-08-09,95,0
41,5,84,2025-08-09,199,0
41,1,52,2025-08-09,255,0
41,3,55,2025-08-09,112,0
41,5,43,2025-08-09,275,0
41,5,47,2025-08-09,267,1
41,1,52,2025-08-09,258,0
41,4,54,2025-08-09,87,1
41,3,30,2025-08-09,181,0
41,2,92,2025-08-09,67,1
42,2,63,2025-08-09,175,0
42,3,65,2025-08-09,211,0
42,3,3,2025-08-09,105,0
42,3,4,2025-08-09,205,0
42,3,68,2025-08-09,130,0
42,4,49,2025-08-09,47,0
42,5,41,2025-08-09,128,0
42,2,79,2025-08-09,176,0
42,5,7,2025-08-09,191,0
42,5,47,2025-08-09,270,0
42,2,92,2025-08-09,235,0
43,3,17,2025-08-09,218,0
43,5,90,2025-08-09,97,0
43,1,60,2025-08-09,56,1
43,4,77,2025-08-09,137,1
43,5,82,2025-08-09,113,0
43,1,52,2025-08-09,261,0
43,1,12,2025-08-09,144,0
43,3,10,2025-08-09,122,1
43,2,69,2025-08-09,158,1
43,3,1,2025-08-09,299,1
43,2,29,2025-08-09,67,0
43,3,97,2025-08-09,128,1
44,3,1,2025-08-09,48,0
44,1,15,2025-08-09,234,1
44,4,24,2025-08-09,118,1
44,3,44,2025-08-09,55,0
44,2,80,2025-08-09,280,0
44,1,12,2025-08-09,159,0
44,2,87,2025-08-09,55,1
44,1,39,2025-08-09,147,0
44,2,69,2025-08-09,118,0
44,1,81,2025-08-09,137,0
44,4,46,2025-08-09,21,1
45,3,97,2025-08-09,91,1
45,4,100,2025-08-09,76,0
45,1,52,2025-08-09,145,0
45,2,13,2025-08-09,133,0
45,3,4,2025-08-09,193,0
45,3,68,2025-08-09,24,1
45,4,66,2025-08-09,93,1
45,4,100,2025-08-09,106,1
45,4,59,2025-08-09,97,1
45,4,24,2025-08-09,109,1
45,4,46,2025-08-09,250,1
46,2,92,2025-08-09,93,1
46,1,53,2025-08-09,50,0
46,1,62,2025-08-09,281,0
46,5,43,2025-08-09,81,0
46,2,18,2025-08-09,175,0
46,2,27,2025-08-09,72,1
46,3,97,2025-08-09,212,0
46,4,94,2025-08-09,121,0
46,4,59,2025-08-09,56,1
46,5,86,2025-08-09,263,0
46,4,78,2025-08-09,227,1
47,3,44,2025-08-09,264,0
47,4,24,2025-08-09,277,0
47,2,74,2025-08-09,197,0
47,4,24,2025-08-09,290,0
47,2,75,2025-08-09,156,0
47,3,4,2025-08-09,166,1
47,5,41,2025-08-09,190,0
48,4,66,2025-08-09,68,1
48,4,76,2025-08-09,119,0
48,3,97,2025-08-09,195,0
48,2,51,2025-08-09,240,0
48,3,10,2025-08-09,77,0
49,3,71,2025-08-09,200,0
49,2,13,2025-08-09,147,0
49,2,75,2025-08-09,80,0
49,3,71,2025-08-09,183,1
49,4,78,2025-08-09,43,0
49,1,81,2025-08-09,121,0
49,2,91,2025-08-09,237,1
49,3,6,2025-08-09,78,1
49,5,72,2025-08-09,72,0
49,2,40,2025-08-09,210,0
49,4,38,2025-08-09,151,0
49,4,54,2025-08-09,216,0
50,5,5,2025-08-09,180,0
50,2,91,2025-08-09,143,0
50,5,21,2025-08-09,179,1
50,5,28,2025-08-09,257,0
50,4,67,2025-08-09,40,0
50,2,13,2025-08-09,226,1
1,1,52,2025-08-10,221,1
1,4,78,2025-08-10,66,1
1,2,80,2025-08-10,236,1
1,4,42,2025-08-10,159,1
1,2,96,2025-08-10,159,1
1,4,54,2025-08-10,198,1
1,2,75,2025-08-10,132,1
1,5,43,2025-08-10,35,1
1,4,99,2025-08-10,172,1
1,2,29,2025-08-10,115,1
1,4,100,2025-08-10,91,1
2,2,88,2025-08-10,130,1
2,5,41,2025-08-10,58,1
2,3,68,2025-08-10,297,1
2,3,68,2025-08-10,89,1
2,2,35,2025-08-10,210,1
2,1,53,2025-08-10,256,1
2,5,28,2025-08-10,136,1
2,3,68,2025-08-10,150,1
2,5,72,2025-08-10,30,1
2,5,47,2025-08-10,31,1
3,2,51,2025-08-10,61,1
3,4,78,2025-08-10,122,1
3,3,33,2025-08-10,162,1
3,4,42,2025-08-10,295,1
3,5,57,2025-08-10,61,1
3,2,22,2025-08-10,243,1
3,3,55,2025-08-10,180,1
3,2,18,2025-08-10,298,1
3,3,19,2025-08-10,216,1
3,3,17,2025-08-10,40,1
3,2,92,2025-08-10,276,1
3,3,17,2025-08-10,49,1
4,4,77,2025-08-10,106,1
4,4,20,2025-08-10,296,1
4,5,82,2025-08-10,126,1
4,3,17,2025-08-10,237,1
4,4,48,2025-08-10,241,1
4,4,94,2025-08-10,59,1
4,1,50,2025-08-10,25,1
4,2,2,2025-08-10,47,1
4,1,50,2025-08-10,115,1
4,3,3,2025-08-10,65,1
5,2,69,2025-08-10,264,1
5,3,32,2025-08-10,134,1
5,1,70,2025-08-10,251,1
5,3,73,2025-08-10,98,1
5,5,82,2025-08-10,129,1
5,2,18,2025-08-10,239,1
5,2,91,2025-08-10,266,1
5,1,12,2025-08-10,77,1
5,4,48,2025-08-10,293,1
5,5,28,2025-08-10,228,1
5,3,4,2025-08-10,178,1
6,3,30,2025-08-10,251,1
6,5,41,2025-08-10,255,1
6,2,51,2025-08-10,213,1
6,4,94,2025-08-10,29,1
6,5,37,2025-08-10,278,1
6,4,38,2025-08-10,68,1
6,5,61,2025-08-10,220,1
6,3,32,2025-08-10,209,1
7,1,50,2025-08-10,201,1
7,2,23,2025-08-10,101,1
7,4,54,2025-08-10,93,1
7,4,76,2025-08-10,38,1
7,4,77,2025-08-10,219,1
7,2,23,2025-08-10,154,1
7,1,52,2025-08-10,193,1
7,2,35,2025-08-10,173,1
7,4,100,2025-08-10,295,1
7,3,26,2025-08-10,235,1
7,5,58,2025-08-10,151,1
8,2,18,2025-08-10,129,1
8,5,86,2025-08-10,242,1
8,1,52,2025-08-10,288,1
8,4,38,2025-08-10,70,1
8,5,5,2025-08-10,271,1
8,5,41,2025-08-10,95,1
8,4,99,2025-08-10,268,1
9,5,84,2025-08-10,152,1
9,2,14,2025-08-10,244,1
9,4,66,2025-08-10,99,1
9,2,13,2025-08-10,155,1
9,3,73,2025-08-10,130,1
9,4,78,2025-08-10,177,1
10,2,27,2025-08-10,291,1
10,3,8,2025-08-10,112,1
10,3,71,2025-08-10,180,1
10,4,54,2025-08-10,163,1
10,3,1,2025-08-10,148,1
11,4,77,2025-08-10,219,1
11,4,11,2025-08-10,127,1
11,4,54,2025-08-10,172,1
11,5,28,2025-08-10,70,1
11,2,36,2025-08-10,45,1
11,1,98,2025-08-10,247,1
12,5,86,2025-08-10,201,1
12,5,47,2025-08-10,62,1
12,1,50,2025-08-10,153,1
12,1,12,2025-08-10,189,1
12,2,2,2025-08-10,250,1
13,4,54,2025-08-10,140,1
13,2,69,2025-08-10,119,1
13,2,92,2025-08-10,179,1
13,3,4,2025-08-10,250,1
13,1,53,2025-08-10,133,1
13,4,100,2025-08-10,171,1
13,4,42,2025-08-10,258,1
13,5,86,2025-08-10,298,1
13,2,22,2025-08-10,211,1
13,2,64,2025-08-10,292,1
14,2,27,2025-08-10,39,1
14,3,19,2025-08-10,103,1
14,5,85,2025-08-10,174,1
14,5,43,2025-08-10,278,1
14,3,33,2025-08-10,146,1
14,5,43,2025-08-10,239,1
14,2,45,2025-08-10,169,1
14,2,87,2025-08-10,246,1
15,4,67,2025-08-10,51,1
15,5,85,2025-08-10,297,1
15,1,39,2025-08-10,277,1
15,5,58,2025-08-10,228,1
15,4,34,2025-08-10,243,1
15,5,7,2025-08-10,183,1
15,3,93,2025-08-10,259,1
15,1,15,2025-08-10,236,1
15,5,43,2025-08-10,297,1
15,4,38,2025-08-10,32,1
15,3,33,2025-08-10,127,1
16,3,31,2025-08-10,51,0
16,3,83,2025-08-10,179,0
16,3,6,2025-08-10,46,1
16,3,6,2025-08-10,257,1
16,4,42,2025-08-10,92,0
16,3,9,2025-08-10,235,1
16,4,46,2025-08-10,121,1
16,2,51,2025-08-10,118,1
17,2,88,2025-08-10,77,0
17,4,11,2025-08-10,176,0
17,4,38,2025-08-10,131,0
17,3,83,2025-08-10,88,1
17,1,39,2025-08-10,124,0
17,2,35,2025-08-10,277,0
17,3,3,2025-08-10,33,0
17,3,97,2025-08-10,221,1
17,4,76,2025-08-10,119,1
18,5,85,2025-08-10,116,1
18,3,8,2025-08-10,253,0
18,1,12,2025-08-10,194,1
18,2,2,2025-08-10,199,1
18,5,84,2025-08-10,185,1
18,3,8,2025-08-10,281,1
18,2,27,2025-08-10,200,1
18,4,76,2025-08-10,278,1
18,3,71,2025-08-10,258,1
18,2,2,2025-08-10,243,0
18,4,94,2025-08-10,208,1
19,3,97,2025-08-10,48,0
19,3,65,2025-08-10,221,0
19,4,24,2025-08-10,278,0
19,3,10,2025-08-10,137,0
19,4,46,2025-08-10,22,0
20,2,36,2025-08-10,265,0
20,1,50,2025-08-10,289,0
20,2,18,2025-08-10,181,0
20,2,96,2025-08-10,187,1
20,2,36,2025-08-10,204,0
20,5,84,2025-08-10,145,0
20,5,57,2025-08-10,263,1
21,1,16,2025-08-10,213,0
21,5,5,2025-08-10,243,0
21,4,56,2025-08-10,180,0
21,2,92,2025-08-10,198,0
21,2,40,2025-08-10,207,0
21,1,16,2025-08-10,55,0
22,2,18,2025-08-10,206,0
22,3,9,2025-08-10,261,0
22,5,57,2025-08-10,38,1
22,2,22,2025-08-10,229,0
22,3,73,2025-08-10,247,0
22,4,78,2025-08-10,170,1
22,2,96,2025-08-10,117,0
23,1,50,2025-08-10,243,1
23,3,6,2025-08-10,158,0
23,3,65,2025-08-10,159,0
23,3,65,2025-08-10,295,0
23,2,45,2025-08-10,151,0
24,2,79,2025-08-10,215,0
24,2,18,2025-08-10,119,0
24,4,99,2025-08-10,249,1
24,4,59,2025-08-10,155,1
24,1,95,2025-08-10,123,1
24,4,24,2025-08-10,27,0
24,2,2,2025-08-10,127,0
24,5,37,2025-08-10,240,0
24,1,50,2025-08-10,112,0
24,4,77,2025-08-10,247,0
24,4,94,2025-08-10,31,1
25,2,22,2025-08-10,283,0
25,2,36,2025-08-10,141,1
25,2,29,2025-08-10,292,0
25,1,39,2025-08-10,214,1
25,5,47,2025-08-10,109,0
25,3,71,2025-08-10,279,1
25,4,38,2025-08-10,178,1
25,4,49,2025-08-10,108,0
25,4,20,2025-08-10,237,0
26,3,68,2025-08-10,66,0
26,4,46,2025-08-10,240,1
26,4,42,2025-08-10,222,1
26,4,49,2025-08-10,145,0
26,3,97,2025-08-10,254,0
26,5,28,2025-08-10,286,0
26,4,54,2025-08-10,136,1
27,4,11,2025-08-10,292,1
27,3,9,2025-08-10,239,0
27,5,61,2025-08-10,120,0
27,3,1,2025-08-10,274,0
27,2,80,2025-08-10,229,0
28,1,98,2025-08-10,249,1
28,1,81,2025-08-10,213,0
28,4,48,2025-08-10,110,0
28,2,40,2025-08-10,295,1
28,4,76,2025-08-10,134,0
28,3,8,2025-08-10,78,1
28,4,54,2025-08-10,284,0
28,5,7,2025-08-10,273,0
28,3,65,2025-08-10,139,0
28,3,32,2025-08-10,298,0
29,3,73,2025-08-10,152,0
29,3,93,2025-08-10,62,0
29,5,5,2025-08-10,112,0
29,4,48,2025-08-10,255,1
29,3,83,2025-08-10,126,1
29,3,6,2025-08-10,104,0
29,5,28,2025-08-10,206,0
29,3,3,2025-08-10,222,0
29,2,36,2025-08-10,267,0
30,3,6,2025-08-10,144,1
30,5,57,2025-08-10,42,0
30,2,22,2025-08-10,208,1
30,3,6,2025-08-10,54,1
30,4,54,2025-08-10,188,0
30,3,26,2025-08-10,58,1
30,4,38,2025-08-10,232,0
30,3,93,2025-08-10,270,0
30,3,19,2025-08-10,132,1
30,2,80,2025-08-10,130,1
30,2,18,2025-08-10,265,0
30,2,2,2025-08-10,112,0
31,5,82,2025-08-10,269,0
31,2,45,2025-08-10,77,1
31,4,48,2025-08-10,70,0
31,5,61,2025-08-10,188,0
31,3,65,2025-08-10,80,1
31,1,39,2025-08-10,173,1
31,5,5,2025-08-10,283,0
31,5,84,2025-08-10,175,1
32,3,32,2025-08-10,278,0
32,4,42,2025-08-10,76,0
32,4,76,2025-08-10,68,0
32,5,47,2025-08-10,269,0
32,1,52,2025-08-10,219,1
32,2,88,2025-08-10,300,1
32,3,19,2025-08-10,292,0
33,4,48,2025-08-10,21,1
33,2,91,2025-08-10,63,0
33,3,19,2025-08-10,185,1
33,1,60,2025-08-10,242,0
33,2,80,2025-08-10,183,0
34,2,96,2025-08-10,170,0
34,3,17,2025-08-10,156,1
34,1,15,2025-08-10,41,0
34,5,47,2025-08-10,48,0
34,3,55,2025-08-10,25,0
35,2,29,2025-08-10,51,0
35,5,28,2025-08-10,31,0
35,2,35,2025-08-10,246,0
35,2,18,2025-08-10,119,1
35,2,92,2025-08-10,229,0
35,5,57,2025-08-10,199,1
35,3,8,2025-08-10,165,0
36,3,9,2025-08-10,178,1
36,2,63,2025-08-10,57,0
36,4,100,2025-08-10,271,0
36,2,96,2025-08-10,245,0
36,2,29,2025-08-10,257,0
36,3,31,2025-08-10,292,0
36,5,57,2025-08-10,123,0
36,3,44,2025-08-10,68,0
37,1,70,2025-08-10,169,1
37,2,75,2025-08-10,141,0
37,1,16,2025-08-10,27,0
37,5,41,2025-08-10,281,1
37,3,32,2025-08-10,43,0
37,2,74,2025-08-10,24,0
38,4,49,2025-08-10,228,1
38,4,54,2025-08-10,80,1
38,5,43,2025-08-10,121,1
38,2,40,2025-08-10,44,1
38,3,8,2025-08-10,145,1
38,2,23,2025-08-10,180,0
38,3,68,2025-08-10,218,0
38,4,89,2025-08-10,71,0
38,2,92,2025-08-10,168,0
38,4,11,2025-08-10,178,1
38,3,93,2025-08-10,68,0
39,3,68,2025-08-10,290,0
39,3,97,2025-08-10,92,0
39,4,20,2025-08-10,95,1
39,2,69,2025-08-10,97,1
39,3,32,2025-08-10,157,1
39,5,72,2025-08-10,232,0
39,5,84,2025-08-10,210,0
40,5,47,2025-08-10,188,1
40,5,43,2025-08-10,297,0
40,3,30,2025-08-10,274,0
40,4,66,2025-08-10,47,0
40,3,17,2025-08-10,93,0
40,5,21,2025-08-10,261,0
40,1,25,2025-08-10,130,1
40,4,99,2025-08-10,91,1
40,2,36,2025-08-10,216,1
41,2,79,2025-08-10,113,0
41,2,92,2025-08-10,152,0
41,3,97,2025-08-10,235,1
41,5,61,2025-08-10,150,1
41,3,93,2025-08-10,291,1
41,2,14,2025-08-10,102,0
41,5,41,2025-08-10,61,0
42,3,71,2025-08-10,80,1
42,4,38,2025-08-10,143,0
42,2,79,2025-08-10,192,0
42,2,51,2025-08-10,229,1
42,2,29,2025-08-10,104,1
42,3,6,2025-08-10,238,0
42,4,54,2025-08-10,22,0
42,4,11,2025-08-10,298,1
42,3,8,2025-08-10,160,0
42,3,1,2025-08-10,24,1
42,2,45,2025-08-10,297,0
42,2,14,2025-08-10,259,1
43,1,39,2025-08-10,33,0
43,2,29,2025-08-10,266,0
43,2,96,2025-08-10,182,1
43,3,68,2025-08-10,68,0
43,5,72,2025-08-10,204,0
43,1,70,2025-08-10,176,0
44,3,65,2025-08-10,28,1
44,4,20,2025-08-10,166,0
44,4,54,2025-08-10,297,0
44,5,58,2025-08-10,272,0
44,5,58,2025-08-10,58,0
44,2,23,2025-08-10,137,1
45,5,85,2025-08-10,128,0
45,3,32,2025-08-10,65,0
45,5,84,2025-08-10,30,0
45,3,26,2025-08-10,158,0
45,3,9,2025-08-10,115,1
45,3,97,2025-08-10,86,1
45,4,67,2025-08-10,162,1
46,4,49,2025-08-10,235,1
46,4,24,2025-08-10,69,0
46,1,53,2025-08-10,211,0
46,5,90,2025-08-10,24,1
46,3,30,2025-08-10,221,1
46,4,49,2025-08-10,280,0
46,3,4,2025-08-10,257,1
46,1,53,2025-08-10,285,1
46,2,96,2025-08-10,65,1
46,1,62,2025-08-10,290,0
46,3,65,2025-08-10,249,1
46,2,64,2025-08-10,170,1
47,3,93,2025-08-10,212,1
47,2,69,2025-08-10,171,0
47,5,61,2025-08-10,117,1
47,3,55,2025-08-10,269,0
47,4,24,2025-08-10,299,0
47,2,87,2025-08-10,84,0
47,3,83,2025-08-10,38,0
47,3,30,2025-08-10,209,0
47,2,14,2025-08-10,170,0
47,3,17,2025-08-10,262,1
47,3,19,2025-08-10,151,1
47,5,84,2025-08-10,290,1
48,2,63,2025-08-10,195,0
48,2,45,2025-08-10,291,0
48,3,19,2025-08-10,178,0
48,4,99,2025-08-10,289,0
48,1,12,2025-08-10,199,1
49,3,55,2025-08-10,46,0
49,3,97,2025-08-10,135,0
49,2,91,2025-08-10,55,0
49,5,86,2025-08-10,229,0
49,2,63,2025-08-10,21,0
49,4,66,2025-08-10,281,0
49,2,64,2025-08-10,121,1
49,4,100,2025-08-10,267,1
49,4,56,2025-08-10,207,0
49,1,50,2025-08-10,138,0
50,1,62,2025-08-10,208,0
50,4,94,2025-08-10,73,0
50,3,71,2025-08-10,54,0
50,3,26,2025-08-10,140,0
50,3,19,2025-08-10,260,0
50,5,5,2025-08-10,117,0
1,5,28,2025-08-11,292,1
1,3,83,2025-08-11,293,1
1,5,72,2025-08-11,70,1
1,4,77,2025-08-11,227,1
1,5,84,2025-08-11,243,1
1,2,2,2025-08-11,256,1
1,4,78,2025-08-11,174,1
1,3,32,2025-08-11,102,1
1,3,9,2025-08-11,132,1
1,4,94,2025-08-11,49,1
1,2,2,2025-08-11,78,1
1,1,25,2025-08-11,199,1
2,2,63,2025-08-11,267,1
2,3,3,2025-08-11,175,1
2,4,89,2025-08-11,52,1
2,3,6,2025-08-11,115,1
2,4,94,2025-08-11,45,1
3,5,57,2025-08-11,178,1
3,3,30,2025-08-11,73,1
3,4,11,2025-08-11,185,1
3,3,8,2025-08-11,184,1
3,3,68,2025-08-11,282,1
3,2,91,2025-08-11,125,1
3,3,65,2025-08-11,39,1
3,3,44,2025-08-11,176,1
3,4,11,2025-08-11,204,1
4,2,23,2025-08-11,246,1
4,4,66,2025-08-11,74,1
4,3,44,2025-08-11,29,1
4,2,18,2025-08-11,23,1
4,1,12,2025-08-11,204,1
4,2,69,2025-08-11,69,1
5,3,71,2025-08-11,169,1
5,2,79,2025-08-11,169,1
5,1,60,2025-08-11,171,1
5,5,57,2025-08-11,118,1
5,2,69,2025-08-11,228,1
5,3,33,2025-08-11,296,1
5,2,63,2025-08-11,282,1
5,2,18,2025-08-11,260,1
5,4,67,2025-08-11,156,1
5,4,34,2025-08-11,86,1
5,3,33,2025-08-11,62,1
6,3,1,2025-08-11,297,1
6,5,5,2025-08-11,50,1
6,1,16,2025-08-11,285,1
6,2,88,2025-08-11,257,1
6,3,19,2025-08-11,197,1
6,3,73,2025-08-11,255,1
6,3,9,2025-08-11,148,1
6,2,87,2025-08-11,134,1
6,2,75,2025-08-11,182,1
6,2,22,2025-08-11,283,1
6,3,31,2025-08-11,27,1
7,4,94,2025-08-11,103,1
7,1,50,2025-08-11,57,1
7,4,56,2025-08-11,23,1
7,5,72,2025-08-11,103,1
7,5,37,2025-08-11,179,1
7,5,86,2025-08-11,72,1
7,4,34,2025-08-11,117,1
7,4,42,2025-08-11,56,1
7,5,90,2025-08-11,31,1
7,2,2,2025-08-11,179,1
7,2,80,2025-08-11,32,1
8,3,9,2025-08-11,119,1
8,4,24,2025-08-11,64,1
8,4,11,2025-08-11,300,1
8,4,100,2025-08-11,229,1
8,4,99,2025-08-11,89,1
8,3,17,2025-08-11,24,1
8,4,99,2025-08-11,68,1
8,1,25,2025-08-11,205,1
8,4,78,2025-08-11,20,1
8,5,37,2025-08-11,75,1
8,1,25,2025-08-11,185,1
9,4,49,2025-08-11,160,1
9,2,36,2025-08-11,245,1
9,1,95,2025-08-11,201,1
9,3,8,2025-08-11,66,1
9,1,60,2025-08-11,168,1
9,2,96,2025-08-11,54,1
9,2,2,2025-08-11,67,1
9,5,61,2025-08-11,224,1
10,2,13,2025-08-11,75,1
10,3,71,2025-08-11,71,1
10,5,86,2025-08-11,144,1
10,4,56,2025-08-11,78,1
10,3,73,2025-08-11,267,1
10,5,90,2025-08-11,58,1
10,1,60,2025-08-11,200,1
10,5,43,2025-08-11,278,1
10,4,59,2025-08-11,111,1
10,5,85,2025-08-11,172,1
11,5,28,2025-08-11,20,1
11,1,53,2025-08-11,206,1
11,1,25,2025-08-11,71,1
11,5,28,2025-08-11,198,1
11,2,29,2025-08-11,73,1
11,2,2,2025-08-11,159,1
11,4,46,2025-08-11,65,1
11,1,53,2025-08-11,136,1
12,1,95,2025-08-11,112,1
12,5,7,2025-08-11,275,1
12,1,52,2025-08-11,165,1
12,4,24,2025-08-11,254,1
12,3,19,2025-08-11,189,1
12,2,75,2025-08-11,106,1
12,5,21,2025-08-11,271,1
12,2,45,2025-08-11,298,1
13,2,22,2025-08-11,72,1
13,1,53,2025-08-11,94,1
13,3,26,2025-08-11,253,1
13,5,84,2025-08-11,295,1
13,2,69,2025-08-11,255,1
13,2,63,2025-08-11,284,1
13,4,42,2025-08-11,176,1
13,3,10,2025-08-11,123,1
13,2,75,2025-08-11,233,1
13,2,29,2025-08-11,141,1
13,2,75,2025-08-11,204,1
14,2,79,2025-08-11,71,1
14,5,90,2025-08-11,83,1
14,1,70,2025-08-11,131,1
14,5,82,2025-08-11,55,1
14,3,1,2025-08-11,202,1
14,4,20,2025-08-11,273,1
15,2,36,2025-08-11,255,1
15,2,63,2025-08-11,165,1
15,2,75,2025-08-11,125,1
15,2,40,2025-08-11,27,1
15,2,13,2025-08-11,196,1
15,5,47,2025-08-11,45,1
15,1,25,2025-08-11,238,1
16,4,11,2025-08-11,61,0
16,1,25,2025-08-11,282,0
16,5,41,2025-08-11,49,0
16,3,26,2025-08-11,232,1
16,4,77,2025-08-11,239,0
16,3,3,2025-08-11,273,0
16,1,70,2025-08-11,106,1
16,3,93,2025-08-11,191,1
17,5,86,2025-08-11,247,0
17,1,16,2025-08-11,232,0
17,2,64,2025-08-11,176,0
17,4,66,2025-08-11,260,1
17,2,36,2025-08-11,195,0
18,5,84,2025-08-11,112,0
18,3,3,2025-08-11,126,1
18,3,6,2025-08-11,141,0
18,2,36,2025-08-11,99,0
18,4,34,2025-08-11,59,1
18,4,67,2025-08-11,259,1
19,4,49,2025-08-11,69,0
19,5,57,2025-08-11,233,0
19,2,40,2025-08-11,110,0
19,3,19,2025-08-11,118,0
19,3,10,2025-08-11,300,1
19,3,9,2025-08-11,125,0
19,4,48,2025-08-11,262,1
19,5,85,2025-08-11,31,1
20,4,77,2025-08-11,141,0
20,3,93,2025-08-11,167,0
20,4,49,2025-08-11,81,1
20,4,76,2025-08-11,33,0
20,4,78,2025-08-11,255,0
20,4,66,2025-08-11,65,0
20,5,57,2025-08-11,59,1
20,4,100,2025-08-11,129,0
20,3,73,2025-08-11,30,1
21,2,91,2025-08-11,71,0
21,2,88,2025-08-11,221,0
21,5,72,2025-08-11,69,1
21,4,67,2025-08-11,183,1
21,4,77,2025-08-11,222,0
21,4,59,2025-08-11,157,1
22,1,98,2025-08-11,97,0
22,2,96,2025-08-11,244,0
22,4,94,2025-08-11,120,0
22,2,29,2025-08-11,178,1
22,3,31,2025-08-11,92,1
22,2,96,2025-08-11,99,0
22,4,49,2025-08-11,75,1
22,5,41,2025-08-11,179,0
22,5,82,2025-08-11,270,0
22,3,93,2025-08-11,161,0
23,4,11,2025-08-11,226,1
23,5,72,2025-08-11,47,0
23,2,45,2025-08-11,246,1
23,4,42,2025-08-11,240,0
23,1,98,2025-08-11,137,1
23,2,75,2025-08-11,104,0
23,4,78,2025-08-11,197,1
23,2,35,2025-08-11,74,1
23,1,81,2025-08-11,288,0
23,2,40,2025-08-11,257,1
23,5,57,2025-08-11,295,1
23,3,93,2025-08-11,254,1
24,4,89,2025-08-11,74,0
24,4,48,2025-08-11,120,1
24,4,42,2025-08-11,152,0
24,3,1,2025-08-11,178,0
24,3,9,2025-08-11,99,1
25,3,1,2025-08-11,148,1
25,3,30,2025-08-11,54,0
25,2,96,2025-08-11,21,0
25,2,23,2025-08-11,222,0
25,1,98,2025-08-11,300,1
25,2,87,2025-08-11,236,1
25,1,53,2025-08-11,167,0
26,2,69,2025-08-11,133,0
26,3,30,2025-08-11,211,0
26,2,69,2025-08-11,272,0
26,3,33,2025-08-11,202,0
26,1,81,2025-08-11,141,1
26,5,41,2025-08-11,266,0
26,2,23,2025-08-11,101,1
26,3,73,2025-08-11,134,0
26,2,18,2025-08-11,125,1
26,3,73,2025-08-11,96,0
27,2,2,2025-08-11,48,0
27,4,89,2025-08-11,126,0
27,3,8,2025-08-11,154,0
27,1,39,2025-08-11,116,0
27,4,42,2025-08-11,244,0
27,2,74,2025-08-11,150,1
27,3,3,2025-08-11,57,0
27,4,49,2025-08-11,286,1
27,5,90,2025-08-11,214,0
27,1,62,2025-08-11,39,0
27,5,47,2025-08-11,89,1
27,5,84,2025-08-11,103,0
28,5,90,2025-08-11,170,1
28,4,59,2025-08-11,262,0
28,5,7,2025-08-11,68,1
28,4,94,2025-08-11,234,0
28,4,66,2025-08-11,234,0
28,2,69,2025-08-11,221,0
28,4,46,2025-08-11,256,0
28,3,17,2025-08-11,130,0
28,3,33,2025-08-11,214,0
29,4,20,2025-08-11,55,0
29,4,100,2025-08-11,232,0
29,2,63,2025-08-11,136,0
29,2,2,2025-08-11,25,0
29,4,78,2025-08-11,133,1
29,1,95,2025-08-11,214,1
29,5,86,2025-08-11,220,0
30,2,14,2025-08-11,33,1
30,4,89,2025-08-11,255,1
30,3,73,2025-08-11,166,1
30,4,42,2025-08-11,120,0
30,3,93,2025-08-11,286,1
30,2,2,2025-08-11,222,1
30,1,16,2025-08-11,43,1
30,2,80,2025-08-11,78,0
30,3,4,2025-08-11,112,1
30,3,68,2025-08-11,28,0
31,2,29,2025-08-11,286,0
31,4,42,2025-08-11,60,0
31,1,16,2025-08-11,211,0
31,2,23,2025-08-11,98,0
31,4,20,2025-08-11,157,0
31,3,44,2025-08-11,291,0
31,3,8,2025-08-11,268,0
31,2,22,2025-08-11,60,0
31,2,36,2025-08-11,197,0
31,2,22,2025-08-11,274,0
32,2,35,2025-08-11,269,0
32,2,22,2025-08-11,230,0
32,2,35,2025-08-11,107,1
32,1,62,2025-08-11,153,0
32,3,31,2025-08-11,74,1
32,1,62,2025-08-11,185,0
32,4,54,2025-08-11,117,1
32,4,99,2025-08-11,193,0
33,2,92,2025-08-11,287,0
33,2,22,2025-08-11,185,0
33,1,60,2025-08-11,41,0
33,5,61,2025-08-11,217,0
33,2,14,2025-08-11,233,0
34,2,2,2025-08-11,135,1
34,4,46,2025-08-11,161,0
34,3,9,2025-08-11,121,1
34,5,57,2025-08-11,138,0
34,1,62,2025-08-11,281,0
34,4,94,2025-08-11,137,0
34,2,23,2025-08-11,185,0
34,1,81,2025-08-11,282,1
34,5,21,2025-08-11,141,0
34,4,99,2025-08-11,93,1
34,4,54,2025-08-11,127,0
35,3,33,2025-08-11,256,0
35,3,32,2025-08-11,68,0
35,3,31,2025-08-11,289,1
35,2,22,2025-08-11,231,0
35,2,23,2025-08-11,130,1
35,2,22,2025-08-11,71,1
36,2,96,2025-08-11,24,0
36,2,64,2025-08-11,245,1
36,4,100,2025-08-11,253,0
36,4,42,2025-08-11,70,0
36,1,62,2025-08-11,221,0
36,3,93,2025-08-11,283,0
36,1,98,2025-08-11,97,0
37,4,42,2025-08-11,275,1
37,3,8,2025-08-11,139,1
37,5,47,2025-08-11,174,0
37,3,31,2025-08-11,37,0
37,3,44,2025-08-11,242,1
37,2,27,2025-08-11,93,1
37,4,11,2025-08-11,41,0
37,3,97,2025-08-11,165,0
37,4,42,2025-08-11,176,0
37,5,61,2025-08-11,168,0
37,4,67,2025-08-11,64,1
37,2,91,2025-08-11,93,0
38,2,36,2025-08-11,295,0
38,1,60,2025-08-11,120,0
38,2,14,2025-08-11,63,0
38,3,31,2025-08-11,119,0
38,5,90,2025-08-11,42,1
38,3,33,2025-08-11,219,0
39,4,78,2025-08-11,282,0
39,2,96,2025-08-11,282,0
39,2,23,2025-08-11,76,0
39,2,92,2025-08-11,278,0
39,4,78,2025-08-11,99,0
40,4,100,2025-08-11,265,0
40,3,33,2025-08-11,204,0
40,5,72,2025-08-11,247,1
40,2,40,2025-08-11,162,0
40,5,47,2025-08-11,149,0
41,3,4,2025-08-11,198,0
41,3,71,2025-08-11,293,0
41,2,45,2025-08-11,229,0
41,1,70,2025-08-11,41,0
41,5,7,2025-08-11,97,0
41,4,24,2025-08-11,138,0
41,2,18,2025-08-11,219,0
41,2,35,2025-08-11,173,0
42,2,96,2025-08-11,280,0
42,2,92,2025-08-11,280,0
42,1,52,2025-08-11,199,0
42,2,14,2025-08-11,149,1
42,2,22,2025-08-11,152,1
42,4,49,2025-08-11,241,0
42,2,36,2025-08-11,39,0
42,3,9,2025-08-11,284,0
43,5,28,2025-08-11,195,1
43,4,99,2025-08-11,163,0
43,2,2,2025-08-11,144,0
43,5,5,2025-08-11,42,1
43,5,7,2025-08-11,95,1
43,3,33,2025-08-11,178,0
43,3,19,2025-08-11,245,0
43,3,30,2025-08-11,35,0
43,2,27,2025-08-11,28,0
44,2,23,2025-08-11,219,0
44,4,54,2025-08-11,28,1
44,1,62,2025-08-11,266,0
44,1,95,2025-08-11,245,0
44,1,60,2025-08-11,104,0
44,3,31,2025-08-11,295,0
44,3,4,2025-08-11,158,0
44,5,85,2025-08-11,125,0
44,4,67,2025-08-11,74,0
45,2,14,2025-08-11,298,1
45,5,82,2025-08-11,47,0
45,1,39,2025-08-11,105,0
45,1,16,2025-08-11,67,1
45,2,75,2025-08-11,139,1
45,2,40,2025-08-11,85,0
45,2,18,2025-08-11,271,0
45,1,12,2025-08-11,30,1
45,4,34,2025-08-11,58,1
45,2,45,2025-08-11,176,0
45,4,76,2025-08-11,194,0
46,5,72,2025-08-11,145,1
46,2,13,2025-08-11,27,0
46,5,82,2025-08-11,150,0
46,2,64,2025-08-11,294,1
46,1,60,2025-08-11,120,0
46,4,56,2025-08-11,264,0
47,1,70,2025-08-11,229,1
47,3,26,2025-08-11,141,0
47,3,1,2025-08-11,265,0
47,1,25,2025-08-11,104,1
47,2,64,2025-08-11,57,1
47,3,3,2025-08-11,70,0
47,3,31,2025-08-11,38,1
48,4,78,2025-08-11,138,0
48,2,13,2025-08-11,79,1
48,4,99,2025-08-11,222,0
48,2,35,2025-08-11,89,1
48,3,71,2025-08-11,177,1
48,3,71,2025-08-11,246,1
49,5,90,2025-08-11,224,0
49,4,42,2025-08-11,51,0
49,4,24,2025-08-11,287,0
49,4,20,2025-08-11,22,1
49,3,4,2025-08-11,108,0
50,5,58,2025-08-11,280,0
50,3,26,2025-08-11,189,0
50,1,50,2025-08-11,223,1
50,5,21,2025-08-11,37,1
50,5,90,2025-08-11,282,1
50,5,72,2025-08-11,89,0
50,5,7,2025-08-11,232,0
50,5,58,2025-08-11,298,0
50,5,84,2025-08-11,22,0
50,1,52,2025-08-11,141,0
1,2,69,2025-08-12,148,1
1,3,33,2025-08-12,47,1
1,3,93,2025-08-12,197,1
1,4,100,2025-08-12,185,1
1,4,78,2025-08-12,268,1
1,4,46,2025-08-12,244,1
2,5,47,2025-08-12,145,1
2,3,17,2025-08-12,252,1
2,2,92,2025-08-12,181,1
2,3,44,2025-08-12,147,1
2,4,76,2025-08-12,204,1
2,5,85,2025-08-12,21,1
2,2,64,2025-08-12,258,1
2,4,89,2025-08-12,203,1
3,1,16,2025-08-12,216,1
3,5,41,2025-08-12,103,1
3,1,16,2025-08-12,111,1
3,3,10,2025-08-12,143,1
3,2,88,2025-08-12,151,1
3,1,70,2025-08-12,278,1
4,2,14,2025-08-12,180,1
4,3,3,2025-08-12,156,1
4,5,85,2025-08-12,216,1
4,2,29,2025-08-12,96,1
4,3,6,2025-08-12,67,1
4,5,82,2025-08-12,115,1
4,5,5,2025-08-12,266,1
5,3,65,2025-08-12,138,1
5,3,65,2025-08-12,110,1
5,3,8,2025-08-12,35,1
5,4,67,2025-08-12,296,1
5,4,34,2025-08-12,195,1
5,5,57,2025-08-12,133,1
5,2,87,2025-08-12,27,1
5,3,8,2025-08-12,93,1
5,2,45,2025-08-12,33,1
5,3,71,2025-08-12,173,1
5,1,52,2025-08-12,216,1
6,1,12,2025-08-12,138,1
6,2,69,2025-08-12,158,1
6,1,60,2025-08-12,23,1
6,2,51,2025-08-12,252,1
6,3,65,2025-08-12,52,1
6,2,92,2025-08-12,290,1
6,2,45,2025-08-12,29,1
6,1,62,2025-08-12,229,1
7,5,5,2025-08-12,208,1
7,2,29,2025-08-12,93,1
7,4,49,2025-08-12,228,1
7,3,65,2025-08-12,95,1
7,3,44,2025-08-12,92,1
7,4,38,2025-08-12,267,1
8,5,37,2025-08-12,24,1
8,3,10,2025-08-12,296,1
8,1,52,2025-08-12,58,1
8,5,58,2025-08-12,185,1
8,5,5,2025-08-12,244,1
8,3,1,2025-08-12,144,1
8,4,49,2025-08-12,202,1
8,5,82,2025-08-12,119,1
9,2,96,2025-08-12,300,1
9,2,88,2025-08-12,176,1
9,2,63,2025-08-12,147,1
9,4,48,2025-08-12,157,1
9,2,74,2025-08-12,199,1
9,3,3,2025-08-12,263,1
9,5,72,2025-08-12,286,1
9,1,60,2025-08-12,211,1
9,4,78,2025-08-12,213,1
10,3,19,2025-08-12,59,1
10,4,59,2025-08-12,41,1
10,2,13,2025-08-12,128,1
10,5,85,2025-08-12,183,1
10,2,14,2025-08-12,257,1
10,2,64,2025-08-12,63,1
10,3,33,2025-08-12,243,1
10,5,72,2025-08-12,273,1
10,2,91,2025-08-12,215,1
10,5,47,2025-08-12,59,1
10,5,7,2025-08-12,149,1
11,1,15,2025-08-12,95,1
11,3,30,2025-08-12,123,1
11,5,82,2025-08-12,104,1
11,2,51,2025-08-12,59,1
11,2,45,2025-08-12,71,1
11,3,83,2025-08-12,122,1
11,2,88,2025-08-12,22,1
11,5,41,2025-08-12,42,1
11,4,56,2025-08-12,274,1
12,5,37,2025-08-12,195,1
12,1,62,2025-08-12,290,1
12,2,69,2025-08-12,252,1
12,2,96,2025-08-12,271,1
12,1,95,2025-08-12,202,1
12,1,62,2025-08-12,137,1
12,1,98,2025-08-12,224,1
12,3,10,2025-08-12,75,1
12,2,23,2025-08-12,166,1
12,3,19,2025-08-12,99,1
13,4,77,2025-08-12,207,1
13,4,59,2025-08-12,59,1
13,3,26,2025-08-12,97,1
13,2,92,2025-08-12,115,1
13,4,24,2025-08-12,227,1
13,4,66,2025-08-12,181,1
13,4,77,2025-08-12,224,1
13,3,1,2025-08-12,190,1
13,2,64,2025-08-12,184,1
14,3,3,2025-08-12,99,1
14,5,61,2025-08-12,266,1
14,1,62,2025-08-12,198,1
14,4,20,2025-08-12,104,1
14,4,46,2025-08-12,276,1
14,2,64,2025-08-12,269,1
14,3,9,2025-08-12,135,1
14,3,1,2025-08-12,251,1
14,1,16,2025-08-12,293,1
15,5,58,2025-08-12,80,1
15,1,70,2025-08-12,116,1
15,4,100,2025-08-12,213,1
15,3,4,2025-08-12,232,1
15,4,78,2025-08-12,129,1
15,3,73,2025-08-12,154,1
15,1,52,2025-08-12,98,1
15,2,45,2025-08-12,186,1
15,4,48,2025-08-12,185,1
15,1,53,2025-08-12,251,1
15,1,95,2025-08-12,244,1
16,4,11,2025-08-12,176,0
16,5,90,2025-08-12,46,0
16,2,64,2025-08-12,132,0
16,4,76,2025-08-12,184,0
16,3,93,2025-08-12,163,0
16,3,8,2025-08-12,283,0
16,5,7,2025-08-12,93,0
17,4,38,2025-08-12,54,0
17,1,15,2025-08-12,35,0
17,2,35,2025-08-12,235,0
17,2,80,2025-08-12,276,1
17,4,24,2025-08-12,176,0
17,1,62,2025-08-12,25,0
17,5,90,2025-08-12,163,0
17,3,71,2025-08-12,225,0
17,4,20,2025-08-12,93,0
17,2,91,2025-08-12,292,0
18,4,100,2025-08-12,284,1
18,1,62,2025-08-12,187,0
18,5,47,2025-08-12,45,0
18,4,38,2025-08-12,146,1
18,2,40,2025-08-12,31,0
19,4,89,2025-08-12,215,0
19,1,16,2025-08-12,250,0
19,1,60,2025-08-12,62,0
19,5,84,2025-08-12,212,0
19,4,100,2025-08-12,151,0
20,2,13,2025-08-12,231,0
20,2,79,2025-08-12,235,1
20,3,83,2025-08-12,261,1
20,1,15,2025-08-12,247,0
20,2,75,2025-08-12,280,0
20,5,90,2025-08-12,224,1
20,5,58,2025-08-12,59,0
20,3,8,2025-08-12,131,0
20,4,99,2025-08-12,258,0
20,4,94,2025-08-12,233,1
21,3,32,2025-08-12,183,1
21,2,88,2025-08-12,236,0
21,1,25,2025-08-12,270,1
21,3,17,2025-08-12,31,1
21,4,99,2025-08-12,180,1
22,3,30,2025-08-12,208,0
22,3,9,2025-08-12,172,0
22,4,38,2025-08-12,147,0
22,4,78,2025-08-12,213,0
22,1,25,2025-08-12,116,1
22,3,8,2025-08-12,201,1
22,4,56,2025-08-12,111,1
22,5,47,2025-08-12,262,0
22,2,75,2025-08-12,63,1
22,4,24,2025-08-12,145,0
23,4,38,2025-08-12,213,0
23,4,77,2025-08-12,259,0
23,3,6,2025-08-12,264,0
23,5,43,2025-08-12,159,0
23,2,29,2025-08-12,82,0
23,1,52,2025-08-12,157,0
23,2,69,2025-08-12,171,0
23,5,7,2025-08-12,54,0
23,3,65,2025-08-12,297,0
23,1,50,2025-08-12,160,0
23,1,95,2025-08-12,151,0
23,5,37,2025-08-12,193,0
24,1,52,2025-08-12,283,0
24,3,83,2025-08-12,63,1
24,4,100,2025-08-12,213,1
24,5,85,2025-08-12,79,1
24,4,46,2025-08-12,296,1
24,4,24,2025-08-12,202,1
24,4,78,2025-08-12,300,0
24,3,44,2025-08-12,121,1
24,2,27,2025-08-12,141,0
24,5,58,2025-08-12,192,1
24,2,18,2025-08-12,291,0
24,1,25,2025-08-12,53,0
25,5,5,2025-08-12,289,0
25,4,78,2025-08-12,96,0
25,5,58,2025-08-12,153,0
25,2,96,2025-08-12,67,0
25,2,79,2025-08-12,118,1
25,4,24,2025-08-12,87,0
26,1,81,2025-08-12,170,1
26,3,73,2025-08-12,29,0
26,4,49,2025-08-12,243,0
26,1,98,2025-08-12,233,0
26,1,12,2025-08-12,71,0
27,4,94,2025-08-12,131,0
27,2,75,2025-08-12,104,0
27,3,3,2025-08-12,245,0
27,1,52,2025-08-12,226,0
27,5,43,2025-08-12,213,0
27,2,64,2025-08-12,197,0
27,5,41,2025-08-12,125,0
27,4,49,2025-08-12,98,0
27,2,69,2025-08-12,205,0
28,3,55,2025-08-12,112,1
28,3,97,2025-08-12,182,0
28,3,33,2025-08-12,107,0
28,4,38,2025-08-12,67,0
28,1,62,2025-08-12,206,0
28,5,43,2025-08-12,97,0
28,1,81,2025-08-12,292,0
28,4,54,2025-08-12,222,0
28,3,6,2025-08-12,148,0
28,1,70,2025-08-12,291,0
28,3,3,2025-08-12,33,1
28,2,87,2025-08-12,263,1
29,3,10,2025-08-12,172,0
29,4,34,2025-08-12,194,0
29,2,92,2025-08-12,43,0
29,2,14,2025-08-12,102,0
29,3,3,2025-08-12,62,0
29,4,99,2025-08-12,252,0
30,4,38,2025-08-12,86,0
30,2,2,2025-08-12,98,0
30,2,63,2025-08-12,98,0
30,3,10,2025-08-12,242,1
30,4,24,2025-08-12,79,0
30,2,2,2025-08-12,31,0
30,4,49,2025-08-12,126,1
30,3,3,2025-08-12,82,1
30,4,66,2025-08-12,233,0
30,2,13,2025-08-12,169,0
30,4,78,2025-08-12,187,0
31,5,58,2025-08-12,24,0
31,1,98,2025-08-12,289,0
31,4,11,2025-08-12,22,0
31,2,79,2025-08-12,30,1
31,1,25,2025-08-12,121,0
31,2,14,2025-08-12,273,1
31,3,10,2025-08-12,228,0
31,2,45,2025-08-12,242,1
31,4,94,2025-08-12,145,0
31,3,73,2025-08-12,107,1
32,5,28,2025-08-12,115,0
32,3,68,2025-08-12,87,1
32,5,84,2025-08-12,239,0
32,4,99,2025-08-12,43,0
32,3,83,2025-08-12,247,0
32,2,69,2025-08-12,158,1
32,4,38,2025-08-12,151,0
33,2,79,2025-08-12,265,1
33,1,53,2025-08-12,297,0
33,2,13,2025-08-12,67,0
33,2,69,2025-08-12,190,1
33,1,98,2025-08-12,242,0
33,3,4,2025-08-12,145,0
33,4,56,2025-08-12,278,0
33,4,24,2025-08-12,259,1
33,2,35,2025-08-12,91,1
33,5,61,2025-08-12,193,0
34,1,95,2025-08-12,114,1
34,4,76,2025-08-12,219,1
34,4,24,2025-08-12,29,1
34,3,3,2025-08-12,132,0
34,3,19,2025-08-12,273,1
34,4,94,2025-08-12,159,1
34,3,19,2025-08-12,188,0
35,3,83,2025-08-12,20,0
35,4,54,2025-08-12,228,0
35,5,90,2025-08-12,124,1
35,5,37,2025-08-12,112,0
35,2,92,2025-08-12,121,0
35,4,42,2025-08-12,201,1
35,5,84,2025-08-12,139,1
35,1,70,2025-08-12,20,0
35,4,49,2025-08-12,294,0
35,3,71,2025-08-12,165,0
36,5,85,2025-08-12,275,0
36,4,67,2025-08-12,79,0
36,4,48,2025-08-12,299,0
36,3,68,2025-08-12,178,1
36,2,27,2025-08-12,37,0
36,4,42,2025-08-12,249,0
36,4,49,2025-08-12,55,0
36,3,97,2025-08-12,44,0
36,2,92,2025-08-12,271,0
36,2,63,2025-08-12,238,0
37,1,81,2025-08-12,117,1
37,4,34,2025-08-12,297,1
37,1,81,2025-08-12,178,0
37,1,60,2025-08-12,88,1
37,5,85,2025-08-12,119,0
37,4,56,2025-08-12,206,1
37,4,11,2025-08-12,59,0
37,1,16,2025-08-12,196,1
38,3,4,2025-08-12,38,1
38,4,38,2025-08-12,263,1
38,1,16,2025-08-12,155,0
38,5,86,2025-08-12,239,1
38,2,69,2025-08-12,181,0
38,2,13,2025-08-12,129,0
38,1,53,2025-08-12,98,0
39,4,49,2025-08-12,241,0
39,4,34,2025-08-12,56,0
39,4,94,2025-08-12,283,1
39,5,85,2025-08-12,106,0
39,3,31,2025-08-12,180,0
39,2,92,2025-08-12,136,0
39,3,68,2025-08-12,178,1
39,4,76,2025-08-12,198,1
39,3,55,2025-08-12,54,0
39,3,73,2025-08-12,255,0
40,4,54,2025-08-12,222,1
40,5,21,2025-08-12,165,1
40,5,21,2025-08-12,196,1
40,1,52,2025-08-12,108,0
40,4,99,2025-08-12,86,0
40,4,56,2025-08-12,44,1
40,1,50,2025-08-12,288,0
41,4,77,2025-08-12,166,0
41,4,59,2025-08-12,145,0
41,3,9,2025-08-12,222,1
41,4,42,2025-08-12,56,0
41,5,41,2025-08-12,133,1
41,2,75,2025-08-12,238,1
41,4,11,2025-08-12,224,0
41,3,83,2025-08-12,57,0
41,4,54,2025-08-12,146,0
41,1,50,2025-08-12,287,1
41,2,36,2025-08-12,50,0
42,2,63,2025-08-12,224,1
42,4,67,2025-08-12,144,0
42,5,72,2025-08-12,59,1
42,3,68,2025-08-12,147,0
42,3,8,2025-08-12,267,0
42,2,22,2025-08-12,170,1
42,5,5,2025-08-12,103,0
42,2,22,2025-08-12,187,0
43,1,25,2025-08-12,187,1
43,1,62,2025-08-12,88,0
43,1,98,2025-08-12,77,1
43,4,59,2025-08-12,105,0
43,1,52,2025-08-12,289,0
43,4,56,2025-08-12,272,0
43,5,61,2025-08-12,34,0
43,2,79,2025-08-12,31,0
43,5,84,2025-08-12,92,1
43,3,3,2025-08-12,38,0
43,1,39,2025-08-12,106,1
44,2,29,2025-08-12,24,0
44,2,96,2025-08-12,275,0
44,5,72,2025-08-12,271,0
44,5,86,2025-08-12,254,0
44,3,17,2025-08-12,187,1
44,2,14,2025-08-12,87,0
44,4,77,2025-08-12,253,1
44,2,96,2025-08-12,270,1
44,2,88,2025-08-12,56,0
44,3,9,2025-08-12,293,0
45,2,88,2025-08-12,113,0
45,3,26,2025-08-12,71,0
45,5,47,2025-08-12,83,0
45,1,53,2025-08-12,199,1
45,2,87,2025-08-12,300,0
45,1,50,2025-08-12,215,0
46,2,79,2025-08-12,190,0
46,2,51,2025-08-12,286,1
46,5,90,2025-08-12,131,0
46,3,26,2025-08-12,203,0
46,3,97,2025-08-12,149,1
46,3,19,2025-08-12,295,0
46,4,34,2025-08-12,23,0
46,5,47,2025-08-12,146,0
46,2,40,2025-08-12,61,0
46,2,63,2025-08-12,185,1
47,2,2,2025-08-12,40,1
47,5,58,2025-08-12,158,0
47,2,69,2025-08-12,239,0
47,4,48,2025-08-12,37,0
47,1,15,2025-08-12,115,1
47,4,59,2025-08-12,187,0
47,1,98,2025-08-12,246,0
47,2,40,2025-08-12,98,0
47,4,66,2025-08-12,98,1
48,2,40,2025-08-12,227,0
48,3,3,2025-08-12,242,1
48,1,52,2025-08-12,291,1
48,5,57,2025-08-12,261,0
48,2,80,2025-08-12,112,0
48,2,64,2025-08-12,106,0
48,2,80,2025-08-12,37,0
48,2,40,2025-08-12,217,0
48,3,31,2025-08-12,209,0
48,5,58,2025-08-12,266,1
48,2,96,2025-08-12,182,1
49,3,10,2025-08-12,201,1
49,2,63,2025-08-12,208,0
49,2,51,2025-08-12,76,0
49,3,17,2025-08-12,127,0
49,3,32,2025-08-12,257,0
49,3,97,2025-08-12,71,0
49,5,82,2025-08-12,147,0
49,5,41,2025-08-12,48,0
50,3,71,2025-08-12,295,1
50,3,93,2025-08-12,265,0
50,3,31,2025-08-12,181,1
50,5,90,2025-08-12,104,0
50,3,19,2025-08-12,199,0
1,2,23,2025-08-13,251,1
1,5,84,2025-08-13,125,1
1,1,53,2025-08-13,206,1
1,4,34,2025-08-13,43,1
1,3,30,2025-08-13,185,1
1,5,43,2025-08-13,140,1
1,4,38,2025-08-13,239,1
1,2,23,2025-08-13,58,1
1,5,28,2025-08-13,41,1
1,4,56,2025-08-13,126,1
1,3,17,2025-08-13,66,1
1,5,47,2025-08-13,121,1
2,5,86,2025-08-13,141,1
2,5,21,2025-08-13,221,1
2,4,42,2025-08-13,148,1
2,2,79,2025-08-13,239,1
2,2,14,2025-08-13,155,1
2,2,64,2025-08-13,192,1
2,1,52,2025-08-13,122,1
2,3,4,2025-08-13,142,1
2,2,29,2025-08-13,179,1
2,5,5,2025-08-13,99,1
2,2,63,2025-08-13,186,1
3,4,34,2025-08-13,186,1
3,1,50,2025-08-13,235,1
3,5,84,2025-08-13,172,1
3,3,33,2025-08-13,211,1
3,1,52,2025-08-13,126,1
3,5,41,2025-08-13,201,1
3,2,22,2025-08-13,53,1
3,3,9,2025-08-13,144,1
3,3,83,2025-08-13,233,1
4,2,79,2025-08-13,259,1
4,2,13,2025-08-13,132,1
4,2,91,2025-08-13,265,1
4,2,75,2025-08-13,131,1
4,5,43,2025-08-13,233,1
4,2,79,2025-08-13,163,1
4,3,33,2025-08-13,179,1
4,2,35,2025-08-13,86,1
4,5,61,2025-08-13,160,1
4,4,48,2025-08-13,207,1
4,4,76,2025-08-13,172,1
5,5,43,2025-08-13,230,1
5,2,23,2025-08-13,28,1
5,5,72,2025-08-13,88,1
5,5,5,2025-08-13,154,1
5,1,70,2025-08-13,134,1
5,4,77,2025-08-13,114,1
5,5,82,2025-08-13,232,1
5,3,68,2025-08-13,143,1
5,4,76,2025-08-13,152,1
5,2,92,2025-08-13,241,1
5,4,76,2025-08-13,270,1
5,2,35,2025-08-13,259,1
6,3,19,2025-08-13,247,1
6,5,21,2025-08-13,279,1
6,1,98,2025-08-13,237,1
6,3,33,2025-08-13,251,1
6,1,16,2025-08-13,207,1
6,4,42,2025-08-13,278,1
6,1,15,2025-08-13,105,1
6,5,41,2025-08-13,89,1
6,4,76,2025-08-13,226,1
6,3,93,2025-08-13,138,1
6,1,81,2025-08-13,73,1
7,2,23,2025-08-13,107,1
7,3,97,2025-08-13,99,1
7,1,95,2025-08-13,267,1
7,1,25,2025-08-13,283,1
7,3,68,2025-08-13,193,1
7,1,81,2025-08-13,220,1
7,2,45,2025-08-13,34,1
7,4,78,2025-08-13,260,1
7,4,67,2025-08-13,165,1
8,3,83,2025-08-13,222,1
8,2,64,2025-08-13,98,1
8,5,28,2025-08-13,39,1
8,5,47,2025-08-13,189,1
8,5,61,2025-08-13,46,1
8,2,75,2025-08-13,180,1
8,2,64,2025-08-13,242,1
8,3,1,2025-08-13,20,1
9,2,13,2025-08-13,166,1
9,5,43,2025-08-13,215,1
9,4,34,2025-08-13,27,1
9,4,76,2025-08-13,222,1
9,5,72,2025-08-13,161,1
9,2,80,2025-08-13,208,1
9,4,24,2025-08-13,268,1
9,3,55,2025-08-13,152,1
9,4,59,2025-08-13,297,1
9,1,60,2025-08-13,213,1
9,5,72,2025-08-13,112,1
9,2,2,2025-08-13,55,1
10,2,27,2025-08-13,156,1
10,4,56,2025-08-13,83,1
10,5,5,2025-08-13,161,1
10,2,80,2025-08-13,65,1
10,3,97,2025-08-13,108,1
10,1,50,2025-08-13,264,1
10,3,26,2025-08-13,130,1
10,5,61,2025-08-13,221,1
10,4,48,2025-08-13,129,1
11,5,7,2025-08-13,205,1
11,3,83,2025-08-13,46,1
11,3,26,2025-08-13,221,1
11,4,49,2025-08-13,111,1
11,1,98,2025-08-13,27,1
11,3,73,2025-08-13,285,1
11,2,91,2025-08-13,261,1
11,5,61,2025-08-13,26,1
12,4,34,2025-08-13,209,1
12,2,64,2025-08-13,245,1
12,2,64,2025-08-13,218,1
12,4,56,2025-08-13,137,1
12,2,92,2025-08-13,145,1
12,5,7,2025-08-13,161,1
12,3,44,2025-08-13,134,1
12,1,62,2025-08-13,197,1
13,3,3,2025-08-13,69,1
13,2,27,2025-08-13,137,1
13,3,6,2025-08-13,107,1
13,3,71,2025-08-13,112,1
13,4,34,2025-08-13,262,1
13,4,66,2025-08-13,62,1
13,1,39,2025-08-13,268,1
13,3,65,2025-08-13,195,1
13,1,60,2025-08-13,173,1
13,4,100,2025-08-13,132,1
13,2,64,2025-08-13,118,1
13,2,80,2025-08-13,76,1
14,1,95,2025-08-13,171,1
14,5,28,2025-08-13,79,1
14,5,82,2025-08-13,22,1
14,4,94,2025-08-13,265,1
14,3,9,2025-08-13,135,1
14,1,95,2025-08-13,248,1
14,1,70,2025-08-13,205,1
14,4,48,2025-08-13,148,1
14,5,61,2025-08-13,108,1
14,3,32,2025-08-13,280,1
15,3,73,2025-08-13,229,1
15,5,37,2025-08-13,138,1
15,5,41,2025-08-13,245,1
15,3,83,2025-08-13,243,1
15,3,9,2025-08-13,212,1
15,3,10,2025-08-13,134,1
15,1,50,2025-08-13,128,1
15,3,44,2025-08-13,35,1
15,3,31,2025-08-13,63,1
15,2,63,2025-08-13,264,1
15,4,34,2025-08-13,251,1
16,2,27,2025-08-13,202,0
16,3,32,2025-08-13,96,1
16,4,24,2025-08-13,159,1
16,2,87,2025-08-13,75,0
16,5,57,2025-08-13,118,0
17,5,57,2025-08-13,254,0
17,2,75,2025-08-13,85,0
17,1,70,2025-08-13,132,1
17,4,89,2025-08-13,152,0
17,2,14,2025-08-13,82,0
17,4,100,2025-08-13,187,0
17,1,52,2025-08-13,139,1
17,3,32,2025-08-13,57,0
17,5,43,2025-08-13,218,1
17,4,59,2025-08-13,254,1
18,3,8,2025-08-13,207,0
18,1,16,2025-08-13,245,0
18,2,51,2025-08-13,200,0
18,2,79,2025-08-13,208,1
18,4,67,2025-08-13,291,1
18,3,44,2025-08-13,58,0
19,3,97,2025-08-13,228,0
19,5,41,2025-08-13,103,0
19,4,78,2025-08-13,278,0
19,1,70,2025-08-13,98,0
19,1,98,2025-08-13,161,1
20,2,29,2025-08-13,141,0
20,4,46,2025-08-13,144,0
20,1,81,2025-08-13,22,1
20,5,21,2025-08-13,50,1
20,3,9,2025-08-13,142,1
20,1,15,2025-08-13,258,1
20,2,88,2025-08-13,60,1
20,2,69,2025-08-13,213,1
21,2,22,2025-08-13,195,0
21,1,98,2025-08-13,198,0
21,2,40,2025-08-13,215,0
21,2,40,2025-08-13,110,0
21,4,67,2025-08-13,149,0
21,4,56,2025-08-13,265,1
22,4,38,2025-08-13,273,1
22,2,29,2025-08-13,168,1
22,3,9,2025-08-13,72,0
22,4,76,2025-08-13,165,0
22,2,36,2025-08-13,155,1
23,4,11,2025-08-13,296,0
23,4,38,2025-08-13,181,1
23,2,79,2025-08-13,220,1
23,3,83,2025-08-13,26,0
23,3,71,2025-08-13,253,0
23,1,50,2025-08-13,103,1
23,2,13,2025-08-13,29,1
24,3,68,2025-08-13,205,1
24,2,45,2025-08-13,256,0
24,5,82,2025-08-13,180,1
24,4,54,2025-08-13,185,1
24,4,20,2025-08-13,25,0
25,5,41,2025-08-13,281,0
25,1,53,2025-08-13,160,1
25,5,86,2025-08-13,236,0
25,1,39,2025-08-13,167,0
25,2,2,2025-08-13,41,0
25,2,36,2025-08-13,139,0
25,3,33,2025-08-13,285,1
25,1,53,2025-08-13,82,1
26,5,84,2025-08-13,192,0
26,3,1,2025-08-13,171,1
26,4,54,2025-08-13,33,1
26,5,37,2025-08-13,171,1
26,5,72,2025-08-13,190,0
26,3,10,2025-08-13,249,0
27,2,14,2025-08-13,142,1
27,3,97,2025-08-13,240,0
27,5,57,2025-08-13,100,0
27,5,43,2025-08-13,122,0
27,3,68,2025-08-13,87,1
27,3,17,2025-08-13,131,0
28,2,13,2025-08-13,42,0
28,2,64,2025-08-13,61,0
28,3,10,2025-08-13,189,0
28,2,96,2025-08-13,55,0
28,3,26,2025-08-13,283,0
28,5,86,2025-08-13,248,0
28,3,10,2025-08-13,264,0
28,4,100,2025-08-13,36,0
28,3,32,2025-08-13,105,0
28,2,63,2025-08-13,166,1
28,4,76,2025-08-13,244,0
28,2,88,2025-08-13,140,0
29,3,68,2025-08-13,51,0
29,5,85,2025-08-13,57,0
29,1,16,2025-08-13,176,0
29,4,99,2025-08-13,70,0
29,1,16,2025-08-13,98,0
29,4,46,2025-08-13,21,1
29,4,76,2025-08-13,299,1
30,4,20,2025-08-13,127,0
30,1,15,2025-08-13,75,1
30,3,17,2025-08-13,158,0
30,5,85,2025-08-13,119,0
30,3,93,2025-08-13,252,1
30,4,56,2025-08-13,268,0
30,5,47,2025-08-13,100,0
30,5,43,2025-08-13,184,0
30,5,7,2025-08-13,86,1
30,1,70,2025-08-13,22,0
31,1,50,2025-08-13,113,1
31,4,99,2025-08-13,30,0
31,2,13,2025-08-13,296,0
31,2,2,2025-08-13,35,1
31,2,88,2025-08-13,227,0
32,2,64,2025-08-13,145,1
32,4,59,2025-08-13,299,0
32,4,11,2025-08-13,242,1
32,1,25,2025-08-13,142,0
32,3,26,2025-08-13,108,0
32,1,70,2025-08-13,255,1
32,1,70,2025-08-13,298,0
32,5,7,2025-08-13,44,0
32,4,42,2025-08-13,270,0
32,4,76,2025-08-13,254,0
32,5,5,2025-08-13,275,0
32,3,31,2025-08-13,289,0
33,3,3,2025-08-13,300,0
33,1,81,2025-08-13,129,1
33,2,35,2025-08-13,224,0
33,1,25,2025-08-13,262,0
33,4,34,2025-08-13,246,0
33,5,61,2025-08-13,129,1
34,1,16,2025-08-13,272,0
34,3,32,2025-08-13,197,1
34,2,23,2025-08-13,143,1
34,2,51,2025-08-13,194,1
34,2,79,2025-08-13,57,1
34,5,21,2025-08-13,142,1
35,1,95,2025-08-13,178,0
35,3,10,2025-08-13,146,1
35,5,21,2025-08-13,226,1
35,5,82,2025-08-13,91,0
35,2,74,2025-08-13,253,1
35,3,93,2025-08-13,176,0
36,2,22,2025-08-13,25,0
36,3,31,2025-08-13,40,1
36,2,23,2025-08-13,223,1
36,5,90,2025-08-13,49,1
36,3,44,2025-08-13,191,1
37,1,52,2025-08-13,262,0
37,3,83,2025-08-13,178,1
37,3,68,2025-08-13,246,1
37,3,31,2025-08-13,273,0
37,3,65,2025-08-13,132,0
37,1,15,2025-08-13,223,0
37,5,90,2025-08-13,199,1
37,1,12,2025-08-13,213,0
37,4,42,2025-08-13,126,1
37,3,55,2025-08-13,97,0
37,2,79,2025-08-13,177,0
37,4,67,2025-08-13,112,1
38,5,28,2025-08-13,241,0
38,2,88,2025-08-13,84,0
38,3,31,2025-08-13,295,1
38,2,63,2025-08-13,104,1
38,2,2,2025-08-13,193,0
38,2,92,2025-08-13,104,1
38,3,19,2025-08-13,274,0
39,1,50,2025-08-13,199,0
39,2,74,2025-08-13,177,0
39,5,84,2025-08-13,243,0
39,2,91,2025-08-13,137,0
39,3,32,2025-08-13,86,1
40,4,78,2025-08-13,279,1
40,3,31,2025-08-13,28,0
40,2,23,2025-08-13,159,1
40,5,47,2025-08-13,216,0
40,1,62,2025-08-13,163,1
40,5,41,2025-08-13,82,0
40,2,45,2025-08-13,261,0
40,5,41,2025-08-13,271,0
41,3,65,2025-08-13,107,0
41,2,88,2025-08-13,294,1
41,3,3,2025-08-13,103,1
41,2,79,2025-08-13,297,1
41,4,66,2025-08-13,267,1
41,5,5,2025-08-13,170,0
42,3,26,2025-08-13,71,0
42,3,17,2025-08-13,272,1
42,4,100,2025-08-13,20,0
42,2,75,2025-08-13,75,1
42,4,59,2025-08-13,232,0
42,2,29,2025-08-13,257,1
42,5,5,2025-08-13,299,0
43,3,4,2025-08-13,48,0
43,3,9,2025-08-13,281,0
43,4,46,2025-08-13,39,0
43,5,85,2025-08-13,213,0
43,2,74,2025-08-13,289,0
43,4,34,2025-08-13,246,1
43,4,11,2025-08-13,289,0
43,2,87,2025-08-13,222,1
43,2,27,2025-08-13,139,1
43,2,36,2025-08-13,82,1
44,4,99,2025-08-13,282,1
44,5,21,2025-08-13,277,0
44,2,18,2025-08-13,80,1
44,3,31,2025-08-13,297,0
44,2,36,2025-08-13,174,1
44,1,50,2025-08-13,177,1
44,2,74,2025-08-13,278,0
44,5,58,2025-08-13,199,0
44,2,63,2025-08-13,248,0
44,3,9,2025-08-13,108,0
44,2,22,2025-08-13,41,1
44,3,93,2025-08-13,131,0
45,4,59,2025-08-13,125,0
45,1,50,2025-08-13,41,0
45,2,35,2025-08-13,152,0
45,5,41,2025-08-13,205,1
45,4,66,2025-08-13,269,1
45,1,53,2025-08-13,106,0
45,4,56,2025-08-13,296,1
45,2,87,2025-08-13,257,0
45,3,4,2025-08-13,188,1
45,5,5,2025-08-13,114,0
46,1,62,2025-08-13,201,0
46,2,51,2025-08-13,220,1
46,3,73,2025-08-13,250,0
46,1,25,2025-08-13,245,1
46,2,88,2025-08-13,75,1
47,5,90,2025-08-13,58,0
47,2,87,2025-08-13,237,1
47,4,34,2025-08-13,88,1
47,1,53,2025-08-13,282,0
47,4,54,2025-08-13,163,0
47,4,99,2025-08-13,76,0
47,4,76,2025-08-13,80,0
47,5,85,2025-08-13,300,1
47,4,34,2025-08-13,206,0
47,5,21,2025-08-13,158,0
48,2,18,2025-08-13,291,1
48,1,53,2025-08-13,300,0
48,3,68,2025-08-13,232,0
48,2,92,2025-08-13,124,0
48,2,22,2025-08-13,104,0
48,4,46,2025-08-13,198,1
48,3,17,2025-08-13,206,1
48,2,87,2025-08-13,228,0
48,5,37,2025-08-13,275,1
48,2,22,2025-08-13,255,1
48,4,89,2025-08-13,252,1
49,1,15,2025-08-13,175,0
49,4,77,2025-08-13,134,0
49,4,76,2025-08-13,86,0
49,4,99,2025-08-13,175,0
49,4,99,2025-08-13,73,0
49,3,6,2025-08-13,129,0
49,1,52,2025-08-13,237,1
49,3,32,2025-08-13,195,1
49,3,4,2025-08-13,206,0
49,2,87,2025-08-13,261,0
50,4,24,2025-08-13,257,1
50,5,85,2025-08-13,118,0
50,2,51,2025-08-13,20,0
50,2,23,2025-08-13,104,0
50,1,53,2025-08-13,281,0
50,3,33,2025-08-13,152,0
1,4,20,2025-08-14,273,1
1,4,94,2025-08-14,77,1
1,4,94,2025-08-14,218,1
1,2,80,2025-08-14,108,1
1,5,58,2025-08-14,42,1
1,3,65,2025-08-14,42,1
1,4,59,2025-08-14,138,1
1,5,61,2025-08-14,223,1
1,3,71,2025-08-14,283,1
1,3,71,2025-08-14,234,1
1,3,19,2025-08-14,235,1
2,1,16,2025-08-14,86,1
2,4,42,2025-08-14,46,1
2,5,28,2025-08-14,176,1
2,4,66,2025-08-14,167,1
2,3,44,2025-08-14,248,1
3,4,76,2025-08-14,217,1
3,2,45,2025-08-14,251,1
3,2,75,2025-08-14,147,1
3,4,24,2025-08-14,257,1
3,2,35,2025-08-14,189,1
3,5,57,2025-08-14,291,1
3,1,70,2025-08-14,176,1
3,5,61,2025-08-14,89,1
3,2,79,2025-08-14,154,1
4,1,62,2025-08-14,133,1
4,3,10,2025-08-14,254,1
4,2,75,2025-08-14,248,1
4,5,86,2025-08-14,272,1
4,2,96,2025-08-14,34,1
4,1,50,2025-08-14,82,1
4,1,39,2025-08-14,60,1
4,5,47,2025-08-14,128,1
4,2,51,2025-08-14,44,1
4,4,20,2025-08-14,196,1
4,1,52,2025-08-14,180,1
5,1,70,2025-08-14,104,1
5,2,18,2025-08-14,112,1
5,5,41,2025-08-14,66,1
5,3,71,2025-08-14,143,1
5,3,8,2025-08-14,298,1
5,4,67,2025-08-14,38,1
6,4,49,2025-08-14,56,1
6,3,68,2025-08-14,65,1
6,3,9,2025-08-14,179,1
6,2,74,2025-08-14,41,1
6,5,47,2025-08-14,279,1
6,5,61,2025-08-14,74,1
6,3,71,2025-08-14,65,1
6,4,99,2025-08-14,244,1
6,2,29,2025-08-14,149,1
6,2,51,2025-08-14,103,1
6,2,2,2025-08-14,103,1
6,2,27,2025-08-14,217,1
7,3,83,2025-08-14,86,1
7,5,90,2025-08-14,31,1
7,5,72,2025-08-14,169,1
7,5,85,2025-08-14,193,1
7,2,27,2025-08-14,196,1
8,5,28,2025-08-14,38,1
8,2,13,2025-08-14,109,1
8,1,16,2025-08-14,285,1
8,2,13,2025-08-14,283,1
8,1,53,2025-08-14,26,1
8,3,9,2025-08-14,162,1
8,3,97,2025-08-14,59,1
9,3,31,2025-08-14,49,1
9,5,21,2025-08-14,152,1
9,1,12,2025-08-14,262,1
9,3,55,2025-08-14,269,1
9,3,6,2025-08-14,197,1
9,2,69,2025-08-14,93,1
9,4,48,2025-08-14,226,1
10,5,58,2025-08-14,138,1
10,2,92,2025-08-14,47,1
10,3,30,2025-08-14,202,1
10,5,84,2025-08-14,136,1
10,1,60,2025-08-14,33,1
10,4,42,2025-08-14,60,1
10,3,71,2025-08-14,29,1
10,5,37,2025-08-14,63,1
10,5,90,2025-08-14,184,1
10,4,100,2025-08-14,188,1
10,3,44,2025-08-14,61,1
11,3,31,2025-08-14,173,1
11,4,42,2025-08-14,37,1
11,4,67,2025-08-14,282,1
11,3,68,2025-08-14,98,1
11,3,30,2025-08-14,177,1
11,1,15,2025-08-14,45,1
12,3,33,2025-08-14,29,1
12,4,54,2025-08-14,80,1
12,4,11,2025-08-14,171,1
12,5,84,2025-08-14,152,1
12,3,31,2025-08-14,81,1
12,4,56,2025-08-14,243,1
12,3,83,2025-08-14,163,1
13,4,67,2025-08-14,243,1
13,2,79,2025-08-14,115,1
13,1,12,2025-08-14,278,1
13,4,11,2025-08-14,29,1
13,1,50,2025-08-14,61,1
13,3,9,2025-08-14,111,1
13,5,58,2025-08-14,227,1
13,2,69,2025-08-14,224,1
14,3,26,2025-08-14,77,1
14,4,38,2025-08-14,226,1
14,4,99,2025-08-14,157,1
14,3,30,2025-08-14,212,1
14,5,85,2025-08-14,163,1
15,2,13,2025-08-14,294,1
15,3,9,2025-08-14,277,1
15,3,32,2025-08-14,272,1
15,4,24,2025-08-14,111,1
15,3,6,2025-08-14,267,1
15,5,43,2025-08-14,289,1
15,4,54,2025-08-14,40,1
15,4,99,2025-08-14,293,1
16,1,39,2025-08-14,125,0
16,2,69,2025-08-14,275,1
16,3,9,2025-08-14,62,0
16,3,65,2025-08-14,125,0
16,2,92,2025-08-14,121,0
16,2,35,2025-08-14,238,0
16,2,69,2025-08-14,44,0
16,4,99,2025-08-14,56,0
16,2,13,2025-08-14,266,0
16,4,49,2025-08-14,113,0
16,5,82,2025-08-14,202,0
16,1,25,2025-08-14,136,0
17,3,4,2025-08-14,279,0
17,3,31,2025-08-14,174,1
17,4,42,2025-08-14,74,0
17,2,45,2025-08-14,160,0
17,3,32,2025-08-14,138,1
17,5,72,2025-08-14,164,1
17,4,48,2025-08-14,57,0
17,2,23,2025-08-14,148,0
17,1,60,2025-08-14,34,1
17,3,44,2025-08-14,247,0
17,4,54,2025-08-14,180,1
18,3,31,2025-08-14,106,0
18,4,99,2025-08-14,47,0
18,4,11,2025-08-14,69,0
18,3,33,2025-08-14,57,0
18,4,49,2025-08-14,144,0
18,3,55,2025-08-14,214,1
18,4,34,2025-08-14,260,0
18,5,41,2025-08-14,105,1
18,4,100,2025-08-14,220,0
18,3,30,2025-08-14,77,1
18,1,53,2025-08-14,284,1
19,3,55,2025-08-14,48,1
19,4,20,2025-08-14,75,1
19,2,18,2025-08-14,264,0
19,4,66,2025-08-14,298,1
19,4,49,2025-08-14,172,0
19,2,75,2025-08-14,154,0
19,5,21,2025-08-14,245,0
19,4,46,2025-08-14,30,0
19,4,76,2025-08-14,282,0
19,5,7,2025-08-14,253,0
19,2,45,2025-08-14,87,0
19,3,44,2025-08-14,88,0
20,1,98,2025-08-14,185,1
20,2,96,2025-08-14,241,0
20,1,53,2025-08-14,216,0
20,5,41,2025-08-14,270,0
20,3,8,2025-08-14,107,1
20,4,24,2025-08-14,74,1
20,1,12,2025-08-14,236,0
21,2,23,2025-08-14,295,1
21,5,85,2025-08-14,245,1
21,5,47,2025-08-14,80,0
21,2,45,2025-08-14,230,0
21,4,59,2025-08-14,102,0
21,1,98,2025-08-14,269,0
21,4,67,2025-08-14,258,1
21,1,39,2025-08-14,247,0
21,4,94,2025-08-14,264,0
21,1,53,2025-08-14,150,0
21,4,77,2025-08-14,48,0
22,4,11,2025-08-14,205,1
22,2,69,2025-08-14,91,0
22,2,35,2025-08-14,99,0
22,2,13,2025-08-14,83,0
22,3,10,2025-08-14,225,0
22,5,61,2025-08-14,41,1
22,5,57,2025-08-14,272,0
22,2,64,2025-08-14,149,1
22,2,63,2025-08-14,246,0
23,3,1,2025-08-14,252,0
23,1,39,2025-08-14,129,1
23,5,28,2025-08-14,132,1
23,4,48,2025-08-14,263,1
23,2,75,2025-08-14,133,1
23,3,93,2025-08-14,169,0
23,2,88,2025-08-14,200,0
24,1,52,2025-08-14,161,1
24,1,60,2025-08-14,294,0
24,3,19,2025-08-14,250,1
24,1,60,2025-08-14,137,0
24,5,21,2025-08-14,290,1
24,3,9,2025-08-14,271,0
24,5,5,2025-08-14,90,0
24,5,58,2025-08-14,229,0
25,1,60,2025-08-14,200,1
25,4,24,2025-08-14,291,0
25,1,81,2025-08-14,176,0
25,2,2,2025-08-14,241,0
25,3,30,2025-08-14,92,0
25,3,3,2025-08-14,67,0
25,4,77,2025-08-14,44,1
25,2,29,2025-08-14,125,1
25,5,43,2025-08-14,59,0
25,3,73,2025-08-14,141,0
25,1,95,2025-08-14,294,0
25,3,9,2025-08-14,161,0
26,3,55,2025-08-14,129,0
26,2,80,2025-08-14,21,0
26,4,24,2025-08-14,78,1
26,2,13,2025-08-14,167,0
26,5,86,2025-08-14,70,1
26,3,68,2025-08-14,296,1
26,1,60,2025-08-14,169,0
26,2,87,2025-08-14,229,1
26,2,35,2025-08-14,297,0
26,5,47,2025-08-14,41,0
27,2,35,2025-08-14,82,1
27,3,17,2025-08-14,164,0
27,3,83,2025-08-14,41,0
27,3,32,2025-08-14,241,0
27,3,31,2025-08-14,205,0
27,3,73,2025-08-14,215,1
27,5,72,2025-08-14,173,1
27,1,15,2025-08-14,269,0
27,5,21,2025-08-14,183,1
27,5,84,2025-08-14,97,1
28,4,89,2025-08-14,73,1
28,5,90,2025-08-14,207,0
28,2,36,2025-08-14,44,0
28,4,24,2025-08-14,63,1
28,2,35,2025-08-14,105,0
28,3,31,2025-08-14,84,1
28,2,64,2025-08-14,266,1
28,3,73,2025-08-14,274,0
28,5,61,2025-08-14,158,0
28,4,42,2025-08-14,33,1
29,3,68,2025-08-14,23,0
29,3,73,2025-08-14,95,0
29,4,66,2025-08-14,235,1
29,1,81,2025-08-14,140,0
29,1,81,2025-08-14,113,0
29,5,85,2025-08-14,236,0
29,2,29,2025-08-14,71,1
29,2,14,2025-08-14,63,1
29,2,35,2025-08-14,25,0
29,3,32,2025-08-14,60,1
30,3,33,2025-08-14,193,0
30,4,56,2025-08-14,119,1
30,5,21,2025-08-14,131,0
30,2,23,2025-08-14,54,0
30,2,91,2025-08-14,81,0
30,4,49,2025-08-14,253,1
30,5,43,2025-08-14,187,0
30,4,20,2025-08-14,181,0
31,2,91,2025-08-14,229,1
31,4,99,2025-08-14,288,1
31,2,29,2025-08-14,73,1
31,4,78,2025-08-14,97,1
31,3,17,2025-08-14,163,1
31,2,64,2025-08-14,217,0
31,4,78,2025-08-14,261,0
31,3,1,2025-08-14,145,1
32,1,25,2025-08-14,246,0
32,1,70,2025-08-14,294,1
32,2,13,2025-08-14,176,0
32,5,58,2025-08-14,215,0
32,4,20,2025-08-14,25,1
32,2,35,2025-08-14,248,0
33,1,62,2025-08-14,68,0
33,4,77,2025-08-14,63,0
33,1,12,2025-08-14,88,0
33,4,34,2025-08-14,285,1
33,4,77,2025-08-14,277,1
33,4,66,2025-08-14,122,0
33,5,57,2025-08-14,157,0
33,4,56,2025-08-14,120,0
33,1,12,2025-08-14,261,1
33,1,95,2025-08-14,59,0
33,1,62,2025-08-14,122,0
33,3,97,2025-08-14,262,1
34,4,48,2025-08-14,102,1
34,3,8,2025-08-14,136,1
34,4,34,2025-08-14,60,0
34,5,90,2025-08-14,228,1
34,4,54,2025-08-14,138,0
34,4,46,2025-08-14,67,0
34,2,22,2025-08-14,174,0
34,5,41,2025-08-14,115,0
34,1,60,2025-08-14,300,0
34,4,42,2025-08-14,202,1
34,2,63,2025-08-14,160,0
35,3,6,2025-08-14,185,0
35,1,52,2025-08-14,189,0
35,4,49,2025-08-14,25,0
35,4,34,2025-08-14,69,0
35,4,56,2025-08-14,185,1
36,4,11,2025-08-14,72,1
36,2,23,2025-08-14,237,0
36,5,58,2025-08-14,253,0
36,3,8,2025-08-14,222,0
36,5,72,2025-08-14,120,0
36,4,11,2025-08-14,77,1
36,5,82,2025-08-14,258,0
36,2,22,2025-08-14,259,1
36,3,33,2025-08-14,178,0
37,5,90,2025-08-14,210,0
37,4,42,2025-08-14,116,0
37,2,29,2025-08-14,200,0
37,3,33,2025-08-14,172,0
37,3,30,2025-08-14,152,1
38,4,77,2025-08-14,52,0
38,5,90,2025-08-14,133,0
38,5,37,2025-08-14,102,0
38,1,62,2025-08-14,101,1
38,4,59,2025-08-14,200,0
38,4,56,2025-08-14,264,0
39,5,85,2025-08-14,255,0
39,3,73,2025-08-14,177,1
39,1,12,2025-08-14,23,1
39,4,49,2025-08-14,145,0
39,2,2,2025-08-14,95,0
39,5,90,2025-08-14,149,0
39,5,7,2025-08-14,104,0
39,2,13,2025-08-14,134,1
39,5,43,2025-08-14,102,0
39,3,93,2025-08-14,97,1
39,3,10,2025-08-14,60,0
39,2,2,2025-08-14,162,0
40,2,96,2025-08-14,252,0
40,3,6,2025-08-14,214,0
40,3,71,2025-08-14,264,0
40,1,81,2025-08-14,234,0
40,5,86,2025-08-14,128,0
40,4,94,2025-08-14,274,1
40,2,40,2025-08-14,282,1
40,3,83,2025-08-14,80,0
40,3,4,2025-08-14,182,0
40,3,93,2025-08-14,286,0
40,5,85,2025-08-14,63,1
41,5,84,2025-08-14,21,0
41,5,41,2025-08-14,20,0
41,5,28,2025-08-14,230,0
41,2,87,2025-08-14,61,0
41,5,57,2025-08-14,56,1
42,2,13,2025-08-14,101,0
42,1,98,2025-08-14,73,0
42,2,79,2025-08-14,48,1
42,3,97,2025-08-14,76,1
42,5,58,2025-08-14,39,0
43,2,51,2025-08-14,116,0
43,5,57,2025-08-14,98,0
43,1,15,2025-08-14,142,0
43,4,59,2025-08-14,216,1
43,2,35,2025-08-14,219,1
43,1,95,2025-08-14,151,1
44,3,73,2025-08-14,170,1
44,3,31,2025-08-14,38,1
44,5,90,2025-08-14,236,0
44,3,3,2025-08-14,210,0
44,2,91,2025-08-14,192,0
44,3,1,2025-08-14,275,1
45,2,27,2025-08-14,43,1
45,3,8,2025-08-14,157,0
45,2,88,2025-08-14,214,0
45,3,26,2025-08-14,299,0
45,2,88,2025-08-14,147,0
45,2,64,2025-08-14,232,0
45,2,45,2025-08-14,133,0
45,3,30,2025-08-14,182,1
45,2,92,2025-08-14,118,1
46,5,86,2025-08-14,113,0
46,5,41,2025-08-14,244,0
46,3,93,2025-08-14,66,0
46,5,41,2025-08-14,138,0
46,3,19,2025-08-14,131,1
46,3,3,2025-08-14,75,1
46,1,60,2025-08-14,132,0
46,5,61,2025-08-14,89,1
46,1,81,2025-08-14,285,1
46,4,49,2025-08-14,274,1
47,3,17,2025-08-14,85,1
47,2,40,2025-08-14,181,1
47,3,73,2025-08-14,224,1
47,2,87,2025-08-14,125,1
47,2,13,2025-08-14,277,0
47,4,20,2025-08-14,257,0
47,5,43,2025-08-14,222,0
47,1,95,2025-08-14,144,1
47,4,24,2025-08-14,74,0
47,3,30,2025-08-14,163,0
47,3,26,2025-08-14,29,0
48,1,60,2025-08-14,140,1
48,1,53,2025-08-14,237,0
48,1,95,2025-08-14,94,0
48,1,98,2025-08-14,129,1
48,4,94,2025-08-14,282,1
48,5,84,2025-08-14,99,0
48,5,58,2025-08-14,225,1
48,5,37,2025-08-14,221,0
48,2,79,2025-08-14,64,1
49,3,68,2025-08-14,110,1
49,1,15,2025-08-14,164,1
49,5,43,2025-08-14,135,0
49,2,75,2025-08-14,30,0
49,2,75,2025-08-14,128,0
49,5,37,2025-08-14,172,0
49,3,31,2025-08-14,237,1
50,2,27,2025-08-14,197,1
50,1,81,2025-08-14,200,0
50,3,10,2025-08-14,93,0
50,3,65,2025-08-14,173,0
50,2,92,2025-08-14,228,0
50,1,62,2025-08-14,65,1
1,2,69,2025-08-15,242,1
1,4,42,2025-08-15,121,1
1,5,47,2025-08-15,297,1
1,4,38,2025-08-15,260,1
1,2,2,2025-08-15,153,1
1,5,43,2025-08-15,23,1
2,3,44,2025-08-15,133,1
2,3,30,2025-08-15,99,1
2,5,61,2025-08-15,124,1
2,4,42,2025-08-15,78,1
2,4,76,2025-08-15,199,1
2,5,5,2025-08-15,193,1
2,1,50,2025-08-15,192,1
3,1,70,2025-08-15,173,1
3,4,42,2025-08-15,91,1
3,2,36,2025-08-15,25,1
3,5,37,2025-08-15,230,1
3,2,13,2025-08-15,222,1
3,2,64,2025-08-15,239,1
4,1,15,2025-08-15,255,1
4,1,98,2025-08-15,62,1
4,4,49,2025-08-15,72,1
4,4,89,2025-08-15,208,1
4,5,5,2025-08-15,203,1
4,2,74,2025-08-15,152,1
4,3,1,2025-08-15,192,1
4,3,4,2025-08-15,104,1
4,2,92,2025-08-15,256,1
4,5,86,2025-08-15,35,1
4,1,12,2025-08-15,103,1
4,1,60,2025-08-15,49,1
5,2,14,2025-08-15,82,1
5,3,44,2025-08-15,194,1
5,5,57,2025-08-15,145,1
5,2,14,2025-08-15,171,1
5,5,5,2025-08-15,218,1
5,4,67,2025-08-15,139,1
5,3,73,2025-08-15,176,1
5,2,22,2025-08-15,139,1
5,2,29,2025-08-15,76,1
5,4,94,2025-08-15,137,1
6,5,90,2025-08-15,290,1
6,3,83,2025-08-15,207,1
6,4,11,2025-08-15,143,1
6,5,72,2025-08-15,297,1
6,2,87,2025-08-15,205,1
6,3,9,2025-08-15,147,1
6,4,100,2025-08-15,75,1
6,2,2,2025-08-15,142,1
6,3,10,2025-08-15,92,1
7,4,76,2025-08-15,189,1
7,1,95,2025-08-15,145,1
7,3,19,2025-08-15,184,1
7,3,9,2025-08-15,246,1
7,1,15,2025-08-15,131,1
7,5,28,2025-08-15,175,1
7,2,74,2025-08-15,273,1
7,1,98,2025-08-15,48,1
7,4,78,2025-08-15,39,1
7,2,13,2025-08-15,213,1
7,1,16,2025-08-15,246,1
7,4,42,2025-08-15,46,1
8,1,52,2025-08-15,228,1
8,3,10,2025-08-15,237,1
8,1,81,2025-08-15,241,1
8,2,51,2025-08-15,98,1
8,1,52,2025-08-15,281,1
8,3,97,2025-08-15,299,1
8,2,23,2025-08-15,225,1
8,4,76,2025-08-15,107,1
9,3,1,2025-08-15,271,1
9,4,46,2025-08-15,267,1
9,3,32,2025-08-15,143,1
9,3,33,2025-08-15,73,1
9,3,6,2025-08-15,56,1
9,3,65,2025-08-15,276,1
9,3,97,2025-08-15,58,1
9,3,26,2025-08-15,235,1
9,1,70,2025-08-15,28,1
9,3,83,2025-08-15,159,1
10,4,76,2025-08-15,218,1
10,1,16,2025-08-15,208,1
10,5,86,2025-08-15,116,1
10,3,1,2025-08-15,294,1
10,4,76,2025-08-15,215,1
11,3,31,2025-08-15,228,1
11,4,77,2025-08-15,95,1
11,4,42,2025-08-15,137,1
11,2,91,2025-08-15,238,1
11,5,82,2025-08-15,100,1
11,4,20,2025-08-15,43,1
12,3,93,2025-08-15,241,1
12,3,6,2025-08-15,219,1
12,5,47,2025-08-15,202,1
12,1,39,2025-08-15,123,1
12,2,88,2025-08-15,268,1
12,2,35,2025-08-15,236,1
12,3,68,2025-08-15,55,1
13,2,13,2025-08-15,164,1
13,4,46,2025-08-15,185,1
13,3,30,2025-08-15,227,1
13,2,64,2025-08-15,138,1
13,5,5,2025-08-15,223,1
13,5,28,2025-08-15,210,1
13,2,35,2025-08-15,189,1
13,1,53,2025-08-15,84,1
13,3,1,2025-08-15,289,1
13,4,46,2025-08-15,25,1
13,5,43,2025-08-15,232,1
14,4,67,2025-08-15,203,1
14,4,78,2025-08-15,109,1
14,3,19,2025-08-15,147,1
14,2,96,2025-08-15,31,1
14,5,41,2025-08-15,27,1
15,2,2,2025-08-15,29,1
15,3,55,2025-08-15,73,1
15,1,39,2025-08-15,47,1
15,4,42,2025-08-15,85,1
15,4,42,2025-08-15,93,1
15,5,61,2025-08-15,52,1
15,3,3,2025-08-15,237,1
15,5,28,2025-08-15,110,1
15,1,60,2025-08-15,170,1
15,1,12,2025-08-15,227,1
16,2,35,2025-08-15,22,0
16,5,5,2025-08-15,166,1
16,5,37,2025-08-15,266,0
16,2,96,2025-08-15,32,0
16,2,96,2025-08-15,238,0
17,1,98,2025-08-15,201,0
17,3,31,2025-08-15,68,0
17,4,99,2025-08-15,277,0
17,5,82,2025-08-15,75,0
17,2,29,2025-08-15,274,0
17,5,28,2025-08-15,62,0
17,2,29,2025-08-15,71,0
17,5,28,2025-08-15,233,0
17,5,21,2025-08-15,216,1
17,3,71,2025-08-15,193,0
18,3,8,2025-08-15,76,0
18,4,49,2025-08-15,30,0
18,2,45,2025-08-15,113,0
18,5,61,2025-08-15,284,1
18,5,58,2025-08-15,79,0
18,3,71,2025-08-15,43,1
18,1,53,2025-08-15,62,0
19,3,26,2025-08-15,275,0
19,2,18,2025-08-15,275,0
19,2,29,2025-08-15,208,0
19,2,51,2025-08-15,50,0
19,1,70,2025-08-15,197,0
19,4,11,2025-08-15,253,0
20,2,18,2025-08-15,252,0
20,3,32,2025-08-15,68,0
20,3,83,2025-08-15,53,0
20,2,87,2025-08-15,235,0
20,4,48,2025-08-15,147,0
20,5,61,2025-08-15,116,0
20,1,39,2025-08-15,91,1
20,2,64,2025-08-15,226,0
21,4,42,2025-08-15,261,0
21,4,56,2025-08-15,86,1
21,2,75,2025-08-15,123,1
21,2,87,2025-08-15,137,1
21,2,92,2025-08-15,142,0
21,5,82,2025-08-15,25,1
21,3,30,2025-08-15,156,1
22,3,44,2025-08-15,123,0
22,5,85,2025-08-15,119,0
22,5,85,2025-08-15,96,0
22,4,76,2025-08-15,46,1
22,3,26,2025-08-15,44,1
22,3,73,2025-08-15,109,0
22,3,93,2025-08-15,214,0
22,4,94,2025-08-15,69,0
22,4,48,2025-08-15,68,1
22,1,25,2025-08-15,107,1
22,5,41,2025-08-15,132,0
23,3,17,2025-08-15,25,0
23,2,88,2025-08-15,245,0
23,2,45,2025-08-15,239,0
23,4,42,2025-08-15,66,0
23,3,26,2025-08-15,295,0
24,3,55,2025-08-15,134,1
24,2,64,2025-08-15,223,0
24,5,21,2025-08-15,150,1
24,3,93,2025-08-15,33,1
24,2,88,2025-08-15,283,0
24,2,18,2025-08-15,70,0
25,3,17,2025-08-15,284,0
25,1,60,2025-08-15,236,0
25,2,63,2025-08-15,65,0
25,5,86,2025-08-15,62,1
25,2,92,2025-08-15,116,0
25,5,7,2025-08-15,70,1
25,3,65,2025-08-15,58,0
26,2,69,2025-08-15,149,1
26,2,75,2025-08-15,135,1
26,3,1,2025-08-15,93,1
26,5,85,2025-08-15,258,1
26,5,47,2025-08-15,46,0
26,2,91,2025-08-15,95,0
26,3,10,2025-08-15,105,1
26,5,90,2025-08-15,112,1
27,3,8,2025-08-15,126,1
27,4,38,2025-08-15,219,0
27,1,62,2025-08-15,279,0
27,1,16,2025-08-15,71,0
27,3,1,2025-08-15,85,1
27,2,51,2025-08-15,57,1
27,3,9,2025-08-15,203,0
27,3,3,2025-08-15,23,0
27,3,19,2025-08-15,101,1
27,3,9,2025-08-15,249,1
28,2,18,2025-08-15,261,0
28,5,72,2025-08-15,138,1
28,2,64,2025-08-15,297,0
28,3,83,2025-08-15,227,1
28,2,64,2025-08-15,211,1
28,2,13,2025-08-15,278,0
29,2,69,2025-08-15,238,0
29,3,4,2025-08-15,25,0
29,3,3,2025-08-15,275,0
29,5,7,2025-08-15,118,1
29,3,97,2025-08-15,151,1
29,1,81,2025-08-15,284,0
29,2,51,2025-08-15,189,1
29,3,33,2025-08-15,210,1
29,2,92,2025-08-15,85,0
29,2,96,2025-08-15,268,0
29,2,80,2025-08-15,299,0
29,3,10,2025-08-15,135,0
30,2,13,2025-08-15,281,0
30,4,59,2025-08-15,226,1
30,2,36,2025-08-15,105,0
30,2,40,2025-08-15,232,0
30,2,63,2025-08-15,53,1
31,3,32,2025-08-15,53,0
31,3,65,2025-08-15,91,0
31,3,17,2025-08-15,189,0
31,5,37,2025-08-15,274,0
31,4,49,2025-08-15,296,0
32,1,60,2025-08-15,102,0
32,2,23,2025-08-15,174,0
32,4,54,2025-08-15,240,0
32,3,4,2025-08-15,256,1
32,5,82,2025-08-15,23,0
32,3,26,2025-08-15,158,0
32,3,19,2025-08-15,273,0
32,1,12,2025-08-15,107,0
32,4,59,2025-08-15,140,0
32,3,3,2025-08-15,268,0
32,1,98,2025-08-15,44,0
33,5,37,2025-08-15,187,1
33,2,13,2025-08-15,278,0
33,3,26,2025-08-15,238,0
33,1,50,2025-08-15,235,1
33,2,35,2025-08-15,134,1
33,1,39,2025-08-15,207,1
34,2,79,2025-08-15,290,1
34,2,75,2025-08-15,208,1
34,3,44,2025-08-15,228,0
34,3,93,2025-08-15,293,0
34,4,42,2025-08-15,275,0
34,5,5,2025-08-15,201,0
35,2,27,2025-08-15,68,0
35,1,15,2025-08-15,295,0
35,3,31,2025-08-15,20,0
35,3,8,2025-08-15,166,0
35,3,8,2025-08-15,284,0
35,2,13,2025-08-15,67,1
35,4,49,2025-08-15,63,0
35,2,29,2025-08-15,49,0
35,5,37,2025-08-15,112,0
35,1,60,2025-08-15,154,0
36,3,1,2025-08-15,220,0
36,3,19,2025-08-15,279,1
36,4,42,2025-08-15,167,0
36,2,18,2025-08-15,298,0
36,1,16,2025-08-15,82,0
36,4,59,2025-08-15,212,1
37,2,36,2025-08-15,170,0
37,4,38,2025-08-15,257,0
37,4,11,2025-08-15,175,0
37,2,63,2025-08-15,129,1
37,4,42,2025-08-15,40,0
37,3,4,2025-08-15,214,0
37,5,47,2025-08-15,242,0
37,2,64,2025-08-15,77,0
37,2,69,2025-08-15,188,1
37,3,19,2025-08-15,204,0
37,3,68,2025-08-15,34,0
37,5,72,2025-08-15,200,0
38,3,17,2025-08-15,144,0
38,4,49,2025-08-15,132,0
38,1,62,2025-08-15,99,1
38,4,38,2025-08-15,221,0
38,3,8,2025-08-15,32,0
39,2,29,2025-08-15,178,0
39,5,43,2025-08-15,161,1
39,4,48,2025-08-15,264,1
39,5,7,2025-08-15,156,0
39,5,5,2025-08-15,73,0
39,3,33,2025-08-15,197,0
39,1,25,2025-08-15,121,0
39,2,87,2025-08-15,141,0
39,4,66,2025-08-15,283,0
39,3,10,2025-08-15,216,0
39,3,68,2025-08-15,70,1
39,4,59,2025-08-15,281,0
40,4,24,2025-08-15,274,0
40,4,49,2025-08-15,197,1
40,4,89,2025-08-15,165,0
40,3,68,2025-08-15,109,0
40,2,13,2025-08-15,260,0
40,1,12,2025-08-15,230,1
40,5,86,2025-08-15,223,0
40,3,19,2025-08-15,140,0
40,3,97,2025-08-15,63,0
40,3,71,2025-08-15,48,0
41,2,51,2025-08-15,38,1
41,4,59,2025-08-15,159,1
41,2,74,2025-08-15,225,0
41,3,19,2025-08-15,54,0
41,1,95,2025-08-15,75,0
41,4,20,2025-08-15,228,1
41,1,25,2025-08-15,300,0
41,1,98,2025-08-15,223,0
42,1,98,2025-08-15,253,0
42,2,69,2025-08-15,212,0
42,5,84,2025-08-15,127,0
42,4,20,2025-08-15,265,0
42,2,74,2025-08-15,137,0
42,3,8,2025-08-15,117,1
42,3,17,2025-08-15,165,1
42,3,30,2025-08-15,237,1
42,3,68,2025-08-15,142,1
42,3,93,2025-08-15,147,1
42,3,31,2025-08-15,28,0
42,2,14,2025-08-15,252,1
43,2,18,2025-08-15,200,0
43,5,7,2025-08-15,282,1
43,4,89,2025-08-15,38,0
43,3,30,2025-08-15,119,1
43,3,9,2025-08-15,201,0
43,5,7,2025-08-15,123,1
43,2,79,2025-08-15,171,0
43,1,50,2025-08-15,213,1
43,2,27,2025-08-15,149,0
43,3,97,2025-08-15,100,1
44,4,48,2025-08-15,286,0
44,4,24,2025-08-15,192,0
44,5,41,2025-08-15,124,0
44,3,71,2025-08-15,281,1
44,1,52,2025-08-15,85,0
44,3,83,2025-08-15,71,0
45,3,32,2025-08-15,230,0
45,3,97,2025-08-15,218,1
45,2,36,2025-08-15,75,0
45,5,43,2025-08-15,105,1
45,3,93,2025-08-15,44,0
45,2,29,2025-08-15,44,0
45,5,28,2025-08-15,96,1
46,4,48,2025-08-15,232,0
46,1,60,2025-08-15,141,1
46,3,33,2025-08-15,51,1
46,3,73,2025-08-15,20,1
46,2,75,2025-08-15,208,1
46,1,16,2025-08-15,66,0
46,5,28,2025-08-15,155,0
47,4,56,2025-08-15,215,1
47,5,85,2025-08-15,100,0
47,5,37,2025-08-15,270,0
47,1,25,2025-08-15,173,1
47,2,23,2025-08-15,92,1
47,5,84,2025-08-15,288,0
47,4,56,2025-08-15,264,1
47,5,90,2025-08-15,44,0
47,4,100,2025-08-15,120,1
47,4,38,2025-08-15,290,0
47,4,38,2025-08-15,203,1
48,4,49,2025-08-15,104,1
48,2,79,2025-08-15,120,0
48,5,82,2025-08-15,295,1
48,1,12,2025-08-15,162,1
48,3,30,2025-08-15,260,0
48,2,79,2025-08-15,22,0
48,2,88,2025-08-15,150,0
48,3,33,2025-08-15,187,0
48,5,41,2025-08-15,132,0
48,3,33,2025-08-15,277,1
49,4,48,2025-08-15,216,0
49,1,95,2025-08-15,161,0
49,3,97,2025-08-15,162,0
49,3,26,2025-08-15,275,1
49,1,16,2025-08-15,130,0
49,5,21,2025-08-15,122,0
49,2,92,2025-08-15,157,0
49,1,52,2025-08-15,170,1
49,2,51,2025-08-15,77,1
50,5,72,2025-08-15,220,0
50,2,29,2025-08-15,148,0
50,4,24,2025-08-15,96,0
50,3,55,2025-08-15,96,0
50,2,35,2025-08-15,204,1
50,4,77,2025-08-15,181,0
1,4,67,2025-08-16,225,1
1,3,83,2025-08-16,35,1
1,4,89,2025-08-16,149,1
1,4,56,2025-08-16,111,1
1,4,76,2025-08-16,161,1
2,5,21,2025-08-16,198,1
2,4,48,2025-08-16,72,1
2,4,24,2025-08-16,21,1
2,3,32,2025-08-16,182,1
2,3,83,2025-08-16,134,1
2,5,57,2025-08-16,270,1
2,2,13,2025-08-16,267,1
2,3,26,2025-08-16,291,1
2,3,10,2025-08-16,172,1
2,2,13,2025-08-16,127,1
2,4,77,2025-08-16,157,1
2,3,93,2025-08-16,261,1
3,3,17,2025-08-16,155,1
3,4,46,2025-08-16,76,1
3,3,73,2025-08-16,96,1
3,3,97,2025-08-16,233,1
3,5,7,2025-08-16,238,1
3,2,92,2025-08-16,191,1
4,3,68,2025-08-16,20,1
4,2,79,2025-08-16,122,1
4,4,66,2025-08-16,56,1
4,3,32,2025-08-16,258,1
4,5,28,2025-08-16,203,1
4,1,98,2025-08-16,92,1
4,2,13,2025-08-16,281,1
4,4,78,2025-08-16,26,1
5,3,3,2025-08-16,191,1
5,2,23,2025-08-16,172,1
5,2,14,2025-08-16,33,1
5,3,71,2025-08-16,124,1
5,5,28,2025-08-16,261,1
5,3,83,2025-08-16,181,1
6,4,11,2025-08-16,162,1
6,5,61,2025-08-16,288,1
6,5,58,2025-08-16,248,1
6,5,86,2025-08-16,80,1
6,4,78,2025-08-16,53,1
6,3,97,2025-08-16,61,1
6,3,65,2025-08-16,242,1
6,2,69,2025-08-16,198,1
6,3,8,2025-08-16,53,1
7,3,9,2025-08-16,66,1
7,1,25,2025-08-16,41,1
7,3,26,2025-08-16,137,1
7,1,25,2025-08-16,258,1
7,1,60,2025-08-16,180,1
7,2,13,2025-08-16,165,1
7,3,10,2025-08-16,252,1
7,3,1,2025-08-16,69,1
7,5,37,2025-08-16,279,1
7,5,72,2025-08-16,143,1
7,1,70,2025-08-16,166,1
7,1,81,2025-08-16,174,1
8,1,25,2025-08-16,241,1
8,3,68,2025-08-16,155,1
8,2,87,2025-08-16,216,1
8,3,31,2025-08-16,206,1
8,4,48,2025-08-16,237,1
9,1,62,2025-08-16,163,1
9,3,10,2025-08-16,272,1
9,2,22,2025-08-16,157,1
9,2,2,2025-08-16,21,1
9,2,80,2025-08-16,116,1
9,2,79,2025-08-16,299,1
9,4,59,2025-08-16,96,1
9,3,68,2025-08-16,101,1
9,3,71,2025-08-16,145,1
9,2,80,2025-08-16,114,1
9,3,4,2025-08-16,125,1
10,3,30,2025-08-16,130,1
10,3,32,2025-08-16,132,1
10,5,58,2025-08-16,118,1
10,3,83,2025-08-16,206,1
10,1,60,2025-08-16,274,1
10,2,18,2025-08-16,199,1
10,2,75,2025-08-16,177,1
10,3,65,2025-08-16,86,1
10,1,50,2025-08-16,233,1
10,2,18,2025-08-16,249,1
11,2,96,2025-08-16,24,1
11,2,36,2025-08-16,98,1
11,3,31,2025-08-16,259,1
11,1,25,2025-08-16,105,1
11,1,15,2025-08-16,53,1
11,5,86,2025-08-16,66,1
11,2,36,2025-08-16,149,1
11,5,43,2025-08-16,201,1
12,4,49,2025-08-16,237,1
12,1,98,2025-08-16,66,1
12,4,99,2025-08-16,113,1
12,2,14,2025-08-16,29,1
12,5,61,2025-08-16,127,1
12,5,5,2025-08-16,290,1
13,4,67,2025-08-16,83,1
13,3,31,2025-08-16,196,1
13,2,96,2025-08-16,184,1
13,3,97,2025-08-16,27,1
13,2,14,2025-08-16,63,1
13,2,91,2025-08-16,300,1
13,2,51,2025-08-16,39,1
13,3,26,2025-08-16,201,1
13,5,61,2025-08-16,42,1
13,3,32,2025-08-16,201,1
13,5,37,2025-08-16,65,1
14,1,60,2025-08-16,70,1
14,5,61,2025-08-16,223,1
14,5,57,2025-08-16,132,1
14,4,34,2025-08-16,234,1
14,1,81,2025-08-16,288,1
15,3,33,2025-08-16,246,1
15,1,39,2025-08-16,120,1
15,3,32,2025-08-16,158,1
15,3,68,2025-08-16,54,1
15,1,50,2025-08-16,56,1
15,5,84,2025-08-16,101,1
15,2,40,2025-08-16,34,1
15,4,67,2025-08-16,88,1
15,5,28,2025-08-16,159,1
16,3,26,2025-08-16,225,1
16,2,69,2025-08-16,207,1
16,5,43,2025-08-16,201,0
16,3,6,2025-08-16,211,0
16,2,13,2025-08-16,118,1
16,5,61,2025-08-16,91,0
16,3,68,2025-08-16,100,0
17,3,3,2025-08-16,265,1
17,3,26,2025-08-16,222,0
17,4,99,2025-08-16,246,0
17,2,14,2025-08-16,176,1
17,4,89,2025-08-16,150,1
17,3,6,2025-08-16,45,0
17,4,20,2025-08-16,106,0
17,1,62,2025-08-16,218,0
17,1,16,2025-08-16,34,0
17,4,56,2025-08-16,213,1
17,3,3,2025-08-16,250,0
18,4,24,2025-08-16,125,0
18,3,31,2025-08-16,276,0
18,3,1,2025-08-16,149,0
18,2,69,2025-08-16,149,1
18,4,99,2025-08-16,86,0
18,4,54,2025-08-16,82,1
18,3,9,2025-08-16,38,1
18,5,85,2025-08-16,40,0
19,4,78,2025-08-16,236,0
19,3,73,2025-08-16,185,0
19,4,34,2025-08-16,264,0
19,4,48,2025-08-16,191,1
19,3,4,2025-08-16,195,0
19,2,88,2025-08-16,235,0
20,1,39,2025-08-16,86,1
20,4,66,2025-08-16,223,1
20,3,97,2025-08-16,31,1
20,5,72,2025-08-16,190,0
20,1,70,2025-08-16,168,0
20,2,91,2025-08-16,62,0
20,4,20,2025-08-16,195,1
20,5,84,2025-08-16,63,0
20,3,19,2025-08-16,190,0
20,3,71,2025-08-16,257,0
21,3,33,2025-08-16,196,0
21,3,68,2025-08-16,298,1
21,2,22,2025-08-16,243,0
21,2,63,2025-08-16,128,1
21,2,51,2025-08-16,192,1
21,2,13,2025-08-16,77,0
21,4,100,2025-08-16,211,1
22,2,80,2025-08-16,82,0
22,3,83,2025-08-16,119,0
22,1,60,2025-08-16,92,1
22,2,18,2025-08-16,225,0
22,4,20,2025-08-16,48,0
22,3,9,2025-08-16,211,0
22,2,35,2025-08-16,203,0
22,4,67,2025-08-16,227,0
22,5,61,2025-08-16,227,0
22,3,19,2025-08-16,184,0
23,5,84,2025-08-16,139,1
23,3,55,2025-08-16,44,0
23,2,96,2025-08-16,192,0
23,1,98,2025-08-16,182,1
23,1,95,2025-08-16,108,1
24,4,24,2025-08-16,108,0
24,2,23,2025-08-16,173,0
24,5,57,2025-08-16,73,1
24,3,19,2025-08-16,283,1
24,2,64,2025-08-16,65,0
24,2,2,2025-08-16,217,0
25,2,36,2025-08-16,298,1
25,3,17,2025-08-16,294,1
25,4,49,2025-08-16,279,0
25,2,51,2025-08-16,105,0
25,4,76,2025-08-16,26,0
26,5,21,2025-08-16,148,1
26,1,98,2025-08-16,116,1
26,2,64,2025-08-16,159,1
26,4,78,2025-08-16,62,1
26,5,47,2025-08-16,162,0
26,2,27,2025-08-16,144,0
26,5,5,2025-08-16,106,1
26,1,81,2025-08-16,100,1
26,4,100,2025-08-16,233,0
26,5,61,2025-08-16,243,0
26,4,49,2025-08-16,179,0
27,3,9,2025-08-16,189,0
27,1,52,2025-08-16,67,0
27,2,35,2025-08-16,53,1
27,3,32,2025-08-16,229,1
27,3,65,2025-08-16,271,0
27,5,82,2025-08-16,228,0
27,4,76,2025-08-16,119,0
27,3,9,2025-08-16,232,0
28,3,68,2025-08-16,48,0
28,2,51,2025-08-16,297,0
28,2,74,2025-08-16,39,0
28,4,54,2025-08-16,224,1
28,1,52,2025-08-16,82,1
28,3,9,2025-08-16,244,1
28,3,19,2025-08-16,187,0
28,2,35,2025-08-16,142,1
29,5,5,2025-08-16,125,1
29,5,43,2025-08-16,134,1
29,5,28,2025-08-16,88,1
29,3,26,2025-08-16,35,0
29,2,74,2025-08-16,260,0
29,2,36,2025-08-16,83,1
29,4,77,2025-08-16,31,0
29,4,20,2025-08-16,181,1
29,4,48,2025-08-16,83,1
29,2,51,2025-08-16,290,0
29,2,2,2025-08-16,267,1
29,2,13,2025-08-16,48,0
30,2,69,2025-08-16,178,0
30,4,89,2025-08-16,276,0
30,5,85,2025-08-16,66,0
30,3,71,2025-08-16,66,0
30,2,74,2025-08-16,239,0
30,3,55,2025-08-16,205,0
30,2,96,2025-08-16,53,0
30,3,9,2025-08-16,141,0
30,1,81,2025-08-16,105,0
30,3,6,2025-08-16,93,0
30,4,11,2025-08-16,119,0
31,2,22,2025-08-16,65,0
31,3,19,2025-08-16,274,0
31,4,48,2025-08-16,102,1
31,4,24,2025-08-16,292,0
31,2,63,2025-08-16,85,1
31,3,68,2025-08-16,249,0
31,2,88,2025-08-16,126,1
31,3,1,2025-08-16,257,0
31,2,91,2025-08-16,37,0
31,2,74,2025-08-16,186,1
31,4,38,2025-08-16,139,0
31,2,69,2025-08-16,220,0
32,3,33,2025-08-16,144,0
32,2,63,2025-08-16,77,0
32,1,39,2025-08-16,44,0
32,5,61,2025-08-16,275,0
32,2,22,2025-08-16,223,1
32,5,57,2025-08-16,264,1
33,3,3,2025-08-16,246,0
33,4,100,2025-08-16,266,0
33,2,22,2025-08-16,93,1
33,2,35,2025-08-16,158,1
33,4,46,2025-08-16,232,0
33,3,30,2025-08-16,254,0
33,3,73,2025-08-16,35,0
33,3,97,2025-08-16,198,1
33,4,20,2025-08-16,249,0
33,3,71,2025-08-16,106,1
33,5,37,2025-08-16,25,0
34,4,24,2025-08-16,157,1
34,4,11,2025-08-16,263,0
34,2,45,2025-08-16,56,0
34,1,98,2025-08-16,115,1
34,2,18,2025-08-16,153,0
34,3,3,2025-08-16,211,0
35,3,4,2025-08-16,249,0
35,4,46,2025-08-16,146,0
35,5,7,2025-08-16,134,0
35,2,88,2025-08-16,109,0
35,3,33,2025-08-16,161,1
35,3,1,2025-08-16,98,0
35,2,36,2025-08-16,171,1
35,4,42,2025-08-16,178,1
35,3,68,2025-08-16,151,0
35,5,43,2025-08-16,157,0
35,3,4,2025-08-16,161,1
35,1,70,2025-08-16,206,0
36,2,69,2025-08-16,87,0
36,5,7,2025-08-16,228,0
36,3,1,2025-08-16,273,1
36,3,17,2025-08-16,197,0
36,4,59,2025-08-16,272,1
36,5,84,2025-08-16,36,0
36,3,19,2025-08-16,265,0
36,5,5,2025-08-16,196,1
37,3,44,2025-08-16,188,0
37,3,9,2025-08-16,103,1
37,3,44,2025-08-16,188,0
37,1,95,2025-08-16,231,1
37,2,22,2025-08-16,42,0
37,1,53,2025-08-16,50,0
37,2,75,2025-08-16,275,0
37,5,7,2025-08-16,88,0
37,1,98,2025-08-16,61,0
37,2,87,2025-08-16,196,0
37,3,3,2025-08-16,292,1
37,1,52,2025-08-16,265,0
38,4,46,2025-08-16,47,1
38,1,12,2025-08-16,146,0
38,3,9,2025-08-16,85,1
38,2,75,2025-08-16,25,0
38,1,81,2025-08-16,284,0
39,3,26,2025-08-16,21,0
39,3,68,2025-08-16,188,1
39,4,78,2025-08-16,26,1
39,1,98,2025-08-16,140,0
39,5,58,2025-08-16,173,1
39,5,58,2025-08-16,276,1
39,5,90,2025-08-16,238,1
39,2,18,2025-08-16,236,0
39,2,88,2025-08-16,79,0
39,2,75,2025-08-16,110,0
39,4,54,2025-08-16,259,0
39,5,41,2025-08-16,217,1
40,5,28,2025-08-16,74,1
40,5,5,2025-08-16,40,0
40,2,18,2025-08-16,250,0
40,1,25,2025-08-16,147,0
40,2,27,2025-08-16,84,0
40,1,53,2025-08-16,131,1
40,1,70,2025-08-16,215,0
40,1,81,2025-08-16,184,0
40,2,64,2025-08-16,71,0
40,2,75,2025-08-16,134,0
41,2,63,2025-08-16,217,0
41,5,84,2025-08-16,283,0
41,4,66,2025-08-16,35,0
41,4,94,2025-08-16,117,1
41,2,80,2025-08-16,194,0
41,4,100,2025-08-16,221,1
41,2,23,2025-08-16,266,0
41,5,84,2025-08-16,130,0
42,2,36,2025-08-16,158,0
42,3,9,2025-08-16,228,0
42,3,17,2025-08-16,85,0
42,5,41,2025-08-16,300,1
42,4,99,2025-08-16,157,0
42,2,13,2025-08-16,80,0
43,1,70,2025-08-16,56,0
43,3,9,2025-08-16,28,1
43,4,56,2025-08-16,232,0
43,4,49,2025-08-16,230,1
43,5,37,2025-08-16,79,0
43,5,43,2025-08-16,20,0
43,3,9,2025-08-16,144,0
44,4,42,2025-08-16,252,1
44,2,80,2025-08-16,47,0
44,2,64,2025-08-16,27,0
44,2,35,2025-08-16,292,0
44,4,56,2025-08-16,218,1
44,1,52,2025-08-16,184,0
44,2,51,2025-08-16,183,0
44,2,96,2025-08-16,248,0
45,4,94,2025-08-16,202,0
45,3,44,2025-08-16,130,0
45,3,4,2025-08-16,126,0
45,4,42,2025-08-16,162,1
45,4,11,2025-08-16,52,0
45,4,48,2025-08-16,153,1
45,4,78,2025-08-16,26,0
45,4,11,2025-08-16,90,0
45,4,76,2025-08-16,70,0
45,1,16,2025-08-16,139,1
45,1,53,2025-08-16,72,0
46,3,26,2025-08-16,179,0
46,1,39,2025-08-16,208,0
46,1,98,2025-08-16,101,1
46,2,87,2025-08-16,103,1
46,2,74,2025-08-16,168,0
46,5,61,2025-08-16,223,0
46,4,34,2025-08-16,226,0
46,4,100,2025-08-16,208,0
46,2,13,2025-08-16,81,1
46,2,40,2025-08-16,201,0
47,4,48,2025-08-16,174,1
47,5,58,2025-08-16,207,1
47,3,68,2025-08-16,88,0
47,3,55,2025-08-16,32,0
47,2,92,2025-08-16,247,1
47,5,5,2025-08-16,266,1
47,4,100,2025-08-16,232,0
47,4,100,2025-08-16,65,1
47,2,2,2025-08-16,166,0
48,5,58,2025-08-16,193,1
48,5,5,2025-08-16,31,0
48,4,42,2025-08-16,218,1
48,2,51,2025-08-16,63,0
48,1,81,2025-08-16,54,0
49,2,36,2025-08-16,104,1
49,3,71,2025-08-16,228,1
49,4,59,2025-08-16,269,1
49,4,24,2025-08-16,200,0
49,2,69,2025-08-16,97,1
49,5,58,2025-08-16,148,0
49,3,33,2025-08-16,24,0
49,4,46,2025-08-16,142,1
49,5,84,2025-08-16,62,0
49,4,38,2025-08-16,69,0
50,2,14,2025-08-16,173,0
50,3,33,2025-08-16,288,0
50,4,34,2025-08-16,114,0
50,5,28,2025-08-16,133,1
50,2,92,2025-08-16,235,0
50,1,12,2025-08-16,292,0
50,5,90,2025-08-16,164,1
1,1,70,2025-08-17,51,1
1,1,25,2025-08-17,288,1
1,2,2,2025-08-17,86,1
1,2,36,2025-08-17,133,1
1,3,44,2025-08-17,232,1
1,3,1,2025-08-17,120,1
1,5,5,2025-08-17,218,1
1,5,21,2025-08-17,204,1
1,2,14,2025-08-17,112,1
1,1,53,2025-08-17,24,1
1,4,66,2025-08-17,231,1
1,3,8,2025-08-17,109,1
2,2,64,2025-08-17,233,1
2,1,52,2025-08-17,204,1
2,4,78,2025-08-17,153,1
2,5,47,2025-08-17,79,1
2,5,84,2025-08-17,173,1
2,5,47,2025-08-17,275,1
2,2,87,2025-08-17,230,1
2,3,44,2025-08-17,257,1
2,2,75,2025-08-17,292,1
2,4,94,2025-08-17,285,1
2,3,6,2025-08-17,130,1
3,2,80,2025-08-17,117,1
3,4,42,2025-08-17,79,1
3,2,96,2025-08-17,72,1
3,2,40,2025-08-17,232,1
3,2,13,2025-08-17,93,1
3,2,51,2025-08-17,229,1
4,3,19,2025-08-17,76,1
4,3,83,2025-08-17,141,1
4,3,33,2025-08-17,285,1
4,2,75,2025-08-17,130,1
4,4,89,2025-08-17,27,1
4,1,60,2025-08-17,254,1
4,3,9,2025-08-17,133,1
5,2,96,2025-08-17,284,1
5,3,32,2025-08-17,259,1
5,2,63,2025-08-17,234,1
5,2,79,2025-08-17,127,1
5,3,55,2025-08-17,88,1
5,2,18,2025-08-17,70,1
6,3,6,2025-08-17,245,1
6,3,1,2025-08-17,266,1
6,2,74,2025-08-17,224,1
6,3,83,2025-08-17,95,1
6,3,3,2025-08-17,128,1
6,5,57,2025-08-17,134,1
6,1,52,2025-08-17,75,1
6,5,84,2025-08-17,99,1
6,4,48,2025-08-17,227,1
6,5,37,2025-08-17,40,1
6,2,88,2025-08-17,142,1
6,2,51,2025-08-17,239,1
7,3,93,2025-08-17,127,1
7,1,52,2025-08-17,125,1
7,2,63,2025-08-17,39,1
7,1,81,2025-08-17,243,1
7,1,62,2025-08-17,254,1
7,3,32,2025-08-17,143,1
7,3,10,2025-08-17,37,1
7,5,43,2025-08-17,50,1
8,3,8,2025-08-17,167,1
8,4,20,2025-08-17,41,1
8,3,30,2025-08-17,217,1
8,3,4,2025-08-17,213,1
8,3,1,2025-08-17,121,1
8,2,79,2025-08-17,128,1
8,4,20,2025-08-17,178,1
8,2,96,2025-08-17,137,1
9,4,11,2025-08-17,130,1
9,5,7,2025-08-17,186,1
9,5,43,2025-08-17,31,1
9,2,18,2025-08-17,127,1
9,2,75,2025-08-17,166,1
9,4,78,2025-08-17,104,1
9,2,40,2025-08-17,60,1
10,2,74,2025-08-17,146,1
10,5,47,2025-08-17,71,1
10,2,23,2025-08-17,235,1
10,5,43,2025-08-17,193,1
10,5,43,2025-08-17,37,1
10,2,75,2025-08-17,252,1
10,4,38,2025-08-17,256,1
10,4,56,2025-08-17,165,1
10,5,28,2025-08-17,71,1
10,1,52,2025-08-17,118,1
10,4,94,2025-08-17,142,1
11,3,4,2025-08-17,37,1
11,1,70,2025-08-17,115,1
11,5,58,2025-08-17,294,1
11,2,18,2025-08-17,260,1
11,1,95,2025-08-17,227,1
11,4,38,2025-08-17,99,1
12,5,72,2025-08-17,107,1
12,3,17,2025-08-17,288,1
12,4,99,2025-08-17,235,1
12,2,87,2025-08-17,94,1
12,4,94,2025-08-17,64,1
12,5,5,2025-08-17,45,1
12,2,23,2025-08-17,160,1
12,4,59,2025-08-17,22,1
12,2,75,2025-08-17,28,1
12,1,98,2025-08-17,125,1
12,3,68,2025-08-17,147,1
12,5,5,2025-08-17,192,1
13,2,88,2025-08-17,102,1
13,3,3,2025-08-17,206,1
13,2,51,2025-08-17,192,1
13,4,76,2025-08-17,263,1
13,2,27,2025-08-17,171,1
13,5,86,2025-08-17,208,1
13,2,13,2025-08-17,119,1
13,3,3,2025-08-17,187,1
13,2,18,2025-08-17,287,1
13,1,39,2025-08-17,32,1
14,1,50,2025-08-17,240,1
14,3,73,2025-08-17,160,1
14,3,9,2025-08-17,62,1
14,2,74,2025-08-17,242,1
14,5,61,2025-08-17,106,1
14,4,100,2025-08-17,224,1
14,1,81,2025-08-17,198,1
14,3,9,2025-08-17,71,1
14,1,52,2025-08-17,239,1
14,4,38,2025-08-17,48,1
14,2,51,2025-08-17,187,1
14,3,83,2025-08-17,39,1
15,3,68,2025-08-17,221,1
15,5,72,2025-08-17,75,1
15,2,87,2025-08-17,271,1
15,2,51,2025-08-17,57,1
15,4,66,2025-08-17,162,1
16,4,24,2025-08-17,56,1
16,3,33,2025-08-17,138,0
16,2,27,2025-08-17,35,0
16,4,59,2025-08-17,42,0
16,2,14,2025-08-17,263,0
16,5,61,2025-08-17,98,0
16,3,97,2025-08-17,227,0
17,3,1,2025-08-17,191,1
17,4,46,2025-08-17,258,0
17,4,76,2025-08-17,142,0
17,4,48,2025-08-17,82,0
17,1,60,2025-08-17,244,0
17,5,57,2025-08-17,234,0
17,2,79,2025-08-17,158,0
18,2,35,2025-08-17,20,0
18,1,12,2025-08-17,213,0
18,4,59,2025-08-17,285,1
18,5,41,2025-08-17,253,0
18,4,89,2025-08-17,65,1
18,4,49,2025-08-17,75,0
18,5,58,2025-08-17,55,0
18,2,88,2025-08-17,89,0
19,1,53,2025-08-17,120,1
19,2,35,2025-08-17,206,0
19,3,30,2025-08-17,195,1
19,2,36,2025-08-17,54,0
19,3,93,2025-08-17,158,1
19,2,75,2025-08-17,193,0
19,2,92,2025-08-17,25,0
19,1,62,2025-08-17,267,0
20,5,47,2025-08-17,289,1
20,1,60,2025-08-17,73,0
20,4,78,2025-08-17,58,0
20,1,95,2025-08-17,76,0
20,3,19,2025-08-17,232,0
20,4,89,2025-08-17,99,0
20,2,75,2025-08-17,163,1
20,4,11,2025-08-17,87,0
20,1,12,2025-08-17,161,0
20,2,75,2025-08-17,33,1
20,2,29,2025-08-17,226,1
20,1,70,2025-08-17,124,1
21,5,21,2025-08-17,189,0
21,1,62,2025-08-17,132,0
21,2,51,2025-08-17,77,0
21,2,96,2025-08-17,122,0
21,5,72,2025-08-17,76,0
21,2,45,2025-08-17,20,0
21,1,25,2025-08-17,245,1
22,3,55,2025-08-17,35,0
22,2,23,2025-08-17,264,0
22,1,15,2025-08-17,30,1
22,5,7,2025-08-17,143,0
22,5,82,2025-08-17,71,0
22,4,78,2025-08-17,73,1
22,4,56,2025-08-17,158,0
22,2,87,2025-08-17,82,0
22,3,71,2025-08-17,214,1
22,5,85,2025-08-17,210,0
22,2,63,2025-08-17,259,1
23,1,95,2025-08-17,271,0
23,3,31,2025-08-17,156,0
23,4,54,2025-08-17,194,0
23,4,100,2025-08-17,59,1
23,3,83,2025-08-17,76,0
23,3,73,2025-08-17,219,0
24,4,67,2025-08-17,85,1
24,4,34,2025-08-17,238,0
24,1,62,2025-08-17,255,1
24,5,58,2025-08-17,242,1
24,2,35,2025-08-17,184,1
25,5,43,2025-08-17,270,1
25,5,21,2025-08-17,58,1
25,1,52,2025-08-17,48,0
25,1,60,2025-08-17,223,0
25,2,79,2025-08-17,77,1
25,4,66,2025-08-17,235,1
25,3,3,2025-08-17,25,1
25,4,59,2025-08-17,65,0
26,2,13,2025-08-17,115,0
26,3,93,2025-08-17,253,0
26,3,9,2025-08-17,131,0
26,2,45,2025-08-17,34,0
26,1,52,2025-08-17,233,0
26,1,95,2025-08-17,22,0
26,4,76,2025-08-17,160,0
26,4,46,2025-08-17,46,0
27,2,14,2025-08-17,240,0
27,5,5,2025-08-17,281,1
27,2,92,2025-08-17,166,0
27,5,41,2025-08-17,146,0
27,4,67,2025-08-17,192,0
27,5,41,2025-08-17,194,1
27,1,25,2025-08-17,233,0
27,5,28,2025-08-17,235,0
28,4,38,2025-08-17,213,0
28,1,52,2025-08-17,199,1
28,4,56,2025-08-17,60,0
28,4,42,2025-08-17,256,1
28,4,94,2025-08-17,287,1
28,3,26,2025-08-17,277,0
28,2,75,2025-08-17,84,0
28,2,64,2025-08-17,215,0
28,5,84,2025-08-17,61,0
28,3,73,2025-08-17,184,0
28,2,92,2025-08-17,237,1
28,4,34,2025-08-17,217,1
29,1,98,2025-08-17,192,1
29,1,50,2025-08-17,176,1
29,3,93,2025-08-17,98,0
29,2,75,2025-08-17,113,0
29,2,64,2025-08-17,195,1
29,1,81,2025-08-17,191,1
29,5,28,2025-08-17,300,0
29,4,46,2025-08-17,179,1
29,3,68,2025-08-17,197,0
30,3,3,2025-08-17,199,1
30,2,36,2025-08-17,226,0
30,3,9,2025-08-17,291,0
30,3,97,2025-08-17,264,0
30,1,25,2025-08-17,194,0
30,3,97,2025-08-17,21,0
30,5,5,2025-08-17,193,0
30,5,37,2025-08-17,241,1
31,4,49,2025-08-17,22,0
31,2,74,2025-08-17,127,0
31,2,29,2025-08-17,226,0
31,3,55,2025-08-17,34,0
31,2,80,2025-08-17,198,0
31,5,90,2025-08-17,281,0
31,2,36,2025-08-17,187,0
32,2,2,2025-08-17,242,1
32,2,14,2025-08-17,241,0
32,3,83,2025-08-17,110,0
32,4,54,2025-08-17,241,0
32,5,28,2025-08-17,234,0
32,1,50,2025-08-17,220,0
32,5,21,2025-08-17,162,1
32,5,86,2025-08-17,260,0
32,5,90,2025-08-17,241,1
32,5,57,2025-08-17,99,0
32,2,64,2025-08-17,46,0
32,4,20,2025-08-17,199,1
33,4,49,2025-08-17,290,1
33,3,6,2025-08-17,66,1
33,2,29,2025-08-17,291,0
33,5,7,2025-08-17,26,0
33,2,35,2025-08-17,60,1
33,2,23,2025-08-17,87,1
33,1,98,2025-08-17,109,0
33,3,65,2025-08-17,58,0
33,3,1,2025-08-17,25,0
33,1,39,2025-08-17,253,0
33,4,56,2025-08-17,278,1
33,2,91,2025-08-17,23,1
34,5,61,2025-08-17,197,0
34,1,12,2025-08-17,24,0
34,4,100,2025-08-17,140,0
34,3,32,2025-08-17,208,1
34,3,68,2025-08-17,30,1
34,3,71,2025-08-17,138,0
34,5,72,2025-08-17,277,1
34,4,94,2025-08-17,49,1
34,2,64,2025-08-17,247,0
35,2,75,2025-08-17,246,0
35,3,9,2025-08-17,253,1
35,1,60,2025-08-17,133,0
35,2,27,2025-08-17,91,0
35,2,18,2025-08-17,189,1
36,1,95,2025-08-17,220,0
36,2,63,2025-08-17,27,0
36,1,98,2025-08-17,284,0
36,1,70,2025-08-17,117,0
36,1,53,2025-08-17,233,0
36,4,56,2025-08-17,212,0
36,2,23,2025-08-17,104,0
37,4,24,2025-08-17,20,0
37,3,8,2025-08-17,241,0
37,1,95,2025-08-17,86,1
37,3,4,2025-08-17,288,0
37,3,73,2025-08-17,138,0
37,4,66,2025-08-17,122,0
37,1,60,2025-08-17,279,0
38,5,47,2025-08-17,140,0
38,3,8,2025-08-17,23,0
38,4,46,2025-08-17,220,0
38,3,30,2025-08-17,38,0
38,5,61,2025-08-17,86,0
38,2,45,2025-08-17,61,0
38,4,100,2025-08-17,127,0
38,4,76,2025-08-17,48,0
38,3,4,2025-08-17,95,0
38,2,74,2025-08-17,236,0
38,2,27,2025-08-17,204,0
38,1,50,2025-08-17,253,1
39,4,42,2025-08-17,59,1
39,5,72,2025-08-17,133,1
39,2,2,2025-08-17,237,0
39,2,51,2025-08-17,120,1
39,4,89,2025-08-17,49,0
39,5,90,2025-08-17,160,1
39,3,68,2025-08-17,253,0
40,4,78,2025-08-17,235,0
40,4,20,2025-08-17,215,1
40,2,92,2025-08-17,189,0
40,3,55,2025-08-17,286,0
40,2,2,2025-08-17,154,0
40,5,41,2025-08-17,24,1
40,2,23,2025-08-17,23,0
40,1,62,2025-08-17,95,0
40,5,57,2025-08-17,159,1
40,3,32,2025-08-17,261,1
41,2,91,2025-08-17,267,0
41,2,18,2025-08-17,67,0
41,3,73,2025-08-17,270,0
41,3,3,2025-08-17,166,0
41,2,74,2025-08-17,262,0
41,3,17,2025-08-17,31,0
42,2,29,2025-08-17,69,0
42,2,80,2025-08-17,42,0
42,5,90,2025-08-17,50,1
42,4,59,2025-08-17,89,0
42,1,52,2025-08-17,141,0
42,2,87,2025-08-17,169,0
42,1,62,2025-08-17,188,0
42,3,71,2025-08-17,26,0
43,2,36,2025-08-17,288,1
43,1,39,2025-08-17,104,1
43,2,75,2025-08-17,106,1
43,2,35,2025-08-17,22,1
43,5,72,2025-08-17,132,0
43,3,1,2025-08-17,233,0
43,4,38,2025-08-17,69,0
43,2,40,2025-08-17,270,0
43,2,29,2025-08-17,139,1
43,3,93,2025-08-17,283,0
43,5,28,2025-08-17,31,0
44,4,54,2025-08-17,68,1
44,1,60,2025-08-17,143,0
44,2,23,2025-08-17,162,1
44,2,91,2025-08-17,178,0
44,2,2,2025-08-17,251,1
44,3,6,2025-08-17,96,0
44,3,65,2025-08-17,88,0
44,3,97,2025-08-17,103,1
44,1,53,2025-08-17,107,0
44,1,60,2025-08-17,131,0
44,3,9,2025-08-17,215,0
45,1,50,2025-08-17,233,1
45,2,35,2025-08-17,214,1
45,3,44,2025-08-17,254,1
45,2,64,2025-08-17,278,0
45,3,32,2025-08-17,258,1
45,1,50,2025-08-17,135,1
46,3,6,2025-08-17,204,0
46,5,85,2025-08-17,280,0
46,4,48,2025-08-17,289,1
46,3,17,2025-08-17,143,1
46,4,89,2025-08-17,121,1
46,2,88,2025-08-17,178,1
46,2,14,2025-08-17,294,1
47,5,61,2025-08-17,137,1
47,4,89,2025-08-17,153,1
47,4,78,2025-08-17,51,0
47,5,7,2025-08-17,90,1
47,2,23,2025-08-17,232,0
47,3,68,2025-08-17,203,1
47,2,64,2025-08-17,75,0
47,1,95,2025-08-17,134,0
47,4,34,2025-08-17,175,0
47,5,47,2025-08-17,118,0
47,3,44,2025-08-17,36,1
47,2,63,2025-08-17,247,0
48,2,23,2025-08-17,126,0
48,4,49,2025-08-17,261,0
48,4,66,2025-08-17,69,0
48,3,17,2025-08-17,46,0
48,2,75,2025-08-17,150,1
49,4,76,2025-08-17,153,0
49,3,68,2025-08-17,281,1
49,5,47,2025-08-17,112,0
49,3,93,2025-08-17,283,0
49,1,95,2025-08-17,96,1
49,2,27,2025-08-17,288,1
50,2,75,2025-08-17,253,0
50,2,74,2025-08-17,283,0
50,2,91,2025-08-17,300,1
50,4,56,2025-08-17,155,0
50,2,35,2025-08-17,159,0
50,4,24,2025-08-17,73,1
50,3,97,2025-08-17,87,0
50,5,86,2025-08-17,284,0
50,2,29,2025-08-17,57,0
50,3,65,2025-08-17,188,0
50,1,95,2025-08-17,54,1
50,4,67,2025-08-17,261,1
1,4,42,2025-08-18,39,1
1,2,96,2025-08-18,85,1
1,4,94,2025-08-18,103,1
1,4,67,2025-08-18,169,1
1,4,20,2025-08-18,42,1
2,2,18,2025-08-18,83,1
2,5,57,2025-08-18,240,1
2,2,13,2025-08-18,32,1
2,2,45,2025-08-18,169,1
2,2,69,2025-08-18,295,1
2,4,20,2025-08-18,38,1
2,4,24,2025-08-18,98,1
2,3,6,2025-08-18,247,1
2,2,35,2025-08-18,125,1
2,2,79,2025-08-18,227,1
3,5,58,2025-08-18,282,1
3,5,85,2025-08-18,24,1
3,4,56,2025-08-18,282,1
3,5,61,2025-08-18,217,1
3,5,21,2025-08-18,25,1
3,2,64,2025-08-18,28,1
3,3,26,2025-08-18,245,1
4,3,6,2025-08-18,280,1
4,3,3,2025-08-18,198,1
4,4,99,2025-08-18,123,1
4,1,15,2025-08-18,163,1
4,2,51,2025-08-18,162,1
4,4,24,2025-08-18,240,1
4,3,31,2025-08-18,147,1
5,2,69,2025-08-18,267,1
5,4,56,2025-08-18,77,1
5,4,76,2025-08-18,190,1
5,2,75,2025-08-18,108,1
5,2,18,2025-08-18,143,1
5,3,19,2025-08-18,71,1
6,3,1,2025-08-18,196,1
6,3,1,2025-08-18,27,1
6,3,17,2025-08-18,167,1
6,5,61,2025-08-18,147,1
6,4,42,2025-08-18,161,1
6,2,45,2025-08-18,211,1
6,5,82,2025-08-18,135,1
6,2,45,2025-08-18,258,1
6,2,18,2025-08-18,56,1
6,2,92,2025-08-18,159,1
6,3,3,2025-08-18,33,1
6,2,63,2025-08-18,210,1
7,4,34,2025-08-18,298,1
7,4,46,2025-08-18,175,1
7,1,25,2025-08-18,143,1
7,3,32,2025-08-18,102,1
7,4,56,2025-08-18,126,1
7,1,25,2025-08-18,198,1
7,5,21,2025-08-18,90,1
7,4,67,2025-08-18,94,1
7,5,21,2025-08-18,161,1
7,3,1,2025-08-18,199,1
7,5,5,2025-08-18,146,1
8,4,38,2025-08-18,136,1
8,3,19,2025-08-18,100,1
8,5,61,2025-08-18,245,1
8,5,84,2025-08-18,219,1
8,2,69,2025-08-18,228,1
9,2,74,2025-08-18,132,1
9,3,83,2025-08-18,71,1
9,2,40,2025-08-18,98,1
9,2,45,2025-08-18,50,1
9,2,27,2025-08-18,51,1
9,2,51,2025-08-18,69,1
9,2,40,2025-08-18,166,1
9,1,50,2025-08-18,69,1
10,1,81,2025-08-18,255,1
10,3,17,2025-08-18,269,1
10,2,64,2025-08-18,277,1
10,2,13,2025-08-18,254,1
10,2,40,2025-08-18,157,1
10,4,77,2025-08-18,164,1
10,3,3,2025-08-18,285,1
10,2,51,2025-08-18,296,1
10,3,73,2025-08-18,165,1
10,3,3,2025-08-18,233,1
10,2,88,2025-08-18,89,1
10,3,65,2025-08-18,81,1
11,4,99,2025-08-18,92,1
11,1,15,2025-08-18,151,1
11,2,14,2025-08-18,298,1
11,4,77,2025-08-18,42,1
11,1,62,2025-08-18,62,1
11,4,49,2025-08-18,176,1
12,5,41,2025-08-18,36,1
12,3,83,2025-08-18,128,1
12,2,13,2025-08-18,140,1
12,1,16,2025-08-18,90,1
12,4,94,2025-08-18,222,1
12,1,81,2025-08-18,175,1
12,4,94,2025-08-18,65,1
12,2,75,2025-08-18,60,1
12,4,11,2025-08-18,111,1
12,1,62,2025-08-18,255,1
12,3,65,2025-08-18,73,1
12,2,79,2025-08-18,88,1
13,2,40,2025-08-18,249,1
13,5,7,2025-08-18,173,1
13,2,69,2025-08-18,288,1
13,4,99,2025-08-18,229,1
13,1,53,2025-08-18,281,1
13,2,92,2025-08-18,26,1
13,4,48,2025-08-18,109,1
13,3,6,2025-08-18,155,1
13,4,38,2025-08-18,202,1
13,2,27,2025-08-18,57,1
13,5,57,2025-08-18,285,1
13,3,31,2025-08-18,154,1
14,4,66,2025-08-18,289,1
14,1,70,2025-08-18,60,1
14,5,72,2025-08-18,180,1
14,4,34,2025-08-18,295,1
14,2,64,2025-08-18,235,1
14,2,14,2025-08-18,97,1
14,2,18,2025-08-18,207,1
14,3,17,2025-08-18,199,1
14,5,21,2025-08-18,61,1
14,4,11,2025-08-18,87,1
14,3,26,2025-08-18,159,1
14,1,70,2025-08-18,251,1
15,4,48,2025-08-18,28,1
15,4,76,2025-08-18,139,1
15,1,53,2025-08-18,121,1
15,5,58,2025-08-18,48,1
15,4,100,2025-08-18,260,1
15,2,36,2025-08-18,214,1
15,1,25,2025-08-18,50,1
15,4,78,2025-08-18,144,1
15,1,53,2025-08-18,116,1
15,2,14,2025-08-18,111,1
15,3,68,2025-08-18,35,1
16,3,44,2025-08-18,292,0
16,3,17,2025-08-18,28,0
16,3,68,2025-08-18,142,1
16,3,44,2025-08-18,226,0
16,2,18,2025-08-18,172,0
16,2,88,2025-08-18,284,1
16,1,16,2025-08-18,163,1
16,4,67,2025-08-18,208,0
16,1,39,2025-08-18,273,0
16,2,14,2025-08-18,293,1
16,2,18,2025-08-18,246,0
17,5,21,2025-08-18,184,1
17,5,5,2025-08-18,73,0
17,5,86,2025-08-18,264,1
17,3,31,2025-08-18,82,1
17,2,91,2025-08-18,131,0
17,3,31,2025-08-18,42,1
17,1,52,2025-08-18,246,0
17,3,6,2025-08-18,259,0
17,2,79,2025-08-18,280,1
18,1,60,2025-08-18,31,0
18,5,37,2025-08-18,178,0
18,1,25,2025-08-18,184,1
18,2,18,2025-08-18,28,0
18,4,99,2025-08-18,293,0
18,3,8,2025-08-18,78,0
18,1,60,2025-08-18,139,1
18,2,35,2025-08-18,80,0
19,3,19,2025-08-18,73,0
19,1,62,2025-08-18,242,0
19,2,79,2025-08-18,44,0
19,2,14,2025-08-18,162,0
19,5,84,2025-08-18,300,0
19,5,58,2025-08-18,104,0
19,2,79,2025-08-18,62,0
19,2,88,2025-08-18,263,0
20,4,100,2025-08-18,293,0
20,1,39,2025-08-18,263,0
20,5,7,2025-08-18,202,0
20,5,90,2025-08-18,45,0
20,2,27,2025-08-18,245,0
20,1,16,2025-08-18,193,1
20,3,55,2025-08-18,49,1
20,5,43,2025-08-18,35,0
21,2,69,2025-08-18,102,0
21,2,2,2025-08-18,228,0
21,2,79,2025-08-18,220,0
21,2,87,2025-08-18,41,0
21,1,60,2025-08-18,168,0
21,2,45,2025-08-18,276,0
21,4,77,2025-08-18,258,0
21,4,66,2025-08-18,203,0
21,1,50,2025-08-18,62,0
22,1,60,2025-08-18,164,0
22,3,4,2025-08-18,260,1
22,2,23,2025-08-18,31,0
22,3,3,2025-08-18,87,1
22,1,52,2025-08-18,113,0
22,2,74,2025-08-18,268,1
22,1,16,2025-08-18,158,1
22,4,49,2025-08-18,239,1
22,3,71,2025-08-18,203,1
22,1,39,2025-08-18,282,1
22,1,95,2025-08-18,284,0
22,3,71,2025-08-18,75,0
23,4,89,2025-08-18,175,0
23,1,39,2025-08-18,239,1
23,4,66,2025-08-18,26,0
23,2,79,2025-08-18,286,0
23,5,58,2025-08-18,90,0
23,4,76,2025-08-18,42,0
24,1,53,2025-08-18,140,0
24,5,61,2025-08-18,90,0
24,5,85,2025-08-18,183,0
24,1,98,2025-08-18,268,0
24,4,48,2025-08-18,55,1
24,3,10,2025-08-18,143,1
24,4,78,2025-08-18,57,0
24,2,88,2025-08-18,94,0
24,5,5,2025-08-18,86,1
25,4,76,2025-08-18,58,0
25,2,69,2025-08-18,201,0
25,3,71,2025-08-18,265,0
25,3,30,2025-08-18,87,1
25,3,73,2025-08-18,300,0
25,3,9,2025-08-18,244,0
25,1,25,2025-08-18,77,1
26,3,26,2025-08-18,64,1
26,3,44,2025-08-18,106,0
26,3,68,2025-08-18,54,1
26,2,13,2025-08-18,199,0
26,2,23,2025-08-18,178,0
26,1,60,2025-08-18,182,0
26,2,63,2025-08-18,104,0
26,4,100,2025-08-18,24,0
26,4,67,2025-08-18,125,0
27,1,16,2025-08-18,232,0
27,3,3,2025-08-18,106,0
27,4,78,2025-08-18,183,0
27,1,52,2025-08-18,118,1
27,5,90,2025-08-18,134,1
27,4,67,2025-08-18,56,1
27,2,23,2025-08-18,246,0
27,3,32,2025-08-18,106,1
27,4,24,2025-08-18,262,0
27,2,63,2025-08-18,203,0
27,3,17,2025-08-18,185,0
28,3,19,2025-08-18,249,1
28,4,94,2025-08-18,91,0
28,3,55,2025-08-18,284,0
28,5,58,2025-08-18,64,0
28,5,72,2025-08-18,79,0
28,4,34,2025-08-18,162,1
28,2,96,2025-08-18,262,1
28,2,23,2025-08-18,142,0
28,2,79,2025-08-18,68,0
29,2,40,2025-08-18,20,0
29,3,68,2025-08-18,46,1
29,3,68,2025-08-18,84,0
29,1,16,2025-08-18,275,1
29,4,54,2025-08-18,230,1
29,3,17,2025-08-18,170,0
29,3,65,2025-08-18,186,0
29,3,8,2025-08-18,119,1
29,2,35,2025-08-18,197,1
29,2,36,2025-08-18,237,0
29,5,37,2025-08-18,170,0
30,3,83,2025-08-18,100,0
30,2,45,2025-08-18,253,0
30,2,51,2025-08-18,116,0
30,2,74,2025-08-18,57,0
30,5,86,2025-08-18,28,0
30,2,13,2025-08-18,275,0
30,3,31,2025-08-18,292,0
31,5,7,2025-08-18,169,0
31,4,20,2025-08-18,69,1
31,1,70,2025-08-18,163,1
31,1,70,2025-08-18,268,0
31,4,42,2025-08-18,232,0
31,2,22,2025-08-18,293,0
32,5,5,2025-08-18,226,0
32,1,25,2025-08-18,252,0
32,5,85,2025-08-18,268,0
32,4,99,2025-08-18,292,1
32,3,17,2025-08-18,29,0
32,3,71,2025-08-18,175,0
32,4,56,2025-08-18,94,0
33,3,31,2025-08-18,174,1
33,2,79,2025-08-18,51,1
33,5,21,2025-08-18,153,0
33,5,37,2025-08-18,46,1
33,3,8,2025-08-18,135,0
33,2,74,2025-08-18,25,0
33,2,36,2025-08-18,40,0
33,4,56,2025-08-18,265,0
33,4,48,2025-08-18,145,1
33,1,81,2025-08-18,162,0
33,1,53,2025-08-18,35,0
34,4,48,2025-08-18,44,0
34,2,74,2025-08-18,271,0
34,5,72,2025-08-18,243,1
34,1,98,2025-08-18,63,1
34,3,10,2025-08-18,299,0
34,1,60,2025-08-18,145,1
34,4,78,2025-08-18,158,0
34,4,54,2025-08-18,257,1
34,2,18,2025-08-18,149,0
34,4,48,2025-08-18,55,0
35,4,24,2025-08-18,255,1
35,5,5,2025-08-18,84,0
35,2,36,2025-08-18,127,0
35,2,96,2025-08-18,153,1
35,3,73,2025-08-18,138,0
35,4,49,2025-08-18,147,0
35,2,80,2025-08-18,152,1
35,4,38,2025-08-18,287,0
36,2,13,2025-08-18,289,1
36,2,22,2025-08-18,48,0
36,4,66,2025-08-18,285,0
36,2,45,2025-08-18,120,1
36,3,83,2025-08-18,28,0
36,1,50,2025-08-18,205,1
36,2,74,2025-08-18,35,0
37,5,5,2025-08-18,45,0
37,4,59,2025-08-18,193,0
37,5,86,2025-08-18,83,0
37,1,70,2025-08-18,64,0
37,3,68,2025-08-18,46,1
37,4,54,2025-08-18,237,0
38,2,87,2025-08-18,77,0
38,4,89,2025-08-18,59,1
38,4,20,2025-08-18,102,0
38,3,30,2025-08-18,36,0
38,5,84,2025-08-18,147,1
38,1,25,2025-08-18,56,0
38,2,88,2025-08-18,94,0
38,2,14,2025-08-18,151,1
38,2,88,2025-08-18,130,0
38,4,11,2025-08-18,184,0
38,2,29,2025-08-18,146,1
39,3,32,2025-08-18,78,1
39,5,86,2025-08-18,47,1
39,2,22,2025-08-18,38,0
39,5,21,2025-08-18,204,1
39,4,78,2025-08-18,22,0
39,5,47,2025-08-18,35,1
39,2,2,2025-08-18,32,0
39,1,81,2025-08-18,158,1
39,2,2,2025-08-18,66,0
39,5,21,2025-08-18,38,1
40,1,81,2025-08-18,154,1
40,4,42,2025-08-18,268,1
40,3,8,2025-08-18,128,1
40,4,59,2025-08-18,23,0
40,4,100,2025-08-18,207,1
40,2,45,2025-08-18,297,1
40,3,8,2025-08-18,233,1
40,4,46,2025-08-18,228,1
40,2,96,2025-08-18,172,0
41,2,87,2025-08-18,65,1
41,5,85,2025-08-18,243,1
41,2,87,2025-08-18,49,1
41,2,64,2025-08-18,33,1
41,1,98,2025-08-18,89,0
41,5,41,2025-08-18,93,0
41,2,91,2025-08-18,68,0
41,4,89,2025-08-18,31,0
41,5,28,2025-08-18,191,1
42,5,41,2025-08-18,118,0
42,2,18,2025-08-18,232,1
42,5,5,2025-08-18,251,0
42,3,30,2025-08-18,272,0
42,2,80,2025-08-18,124,0
42,2,35,2025-08-18,180,1
42,5,28,2025-08-18,287,0
42,5,7,2025-08-18,289,1
42,3,9,2025-08-18,272,0
42,3,9,2025-08-18,123,0
42,2,74,2025-08-18,160,0
43,1,81,2025-08-18,169,0
43,1,95,2025-08-18,221,1
43,1,16,2025-08-18,48,0
43,4,49,2025-08-18,140,0
43,2,51,2025-08-18,41,0
43,5,84,2025-08-18,162,0
43,5,72,2025-08-18,133,0
43,5,57,2025-08-18,155,1
43,5,85,2025-08-18,297,1
44,4,100,2025-08-18,95,1
44,2,87,2025-08-18,36,1
44,3,1,2025-08-18,252,0
44,4,38,2025-08-18,113,1
44,5,41,2025-08-18,178,0
44,3,44,2025-08-18,174,0
44,2,96,2025-08-18,47,1
44,5,37,2025-08-18,235,1
44,4,46,2025-08-18,270,0
44,2,87,2025-08-18,253,1
44,4,42,2025-08-18,262,0
45,4,77,2025-08-18,242,0
45,5,57,2025-08-18,77,0
45,5,57,2025-08-18,37,1
45,3,31,2025-08-18,214,1
45,5,41,2025-08-18,127,0
45,1,53,2025-08-18,81,0
45,3,97,2025-08-18,263,1
45,3,3,2025-08-18,192,1
45,3,17,2025-08-18,180,1
46,4,77,2025-08-18,34,0
46,5,5,2025-08-18,270,0
46,2,96,2025-08-18,272,1
46,3,68,2025-08-18,121,1
46,5,72,2025-08-18,58,0
46,3,4,2025-08-18,239,0
46,4,66,2025-08-18,126,0
46,3,73,2025-08-18,64,1
46,2,35,2025-08-18,88,0
47,2,64,2025-08-18,188,0
47,2,40,2025-08-18,91,0
47,4,89,2025-08-18,128,0
47,1,70,2025-08-18,88,0
47,2,96,2025-08-18,205,1
47,2,36,2025-08-18,266,0
47,2,92,2025-08-18,147,0
47,2,51,2025-08-18,207,0
47,2,91,2025-08-18,296,1
47,5,85,2025-08-18,262,1
48,4,76,2025-08-18,206,1
48,3,65,2025-08-18,62,0
48,4,54,2025-08-18,111,0
48,3,6,2025-08-18,54,1
48,2,45,2025-08-18,56,0
49,3,31,2025-08-18,166,1
49,5,7,2025-08-18,145,0
49,5,7,2025-08-18,116,0
49,2,75,2025-08-18,257,1
49,2,27,2025-08-18,249,1
50,4,56,2025-08-18,72,1
50,3,55,2025-08-18,199,1
50,2,14,2025-08-18,225,0
50,5,28,2025-08-18,249,0
50,5,85,2025-08-18,172,0
50,2,91,2025-08-18,114,0
50,2,18,2025-08-18,163,0
1,1,52,2025-08-19,297,1
1,4,59,2025-08-19,214,1
1,2,75,2025-08-19,122,1
1,5,61,2025-08-19,214,1
1,1,62,2025-08-19,46,1
2,5,58,2025-08-19,55,1
2,2,87,2025-08-19,247,1
2,3,4,2025-08-19,209,1
2,1,16,2025-08-19,170,1
2,4,94,2025-08-19,20,1
2,5,37,2025-08-19,22,1
2,1,62,2025-08-19,103,1
2,1,53,2025-08-19,99,1
3,4,46,2025-08-19,196,1
3,3,68,2025-08-19,281,1
3,2,27,2025-08-19,151,1
3,1,39,2025-08-19,148,1
3,3,6,2025-08-19,204,1
4,2,29,2025-08-19,290,1
4,4,20,2025-08-19,64,1
4,4,56,2025-08-19,281,1
4,1,60,2025-08-19,183,1
4,3,6,2025-08-19,211,1
4,3,71,2025-08-19,252,1
4,4,89,2025-08-19,228,1
5,2,91,2025-08-19,224,1
5,2,87,2025-08-19,195,1
5,3,8,2025-08-19,124,1
5,1,12,2025-08-19,224,1
5,1,98,2025-08-19,104,1
5,1,52,2025-08-19,170,1
5,2,27,2025-08-19,61,1
5,1,81,2025-08-19,187,1
6,5,37,2025-08-19,276,1
6,2,2,2025-08-19,161,1
6,5,85,2025-08-19,89,1
6,1,16,2025-08-19,278,1
6,2,18,2025-08-19,122,1
6,3,1,2025-08-19,68,1
6,2,27,2025-08-19,65,1
6,5,72,2025-08-19,181,1
6,2,91,2025-08-19,165,1
6,2,45,2025-08-19,46,1
6,5,57,2025-08-19,32,1
6,4,11,2025-08-19,53,1
7,3,17,2025-08-19,63,1
7,5,72,2025-08-19,201,1
7,5,37,2025-08-19,196,1
7,3,44,2025-08-19,222,1
7,2,63,2025-08-19,107,1
7,3,31,2025-08-19,280,1
7,5,5,2025-08-19,270,1
8,5,5,2025-08-19,197,1
8,3,31,2025-08-19,163,1
8,5,21,2025-08-19,121,1
8,4,56,2025-08-19,186,1
8,3,55,2025-08-19,158,1
8,4,46,2025-08-19,292,1
8,1,53,2025-08-19,98,1
9,3,83,2025-08-19,236,1
9,2,22,2025-08-19,79,1
9,3,4,2025-08-19,236,1
9,1,12,2025-08-19,36,1
9,1,53,2025-08-19,94,1
9,4,78,2025-08-19,121,1
9,2,40,2025-08-19,210,1
9,5,85,2025-08-19,194,1
9,5,47,2025-08-19,42,1
10,5,85,2025-08-19,74,1
10,5,47,2025-08-19,201,1
10,2,80,2025-08-19,181,1
10,2,45,2025-08-19,214,1
10,5,21,2025-08-19,20,1
10,4,54,2025-08-19,275,1
10,5,61,2025-08-19,219,1
10,3,26,2025-08-19,293,1
11,4,54,2025-08-19,115,1
11,5,82,2025-08-19,170,1
11,4,99,2025-08-19,35,1
11,5,58,2025-08-19,248,1
11,5,84,2025-08-19,252,1
11,2,79,2025-08-19,172,1
11,3,26,2025-08-19,84,1
11,2,63,2025-08-19,167,1
11,3,8,2025-08-19,281,1
11,2,80,2025-08-19,130,1
12,5,41,2025-08-19,178,1
12,1,50,2025-08-19,290,1
12,4,100,2025-08-19,155,1
12,2,13,2025-08-19,167,1
12,5,84,2025-08-19,57,1
12,3,55,2025-08-19,164,1
12,1,70,2025-08-19,171,1
12,2,2,2025-08-19,133,1
13,3,83,2025-08-19,244,1
13,4,76,2025-08-19,246,1
13,3,65,2025-08-19,104,1
13,4,46,2025-08-19,268,1
13,5,47,2025-08-19,150,1
14,2,45,2025-08-19,296,1
14,3,30,2025-08-19,77,1
14,2,91,2025-08-19,199,1
14,5,90,2025-08-19,174,1
14,1,98,2025-08-19,271,1
14,3,6,2025-08-19,91,1
14,5,37,2025-08-19,132,1
14,5,28,2025-08-19,21,1
14,3,65,2025-08-19,241,1
14,5,47,2025-08-19,137,1
15,1,39,2025-08-19,164,1
15,5,84,2025-08-19,26,1
15,5,28,2025-08-19,192,1
15,1,12,2025-08-19,56,1
15,3,6,2025-08-19,159,1
15,5,57,2025-08-19,294,1
15,1,12,2025-08-19,287,1
15,2,51,2025-08-19,20,1
15,4,77,2025-08-19,269,1
15,3,71,2025-08-19,172,1
15,2,14,2025-08-19,300,1
15,3,8,2025-08-19,199,1
16,5,21,2025-08-19,165,0
16,3,55,2025-08-19,45,0
16,3,65,2025-08-19,213,0
16,1,50,2025-08-19,68,0
16,3,6,2025-08-19,123,1
16,4,78,2025-08-19,237,0
16,4,56,2025-08-19,102,0
16,2,22,2025-08-19,50,1
16,4,100,2025-08-19,169,0
16,4,46,2025-08-19,166,0
17,5,7,2025-08-19,279,0
17,2,2,2025-08-19,140,1
17,5,86,2025-08-19,216,0
17,5,47,2025-08-19,175,0
17,2,35,2025-08-19,247,0
18,5,72,2025-08-19,224,0
18,3,30,2025-08-19,129,0
18,2,13,2025-08-19,287,0
18,4,76,2025-08-19,50,1
18,5,7,2025-08-19,173,0
18,3,9,2025-08-19,33,1
18,2,27,2025-08-19,153,1
18,2,14,2025-08-19,183,1
19,4,34,2025-08-19,287,0
19,5,57,2025-08-19,283,0
19,4,89,2025-08-19,229,1
19,3,44,2025-08-19,287,0
19,2,13,2025-08-19,171,0
19,2,36,2025-08-19,25,1
19,3,32,2025-08-19,223,0
19,4,89,2025-08-19,100,0
19,2,74,2025-08-19,131,0
19,3,71,2025-08-19,117,0
19,3,68,2025-08-19,240,0
20,3,93,2025-08-19,283,0
20,3,33,2025-08-19,238,0
20,4,100,2025-08-19,247,1
20,4,59,2025-08-19,199,1
20,4,59,2025-08-19,242,0
21,4,67,2025-08-19,57,1
21,2,22,2025-08-19,159,0
21,5,43,2025-08-19,295,0
21,1,81,2025-08-19,184,1
21,4,24,2025-08-19,135,0
21,5,37,2025-08-19,72,1
21,5,72,2025-08-19,185,0
21,2,79,2025-08-19,219,0
21,4,77,2025-08-19,177,0
21,2,79,2025-08-19,51,0
21,5,85,2025-08-19,86,1
21,4,49,2025-08-19,74,0
22,3,3,2025-08-19,95,0
22,5,28,2025-08-19,233,0
22,2,27,2025-08-19,256,0
22,3,44,2025-08-19,281,1
22,3,83,2025-08-19,174,0
22,3,33,2025-08-19,211,1
22,2,69,2025-08-19,236,1
22,2,63,2025-08-19,209,0
22,3,55,2025-08-19,97,0
22,2,51,2025-08-19,199,0
22,2,45,2025-08-19,49,0
22,1,62,2025-08-19,299,1
23,2,75,2025-08-19,67,1
23,2,80,2025-08-19,281,0
23,3,31,2025-08-19,26,0
23,3,68,2025-08-19,77,0
23,4,11,2025-08-19,194,0
23,1,12,2025-08-19,91,0
23,1,98,2025-08-19,43,0
23,2,27,2025-08-19,149,0
23,3,3,2025-08-19,201,0
24,4,99,2025-08-19,277,0
24,2,96,2025-08-19,101,0
24,4,99,2025-08-19,241,0
24,1,60,2025-08-19,169,1
24,3,71,2025-08-19,270,0
24,4,49,2025-08-19,256,0
24,1,15,2025-08-19,108,0
24,2,45,2025-08-19,121,0
24,3,33,2025-08-19,185,1
24,1,12,2025-08-19,198,1
24,4,99,2025-08-19,203,0
24,3,65,2025-08-19,263,0
25,4,49,2025-08-19,232,0
25,2,79,2025-08-19,216,1
25,5,72,2025-08-19,92,1
25,3,30,2025-08-19,252,0
25,4,11,2025-08-19,36,0
25,3,26,2025-08-19,120,1
25,4,42,2025-08-19,102,0
25,3,73,2025-08-19,139,1
25,2,63,2025-08-19,205,1
25,1,53,2025-08-19,246,1
25,3,55,2025-08-19,161,0
26,3,83,2025-08-19,248,0
26,5,58,2025-08-19,262,0
26,2,92,2025-08-19,180,0
26,3,17,2025-08-19,30,0
26,4,48,2025-08-19,72,0
26,3,4,2025-08-19,52,0
27,3,65,2025-08-19,86,0
27,1,98,2025-08-19,209,0
27,2,63,2025-08-19,126,0
27,3,32,2025-08-19,244,0
27,3,83,2025-08-19,122,0
27,5,82,2025-08-19,298,0
28,3,1,2025-08-19,166,0
28,1,98,2025-08-19,75,0
28,2,88,2025-08-19,122,1
28,5,85,2025-08-19,157,1
28,3,26,2025-08-19,183,0
28,4,38,2025-08-19,209,0
29,3,55,2025-08-19,52,1
29,3,10,2025-08-19,265,0
29,4,42,2025-08-19,249,1
29,3,8,2025-08-19,170,0
29,2,79,2025-08-19,179,1
29,2,74,2025-08-19,155,1
29,5,41,2025-08-19,120,0
30,2,36,2025-08-19,84,1
30,5,47,2025-08-19,200,1
30,4,11,2025-08-19,164,0
30,4,99,2025-08-19,245,1
30,3,4,2025-08-19,263,1
30,1,95,2025-08-19,20,0
31,4,99,2025-08-19,42,0
31,4,99,2025-08-19,209,1
31,3,8,2025-08-19,144,0
31,2,69,2025-08-19,102,0
31,3,1,2025-08-19,53,0
31,1,95,2025-08-19,121,0
31,3,30,2025-08-19,275,1
31,3,93,2025-08-19,145,0
31,3,17,2025-08-19,167,0
32,3,65,2025-08-19,99,0
32,5,43,2025-08-19,173,0
32,3,44,2025-08-19,232,1
32,5,37,2025-08-19,70,0
32,2,51,2025-08-19,254,0
32,2,18,2025-08-19,293,1
32,1,15,2025-08-19,224,0
32,2,96,2025-08-19,43,1
32,5,21,2025-08-19,149,0
33,3,17,2025-08-19,71,0
33,5,84,2025-08-19,43,0
33,2,35,2025-08-19,165,1
33,2,35,2025-08-19,296,0
33,4,49,2025-08-19,171,1
34,1,70,2025-08-19,211,0
34,1,81,2025-08-19,143,0
34,5,43,2025-08-19,59,0
34,5,21,2025-08-19,60,1
34,2,88,2025-08-19,251,0
34,1,81,2025-08-19,198,0
34,4,56,2025-08-19,42,0
34,3,33,2025-08-19,29,0
34,5,57,2025-08-19,265,1
34,5,86,2025-08-19,37,1
34,4,38,2025-08-19,199,1
34,5,7,2025-08-19,144,1
35,3,32,2025-08-19,105,0
35,4,66,2025-08-19,102,0
35,2,45,2025-08-19,251,1
35,1,81,2025-08-19,58,0
35,5,86,2025-08-19,173,0
35,2,63,2025-08-19,159,1
35,3,68,2025-08-19,292,0
35,4,76,2025-08-19,48,0
35,2,79,2025-08-19,27,0
35,4,78,2025-08-19,98,1
35,5,72,2025-08-19,57,1
36,3,17,2025-08-19,70,0
36,4,100,2025-08-19,114,0
36,5,85,2025-08-19,224,0
36,5,61,2025-08-19,257,0
36,1,53,2025-08-19,280,0
36,5,57,2025-08-19,222,0
36,3,97,2025-08-19,278,1
36,3,4,2025-08-19,195,1
36,2,18,2025-08-19,89,0
36,5,7,2025-08-19,74,0
36,5,84,2025-08-19,197,1
37,4,49,2025-08-19,36,0
37,3,33,2025-08-19,39,0
37,4,89,2025-08-19,85,1
37,2,40,2025-08-19,108,1
37,4,20,2025-08-19,125,1
37,3,17,2025-08-19,128,1
37,2,36,2025-08-19,74,1
37,1,81,2025-08-19,222,1
37,3,93,2025-08-19,122,0
37,2,87,2025-08-19,36,1
38,2,87,2025-08-19,183,1
38,3,97,2025-08-19,281,1
38,1,62,2025-08-19,199,1
38,5,72,2025-08-19,249,0
38,1,50,2025-08-19,222,0
38,5,86,2025-08-19,229,1
38,5,86,2025-08-19,113,1
38,1,62,2025-08-19,243,0
38,2,64,2025-08-19,133,0
38,5,37,2025-08-19,215,1
39,2,87,2025-08-19,90,1
39,4,94,2025-08-19,24,1
39,3,55,2025-08-19,272,0
39,5,5,2025-08-19,155,0
39,2,45,2025-08-19,23,0
39,4,77,2025-08-19,235,0
39,4,54,2025-08-19,74,1
39,2,18,2025-08-19,246,1
40,2,27,2025-08-19,163,1
40,4,56,2025-08-19,137,0
40,1,50,2025-08-19,37,0
40,1,39,2025-08-19,149,0
40,4,59,2025-08-19,146,0
40,5,85,2025-08-19,96,0
40,3,33,2025-08-19,200,1
40,4,78,2025-08-19,212,0
41,5,21,2025-08-19,173,0
41,2,92,2025-08-19,124,1
41,3,65,2025-08-19,228,0
41,4,67,2025-08-19,62,1
41,4,48,2025-08-19,59,0
42,1,50,2025-08-19,226,1
42,2,35,2025-08-19,127,0
42,2,36,2025-08-19,113,0
42,2,63,2025-08-19,181,0
42,5,41,2025-08-19,273,0
43,5,72,2025-08-19,21,0
43,5,47,2025-08-19,299,0
43,2,14,2025-08-19,222,1
43,3,68,2025-08-19,119,1
43,1,39,2025-08-19,254,0
43,5,82,2025-08-19,265,0
44,5,72,2025-08-19,86,1
44,3,6,2025-08-19,80,0
44,2,29,2025-08-19,244,0
44,2,35,2025-08-19,96,1
44,5,82,2025-08-19,70,0
45,1,25,2025-08-19,105,0
45,3,97,2025-08-19,280,0
45,1,12,2025-08-19,36,1
45,5,82,2025-08-19,94,0
45,2,29,2025-08-19,283,0
45,2,13,2025-08-19,31,0
45,4,34,2025-08-19,197,0
45,2,27,2025-08-19,104,0
45,5,43,2025-08-19,195,0
45,2,27,2025-08-19,160,1
45,4,78,2025-08-19,300,1
46,1,62,2025-08-19,99,0
46,4,99,2025-08-19,96,1
46,3,8,2025-08-19,20,0
46,5,85,2025-08-19,275,0
46,2,69,2025-08-19,93,0
46,1,98,2025-08-19,263,1
46,2,27,2025-08-19,150,1
46,5,72,2025-08-19,102,1
46,4,42,2025-08-19,219,0
47,4,48,2025-08-19,170,1
47,4,38,2025-08-19,39,0
47,3,30,2025-08-19,25,1
47,1,12,2025-08-19,73,1
47,5,57,2025-08-19,287,1
47,4,77,2025-08-19,82,1
47,2,23,2025-08-19,265,1
48,5,28,2025-08-19,243,0
48,4,99,2025-08-19,211,0
48,1,53,2025-08-19,71,1
48,2,13,2025-08-19,32,1
48,4,67,2025-08-19,115,0
48,3,1,2025-08-19,265,1
48,2,23,2025-08-19,278,0
48,1,12,2025-08-19,220,1
49,2,75,2025-08-19,283,1
49,2,22,2025-08-19,53,1
49,1,16,2025-08-19,196,0
49,2,36,2025-08-19,276,0
49,4,77,2025-08-19,207,1
50,4,38,2025-08-19,47,1
50,1,98,2025-08-19,217,1
50,2,27,2025-08-19,64,1
50,5,7,2025-08-19,235,0
50,5,72,2025-08-19,289,0
1,4,66,2025-08-20,116,1
1,2,75,2025-08-20,78,1
1,1,81,2025-08-20,150,1
1,2,14,2025-08-20,102,1
1,5,61,2025-08-20,49,1
1,2,75,2025-08-20,162,1
1,3,71,2025-08-20,243,1
1,2,91,2025-08-20,38,1
1,1,25,2025-08-20,124,1
1,5,72,2025-08-20,280,1
1,5,7,2025-08-20,263,1
2,2,80,2025-08-20,20,1
2,2,2,2025-08-20,217,1
2,4,34,2025-08-20,81,1
2,4,59,2025-08-20,35,1
2,2,36,2025-08-20,137,1
2,5,57,2025-08-20,203,1
2,2,91,2025-08-20,185,1
2,4,59,2025-08-20,131,1
2,1,39,2025-08-20,249,1
2,2,40,2025-08-20,166,1
3,1,25,2025-08-20,65,1
3,1,62,2025-08-20,32,1
3,3,9,2025-08-20,108,1
3,2,29,2025-08-20,220,1
3,5,61,2025-08-20,84,1
4,5,43,2025-08-20,94,1
4,1,12,2025-08-20,241,1
4,4,89,2025-08-20,173,1
4,5,90,2025-08-20,136,1
4,4,56,2025-08-20,204,1
4,2,79,2025-08-20,153,1
4,5,7,2025-08-20,43,1
4,3,83,2025-08-20,210,1
4,2,79,2025-08-20,253,1
5,2,14,2025-08-20,176,1
5,2,63,2025-08-20,97,1
5,2,63,2025-08-20,62,1
5,3,97,2025-08-20,127,1
5,1,16,2025-08-20,59,1
5,1,50,2025-08-20,87,1
5,4,56,2025-08-20,159,1
5,3,19,2025-08-20,277,1
5,5,5,2025-08-20,285,1
5,5,82,2025-08-20,201,1
6,4,78,2025-08-20,31,1
6,2,92,2025-08-20,256,1
6,3,4,2025-08-20,81,1
6,2,69,2025-08-20,68,1
6,2,29,2025-08-20,134,1
6,4,49,2025-08-20,300,1
6,4,11,2025-08-20,194,1
6,3,3,2025-08-20,53,1
6,4,94,2025-08-20,283,1
6,5,90,2025-08-20,211,1
6,5,72,2025-08-20,170,1
6,2,63,2025-08-20,259,1
7,2,74,2025-08-20,245,1
7,1,62,2025-08-20,100,1
7,4,76,2025-08-20,229,1
7,4,24,2025-08-20,24,1
7,2,45,2025-08-20,175,1
8,3,68,2025-08-20,189,1
8,5,90,2025-08-20,100,1
8,5,43,2025-08-20,295,1
8,2,88,2025-08-20,28,1
8,2,35,2025-08-20,197,1
8,4,48,2025-08-20,69,1
8,4,54,2025-08-20,129,1
8,3,6,2025-08-20,23,1
8,3,3,2025-08-20,221,1
8,5,43,2025-08-20,276,1
8,2,18,2025-08-20,278,1
8,4,34,2025-08-20,55,1
9,4,56,2025-08-20,93,1
9,5,57,2025-08-20,102,1
9,2,96,2025-08-20,49,1
9,5,82,2025-08-20,155,1
9,1,98,2025-08-20,112,1
9,5,37,2025-08-20,200,1
9,3,68,2025-08-20,22,1
9,1,52,2025-08-20,27,1
9,5,21,2025-08-20,235,1
9,5,85,2025-08-20,126,1
9,2,75,2025-08-20,24,1
10,3,71,2025-08-20,193,1
10,2,45,2025-08-20,268,1
10,2,14,2025-08-20,38,1
10,1,81,2025-08-20,278,1
10,3,93,2025-08-20,56,1
10,2,96,2025-08-20,207,1
10,4,34,2025-08-20,89,1
11,2,80,2025-08-20,283,1
11,1,98,2025-08-20,143,1
11,3,4,2025-08-20,25,1
11,2,27,2025-08-20,228,1
11,5,7,2025-08-20,290,1
11,3,73,2025-08-20,28,1
11,4,89,2025-08-20,161,1
11,3,4,2025-08-20,60,1
11,3,83,2025-08-20,266,1
11,4,56,2025-08-20,167,1
12,4,38,2025-08-20,271,1
12,1,16,2025-08-20,20,1
12,1,50,2025-08-20,174,1
12,4,78,2025-08-20,248,1
12,4,49,2025-08-20,38,1
12,3,17,2025-08-20,227,1
13,4,76,2025-08-20,130,1
13,4,34,2025-08-20,162,1
13,1,15,2025-08-20,100,1
13,3,31,2025-08-20,87,1
13,1,53,2025-08-20,233,1
13,5,41,2025-08-20,246,1
13,1,60,2025-08-20,286,1
13,3,65,2025-08-20,123,1
13,5,57,2025-08-20,66,1
14,4,38,2025-08-20,271,1
14,1,15,2025-08-20,103,1
14,1,25,2025-08-20,47,1
14,2,27,2025-08-20,28,1
14,5,85,2025-08-20,107,1
14,2,45,2025-08-20,143,1
14,4,48,2025-08-20,80,1
14,4,38,2025-08-20,186,1
14,3,30,2025-08-20,241,1
14,1,81,2025-08-20,50,1
15,2,74,2025-08-20,250,1
15,1,25,2025-08-20,127,1
15,2,75,2025-08-20,240,1
15,2,40,2025-08-20,104,1
15,1,16,2025-08-20,274,1
16,4,46,2025-08-20,112,1
16,1,98,2025-08-20,152,0
16,5,21,2025-08-20,40,0
16,3,9,2025-08-20,80,0
16,3,97,2025-08-20,149,1
16,1,12,2025-08-20,279,0
16,5,41,2025-08-20,88,0
16,2,13,2025-08-20,75,0
16,3,4,2025-08-20,247,0
16,4,38,2025-08-20,145,0
16,3,97,2025-08-20,165,1
16,3,30,2025-08-20,24,0
17,1,25,2025-08-20,271,1
17,2,45,2025-08-20,286,1
17,4,76,2025-08-20,270,0
17,2,23,2025-08-20,69,0
17,3,10,2025-08-20,139,0
17,1,95,2025-08-20,265,0
18,2,22,2025-08-20,100,0
18,5,61,2025-08-20,49,0
18,4,34,2025-08-20,40,0
18,3,55,2025-08-20,124,1
18,2,27,2025-08-20,227,1
18,4,99,2025-08-20,136,0
18,5,72,2025-08-20,152,0
18,2,2,2025-08-20,230,1
18,4,24,2025-08-20,96,0
18,2,64,2025-08-20,36,0
19,4,38,2025-08-20,286,1
19,5,72,2025-08-20,257,0
19,2,87,2025-08-20,242,1
19,4,67,2025-08-20,260,0
19,3,93,2025-08-20,101,1
19,2,29,2025-08-20,105,1
19,5,58,2025-08-20,215,0
19,2,87,2025-08-20,288,0
20,3,55,2025-08-20,256,1
20,1,16,2025-08-20,104,0
20,5,43,2025-08-20,59,0
20,1,16,2025-08-20,79,1
20,2,92,2025-08-20,67,0
20,2,23,2025-08-20,144,1
20,3,30,2025-08-20,239,0
20,4,24,2025-08-20,298,1
20,1,53,2025-08-20,208,1
21,3,73,2025-08-20,247,1
21,1,15,2025-08-20,300,1
21,4,100,2025-08-20,73,1
21,5,21,2025-08-20,170,0
21,5,86,2025-08-20,180,0
21,4,89,2025-08-20,272,0
21,1,98,2025-08-20,177,1
21,4,24,2025-08-20,206,0
21,3,83,2025-08-20,127,0
21,2,80,2025-08-20,195,0
21,5,7,2025-08-20,81,1
22,1,50,2025-08-20,212,0
22,5,5,2025-08-20,247,1
22,4,11,2025-08-20,74,0
22,2,22,2025-08-20,178,0
22,5,28,2025-08-20,289,1
22,5,37,2025-08-20,207,0
22,2,51,2025-08-20,194,0
22,3,93,2025-08-20,88,1
22,5,58,2025-08-20,25,0
22,3,19,2025-08-20,199,0
22,4,20,2025-08-20,79,0
23,3,6,2025-08-20,281,1
23,5,41,2025-08-20,295,0
23,3,44,2025-08-20,247,1
23,4,78,2025-08-20,173,0
23,4,20,2025-08-20,80,0
23,3,83,2025-08-20,219,0
23,1,81,2025-08-20,188,1
23,2,23,2025-08-20,153,0
24,3,33,2025-08-20,200,0
24,5,58,2025-08-20,81,0
24,2,14,2025-08-20,132,0
24,3,26,2025-08-20,173,0
24,2,45,2025-08-20,136,1
24,2,75,2025-08-20,86,1
24,1,52,2025-08-20,120,0
24,5,21,2025-08-20,181,0
24,5,28,2025-08-20,98,0
24,2,2,2025-08-20,232,1
25,1,53,2025-08-20,283,0
25,1,12,2025-08-20,254,1
25,4,67,2025-08-20,232,1
25,2,79,2025-08-20,161,0
25,1,53,2025-08-20,248,0
25,5,37,2025-08-20,113,0
25,1,53,2025-08-20,130,0
25,4,56,2025-08-20,193,0
25,2,13,2025-08-20,256,1
25,4,56,2025-08-20,136,0
25,4,11,2025-08-20,95,0
25,1,53,2025-08-20,164,1
26,5,21,2025-08-20,112,0
26,5,28,2025-08-20,259,0
26,5,43,2025-08-20,197,1
26,5,21,2025-08-20,150,0
26,5,72,2025-08-20,45,1
26,3,44,2025-08-20,163,1
26,2,35,2025-08-20,97,0
26,5,7,2025-08-20,91,0
26,1,25,2025-08-20,288,0
27,2,92,2025-08-20,159,1
27,5,61,2025-08-20,241,0
27,4,20,2025-08-20,250,0
27,2,87,2025-08-20,257,0
27,3,1,2025-08-20,147,0
27,2,79,2025-08-20,212,0
27,4,66,2025-08-20,255,0
27,2,91,2025-08-20,25,0
28,2,75,2025-08-20,298,0
28,3,8,2025-08-20,213,0
28,5,72,2025-08-20,155,0
28,1,52,2025-08-20,180,1
28,2,63,2025-08-20,48,0
28,2,96,2025-08-20,208,0
28,1,16,2025-08-20,37,0
28,5,84,2025-08-20,73,0
29,3,31,2025-08-20,26,1
29,4,100,2025-08-20,192,0
29,5,86,2025-08-20,33,0
29,5,7,2025-08-20,273,0
29,5,57,2025-08-20,138,0
29,4,24,2025-08-20,94,1
29,4,89,2025-08-20,32,1
29,3,19,2025-08-20,128,1
29,4,66,2025-08-20,149,0
29,4,78,2025-08-20,100,0
29,1,15,2025-08-20,295,0
29,4,89,2025-08-20,88,1
30,5,47,2025-08-20,29,1
30,2,80,2025-08-20,195,0
30,2,45,2025-08-20,38,0
30,4,34,2025-08-20,278,0
30,3,3,2025-08-20,178,1
30,4,100,2025-08-20,128,0
30,1,39,2025-08-20,90,0
31,5,21,2025-08-20,178,0
31,3,33,2025-08-20,71,0
31,2,23,2025-08-20,43,1
31,3,65,2025-08-20,70,0
31,3,17,2025-08-20,110,0
31,3,93,2025-08-20,117,0
31,3,19,2025-08-20,281,0
32,2,18,2025-08-20,143,0
32,2,13,2025-08-20,249,0
32,4,66,2025-08-20,240,1
32,4,99,2025-08-20,24,1
32,2,79,2025-08-20,168,1
32,1,52,2025-08-20,200,1
32,1,39,2025-08-20,294,1
32,5,86,2025-08-20,286,0
32,2,14,2025-08-20,42,0
32,4,77,2025-08-20,28,1
32,1,95,2025-08-20,64,0
32,2,91,2025-08-20,141,0
33,5,85,2025-08-20,97,1
33,1,60,2025-08-20,190,0
33,1,95,2025-08-20,254,0
33,2,96,2025-08-20,258,0
33,2,79,2025-08-20,231,0
33,4,20,2025-08-20,104,1
33,3,44,2025-08-20,97,0
33,2,22,2025-08-20,242,1
33,5,41,2025-08-20,91,1
33,5,57,2025-08-20,85,0
33,3,3,2025-08-20,218,0
34,3,6,2025-08-20,278,1
34,4,99,2025-08-20,249,0
34,1,25,2025-08-20,100,0
34,3,10,2025-08-20,216,0
34,3,4,2025-08-20,63,0
35,5,82,2025-08-20,129,1
35,5,43,2025-08-20,109,1
35,4,76,2025-08-20,38,0
35,3,4,2025-08-20,225,1
35,2,29,2025-08-20,174,1
35,2,27,2025-08-20,287,0
35,4,99,2025-08-20,83,0
35,5,57,2025-08-20,271,0
35,1,98,2025-08-20,133,0
36,5,7,2025-08-20,40,0
36,4,42,2025-08-20,74,1
36,2,88,2025-08-20,119,0
36,1,52,2025-08-20,266,0
36,4,94,2025-08-20,144,0
36,5,5,2025-08-20,112,0
37,3,10,2025-08-20,289,0
37,4,76,2025-08-20,260,0
37,1,70,2025-08-20,46,1
37,5,21,2025-08-20,274,0
37,4,99,2025-08-20,255,0
37,3,55,2025-08-20,27,1
37,2,36,2025-08-20,110,0
38,2,13,2025-08-20,21,1
38,1,50,2025-08-20,156,0
38,3,44,2025-08-20,244,0
38,4,99,2025-08-20,135,0
38,3,73,2025-08-20,204,1
38,5,7,2025-08-20,103,1
39,4,94,2025-08-20,264,1
39,5,90,2025-08-20,50,1
39,3,1,2025-08-20,144,0
39,2,18,2025-08-20,243,0
39,4,76,2025-08-20,265,0
39,1,12,2025-08-20,139,0
39,5,84,2025-08-20,242,0
39,2,64,2025-08-20,233,1
39,5,58,2025-08-20,243,1
39,5,86,2025-08-20,29,1
40,4,94,2025-08-20,211,0
40,2,75,2025-08-20,229,0
40,4,94,2025-08-20,78,1
40,3,55,2025-08-20,271,0
40,3,31,2025-08-20,36,0
40,4,20,2025-08-20,54,0
41,2,96,2025-08-20,200,1
41,4,11,2025-08-20,216,1
41,3,68,2025-08-20,164,0
41,2,92,2025-08-20,132,0
41,3,10,2025-08-20,213,1
41,2,27,2025-08-20,195,0
41,2,91,2025-08-20,53,1
41,2,36,2025-08-20,73,1
41,3,44,2025-08-20,215,1
41,5,86,2025-08-20,197,1
41,2,88,2025-08-20,63,0
41,3,93,2025-08-20,194,0
42,2,51,2025-08-20,177,1
42,3,8,2025-08-20,185,0
42,3,3,2025-08-20,97,0
42,4,54,2025-08-20,264,1
42,5,90,2025-08-20,197,0
42,3,4,2025-08-20,57,0
42,3,31,2025-08-20,269,0
42,3,32,2025-08-20,194,0
42,4,56,2025-08-20,281,1
42,4,24,2025-08-20,269,0
43,5,82,2025-08-20,257,0
43,4,56,2025-08-20,183,0
43,2,75,2025-08-20,212,1
43,5,85,2025-08-20,281,0
43,3,97,2025-08-20,276,1
43,3,8,2025-08-20,260,1
43,3,71,2025-08-20,85,0
43,2,18,2025-08-20,220,0
43,2,64,2025-08-20,172,0
44,5,72,2025-08-20,116,1
44,4,46,2025-08-20,168,1
44,5,84,2025-08-20,48,0
44,1,25,2025-08-20,222,0
44,5,21,2025-08-20,83,0
45,4,67,2025-08-20,268,0
45,1,81,2025-08-20,292,0
45,4,77,2025-08-20,204,1
45,2,45,2025-08-20,225,1
45,2,40,2025-08-20,279,0
45,1,52,2025-08-20,69,0
45,2,29,2025-08-20,111,1
45,1,39,2025-08-20,138,0
45,4,42,2025-08-20,188,1
46,2,74,2025-08-20,117,0
46,4,94,2025-08-20,235,1
46,4,66,2025-08-20,27,1
46,4,48,2025-08-20,230,1
46,4,100,2025-08-20,127,0
46,1,53,2025-08-20,260,0
46,5,90,2025-08-20,95,0
46,2,35,2025-08-20,185,1
47,3,32,2025-08-20,74,0
47,1,70,2025-08-20,293,0
47,3,8,2025-08-20,112,0
47,5,41,2025-08-20,219,0
47,4,20,2025-08-20,68,1
47,4,11,2025-08-20,259,0
48,2,18,2025-08-20,66,0
48,1,70,2025-08-20,148,1
48,2,14,2025-08-20,109,0
48,4,89,2025-08-20,71,1
48,2,79,2025-08-20,52,0
48,4,56,2025-08-20,225,0
48,2,29,2025-08-20,150,0
48,3,33,2025-08-20,68,0
49,4,76,2025-08-20,231,1
49,2,45,2025-08-20,184,0
49,5,61,2025-08-20,199,0
49,1,16,2025-08-20,25,0
49,2,64,2025-08-20,287,1
49,5,28,2025-08-20,210,0
50,3,17,2025-08-20,225,0
50,4,67,2025-08-20,110,0
50,4,100,2025-08-20,274,1
50,4,48,2025-08-20,172,0
50,1,98,2025-08-20,56,0
50,4,34,2025-08-20,176,0
50,3,68,2025-08-20,210,0
1,2,88,2025-08-21,139,1
1,3,83,2025-08-21,166,1
1,5,28,2025-08-21,48,1
1,5,47,2025-08-21,201,1
1,3,9,2025-08-21,128,1
1,3,93,2025-08-21,102,1
2,1,98,2025-08-21,158,1
2,3,68,2025-08-21,46,1
2,3,8,2025-08-21,149,1
2,4,89,2025-08-21,57,1
2,1,50,2025-08-21,206,1
2,3,73,2025-08-21,184,1
2,3,32,2025-08-21,171,1
2,4,100,2025-08-21,244,1
2,4,66,2025-08-21,212,1
2,3,6,2025-08-21,56,1
2,2,92,2025-08-21,71,1
2,2,18,2025-08-21,43,1
3,3,4,2025-08-21,92,1
3,4,76,2025-08-21,117,1
3,2,27,2025-08-21,89,1
3,1,50,2025-08-21,96,1
3,3,73,2025-08-21,32,1
3,4,94,2025-08-21,104,1
3,2,74,2025-08-21,165,1
3,5,61,2025-08-21,26,1
3,5,84,2025-08-21,64,1
4,2,92,2025-08-21,257,1
4,3,26,2025-08-21,177,1
4,5,61,2025-08-21,47,1
4,5,72,2025-08-21,39,1
4,3,83,2025-08-21,37,1
5,2,35,2025-08-21,173,1
5,2,40,2025-08-21,223,1
5,2,51,2025-08-21,85,1
5,1,70,2025-08-21,88,1
5,3,68,2025-08-21,114,1
5,1,53,2025-08-21,61,1
5,5,21,2025-08-21,188,1
5,4,48,2025-08-21,45,1
5,3,4,2025-08-21,234,1
5,5,86,2025-08-21,268,1
6,4,42,2025-08-21,66,1
6,3,68,2025-08-21,37,1
6,4,56,2025-08-21,42,1
6,3,9,2025-08-21,67,1
6,2,35,2025-08-21,102,1
7,4,42,2025-08-21,291,1
7,4,59,2025-08-21,29,1
7,3,44,2025-08-21,193,1
7,4,94,2025-08-21,232,1
7,2,88,2025-08-21,131,1
7,5,5,2025-08-21,111,1
7,5,90,2025-08-21,171,1
7,2,92,2025-08-21,233,1
7,1,53,2025-08-21,98,1
7,4,20,2025-08-21,112,1
8,1,25,2025-08-21,196,1
8,2,87,2025-08-21,195,1
8,2,64,2025-08-21,151,1
8,1,39,2025-08-21,237,1
8,3,65,2025-08-21,161,1
8,4,24,2025-08-21,104,1
8,3,17,2025-08-21,294,1
8,3,30,2025-08-21,106,1
9,2,96,2025-08-21,226,1
9,5,82,2025-08-21,254,1
9,1,81,2025-08-21,240,1
9,3,83,2025-08-21,33,1
9,4,20,2025-08-21,239,1
9,4,94,2025-08-21,174,1
9,5,90,2025-08-21,198,1
9,1,62,2025-08-21,63,1
9,4,77,2025-08-21,186,1
9,4,38,2025-08-21,219,1
9,3,4,2025-08-21,125,1
9,2,36,2025-08-21,294,1
10,3,19,2025-08-21,108,1
10,2,64,2025-08-21,155,1
10,2,29,2025-08-21,272,1
10,1,52,2025-08-21,132,1
10,5,72,2025-08-21,90,1
10,2,51,2025-08-21,181,1
10,2,22,2025-08-21,100,1
10,2,63,2025-08-21,186,1
10,4,99,2025-08-21,260,1
10,2,35,2025-08-21,230,1
11,2,51,2025-08-21,58,1
11,1,98,2025-08-21,157,1
11,4,46,2025-08-21,279,1
11,1,15,2025-08-21,44,1
11,2,63,2025-08-21,242,1
11,1,39,2025-08-21,172,1
11,1,50,2025-08-21,25,1
11,3,65,2025-08-21,175,1
11,5,85,2025-08-21,165,1
11,5,86,2025-08-21,203,1
11,2,79,2025-08-21,190,1
11,4,76,2025-08-21,142,1
12,5,84,2025-08-21,183,1
12,3,1,2025-08-21,150,1
12,5,84,2025-08-21,154,1
12,3,73,2025-08-21,105,1
12,2,51,2025-08-21,254,1
12,3,68,2025-08-21,224,1
12,3,1,2025-08-21,164,1
13,4,54,2025-08-21,142,1
13,5,28,2025-08-21,250,1
13,2,88,2025-08-21,256,1
13,3,31,2025-08-21,145,1
13,2,88,2025-08-21,82,1
14,4,11,2025-08-21,221,1
14,1,81,2025-08-21,284,1
14,1,50,2025-08-21,139,1
14,4,77,2025-08-21,294,1
14,2,13,2025-08-21,186,1
14,4,94,2025-08-21,99,1
15,1,95,2025-08-21,76,1
15,2,14,2025-08-21,108,1
15,4,76,2025-08-21,275,1
15,3,71,2025-08-21,239,1
15,4,76,2025-08-21,82,1
16,5,72,2025-08-21,234,0
16,4,67,2025-08-21,127,1
16,3,3,2025-08-21,34,1
16,2,69,2025-08-21,231,0
16,1,81,2025-08-21,279,0
16,1,53,2025-08-21,138,0
17,3,1,2025-08-21,241,0
17,2,87,2025-08-21,35,1
17,3,6,2025-08-21,177,0
17,4,11,2025-08-21,231,0
17,4,49,2025-08-21,280,1
17,4,24,2025-08-21,114,0
17,1,15,2025-08-21,119,0
17,4,67,2025-08-21,187,1
17,5,7,2025-08-21,223,0
17,4,46,2025-08-21,74,0
18,3,6,2025-08-21,46,0
18,4,46,2025-08-21,231,0
18,3,10,2025-08-21,141,1
18,2,75,2025-08-21,189,0
18,5,86,2025-08-21,74,1
18,4,99,2025-08-21,299,0
18,4,77,2025-08-21,100,1
18,5,82,2025-08-21,54,0
18,5,58,2025-08-21,22,1
18,3,73,2025-08-21,186,0
19,3,19,2025-08-21,282,0
19,5,61,2025-08-21,152,0
19,3,33,2025-08-21,119,0
19,2,69,2025-08-21,120,0
19,1,39,2025-08-21,210,1
20,5,5,2025-08-21,244,1
20,4,59,2025-08-21,106,0
20,3,68,2025-08-21,184,1
20,1,60,2025-08-21,98,0
20,2,45,2025-08-21,70,0
20,2,51,2025-08-21,65,0
20,1,95,2025-08-21,86,0
20,5,21,2025-08-21,120,1
20,2,22,2025-08-21,92,0
20,4,46,2025-08-21,67,0
21,3,10,2025-08-21,105,0
21,2,74,2025-08-21,122,1
21,4,99,2025-08-21,63,0
21,4,54,2025-08-21,72,1
21,5,21,2025-08-21,163,1
21,4,77,2025-08-21,70,0
21,2,51,2025-08-21,22,1
21,3,30,2025-08-21,260,0
22,2,22,2025-08-21,200,0
22,4,78,2025-08-21,270,0
22,3,17,2025-08-21,223,0
22,2,91,2025-08-21,78,0
22,3,8,2025-08-21,206,1
22,2,88,2025-08-21,157,0
22,5,37,2025-08-21,22,1
22,1,52,2025-08-21,207,0
22,3,1,2025-08-21,32,1
22,4,11,2025-08-21,218,1
22,1,15,2025-08-21,136,1
23,1,81,2025-08-21,282,0
23,3,31,2025-08-21,203,0
23,1,95,2025-08-21,134,1
23,1,12,2025-08-21,83,0
23,3,44,2025-08-21,216,0
23,3,83,2025-08-21,224,0
23,5,86,2025-08-21,216,0
23,2,63,2025-08-21,159,0
23,3,17,2025-08-21,209,1
23,3,68,2025-08-21,293,0
24,5,21,2025-08-21,72,0
24,3,19,2025-08-21,33,1
24,4,49,2025-08-21,93,0
24,3,71,2025-08-21,67,0
24,5,58,2025-08-21,199,1
24,4,89,2025-08-21,261,1
24,3,31,2025-08-21,26,0
24,3,44,2025-08-21,216,0
24,3,71,2025-08-21,87,1
25,3,33,2025-08-21,126,0
25,2,2,2025-08-21,275,0
25,3,73,2025-08-21,138,1
25,3,44,2025-08-21,219,1
25,2,27,2025-08-21,105,0
25,1,50,2025-08-21,278,0
25,1,12,2025-08-21,93,0
25,3,32,2025-08-21,183,0
26,3,93,2025-08-21,170,0
26,1,53,2025-08-21,300,0
26,2,91,2025-08-21,213,0
26,4,78,2025-08-21,293,1
26,4,34,2025-08-21,137,1
26,4,42,2025-08-21,36,1
27,2,64,2025-08-21,70,0
27,5,21,2025-08-21,40,1
27,3,1,2025-08-21,45,1
27,5,61,2025-08-21,249,0
27,4,24,2025-08-21,217,0
28,3,8,2025-08-21,261,1
28,4,24,2025-08-21,268,0
28,5,86,2025-08-21,297,0
28,4,48,2025-08-21,244,0
28,1,70,2025-08-21,173,1
28,4,78,2025-08-21,229,0
28,4,48,2025-08-21,166,0
28,4,66,2025-08-21,192,0
28,4,78,2025-08-21,215,1
28,3,6,2025-08-21,202,0
29,1,95,2025-08-21,236,0
29,5,7,2025-08-21,183,0
29,5,7,2025-08-21,284,1
29,5,58,2025-08-21,156,1
29,2,87,2025-08-21,60,1
29,5,72,2025-08-21,52,0
29,2,63,2025-08-21,240,0
29,3,17,2025-08-21,66,0
29,5,90,2025-08-21,280,1
29,5,85,2025-08-21,111,0
29,3,4,2025-08-21,106,1
30,4,67,2025-08-21,53,0
30,3,55,2025-08-21,100,1
30,4,11,2025-08-21,86,0
30,2,79,2025-08-21,50,0
30,1,25,2025-08-21,81,1
30,4,67,2025-08-21,125,0
30,5,57,2025-08-21,260,0
30,3,83,2025-08-21,114,1
30,4,66,2025-08-21,273,0
30,3,17,2025-08-21,26,0
30,1,95,2025-08-21,23,1
31,2,13,2025-08-21,101,1
31,2,91,2025-08-21,39,0
31,1,52,2025-08-21,129,0
31,2,75,2025-08-21,143,0
31,3,83,2025-08-21,128,1
31,4,94,2025-08-21,271,0
31,2,14,2025-08-21,269,0
31,5,58,2025-08-21,102,0
31,5,37,2025-08-21,155,1
32,5,57,2025-08-21,223,1
32,1,60,2025-08-21,199,1
32,1,16,2025-08-21,111,0
32,5,86,2025-08-21,179,1
32,2,87,2025-08-21,244,0
32,1,25,2025-08-21,57,1
32,5,86,2025-08-21,91,0
32,2,92,2025-08-21,294,1
32,4,99,2025-08-21,163,1
32,3,9,2025-08-21,166,1
32,5,82,2025-08-21,164,0
33,1,25,2025-08-21,240,0
33,1,95,2025-08-21,33,1
33,4,100,2025-08-21,122,0
33,4,76,2025-08-21,54,0
33,3,83,2025-08-21,199,0
33,4,100,2025-08-21,148,0
33,4,54,2025-08-21,170,1
33,1,52,2025-08-21,203,0
33,2,96,2025-08-21,171,0
33,4,59,2025-08-21,211,0
33,1,50,2025-08-21,20,0
33,1,16,2025-08-21,80,1
34,4,38,2025-08-21,57,1
34,4,77,2025-08-21,90,0
34,3,17,2025-08-21,257,0
34,5,41,2025-08-21,90,0
34,3,3,2025-08-21,192,0
34,3,73,2025-08-21,208,1
34,3,68,2025-08-21,174,1
34,3,73,2025-08-21,113,1
34,2,64,2025-08-21,219,0
34,3,10,2025-08-21,90,0
34,2,64,2025-08-21,141,1
35,2,40,2025-08-21,141,0
35,3,6,2025-08-21,47,1
35,5,82,2025-08-21,225,1
35,1,70,2025-08-21,200,0
35,3,6,2025-08-21,86,0
36,3,8,2025-08-21,183,0
36,1,50,2025-08-21,138,0
36,3,31,2025-08-21,195,0
36,1,53,2025-08-21,274,1
36,3,10,2025-08-21,289,0
36,4,67,2025-08-21,126,0
36,4,66,2025-08-21,20,0
36,3,3,2025-08-21,100,1
36,4,100,2025-08-21,282,0
36,1,16,2025-08-21,285,0
36,5,72,2025-08-21,246,0
36,3,1,2025-08-21,135,0
37,5,84,2025-08-21,78,0
37,3,9,2025-08-21,109,1
37,5,28,2025-08-21,166,0
37,5,28,2025-08-21,176,0
37,2,96,2025-08-21,234,0
37,4,66,2025-08-21,250,0
37,1,12,2025-08-21,124,1
37,2,35,2025-08-21,80,1
38,2,13,2025-08-21,231,1
38,5,7,2025-08-21,119,0
38,5,61,2025-08-21,176,0
38,4,100,2025-08-21,233,0
38,1,62,2025-08-21,228,1
38,4,49,2025-08-21,39,1
39,3,65,2025-08-21,74,0
39,2,27,2025-08-21,206,0
39,4,67,2025-08-21,155,1
39,5,90,2025-08-21,248,1
39,3,83,2025-08-21,84,1
39,5,58,2025-08-21,74,0
39,2,27,2025-08-21,72,0
39,5,5,2025-08-21,68,0
39,2,63,2025-08-21,65,0
39,2,91,2025-08-21,33,0
39,3,4,2025-08-21,28,1
39,5,7,2025-08-21,289,0
40,5,21,2025-08-21,44,0
40,1,53,2025-08-21,204,0
40,4,54,2025-08-21,74,0
40,2,13,2025-08-21,239,0
40,4,99,2025-08-21,258,0
40,4,49,2025-08-21,69,0
40,5,86,2025-08-21,90,1
40,4,24,2025-08-21,44,0
40,4,67,2025-08-21,134,0
40,4,56,2025-08-21,267,0
40,2,96,2025-08-21,57,0
40,2,13,2025-08-21,146,0
41,5,84,2025-08-21,186,0
41,5,72,2025-08-21,152,1
41,3,19,2025-08-21,294,0
41,1,95,2025-08-21,62,1
41,2,23,2025-08-21,278,0
41,2,74,2025-08-21,227,1
41,3,17,2025-08-21,282,0
41,3,65,2025-08-21,276,0
41,2,64,2025-08-21,25,1
41,5,41,2025-08-21,147,1
42,4,54,2025-08-21,149,0
42,2,35,2025-08-21,35,0
42,5,47,2025-08-21,186,1
42,4,49,2025-08-21,144,0
42,4,11,2025-08-21,62,1
42,5,37,2025-08-21,63,1
43,2,88,2025-08-21,186,0
43,2,36,2025-08-21,57,0
43,3,31,2025-08-21,92,1
43,3,17,2025-08-21,106,0
43,2,79,2025-08-21,128,1
44,1,60,2025-08-21,227,0
44,3,44,2025-08-21,159,0
44,4,78,2025-08-21,20,0
44,1,98,2025-08-21,52,0
44,2,80,2025-08-21,165,1
44,1,39,2025-08-21,72,0
44,2,87,2025-08-21,80,0
44,3,55,2025-08-21,170,0
45,2,36,2025-08-21,78,1
45,5,57,2025-08-21,231,0
45,3,26,2025-08-21,185,1
45,3,4,2025-08-21,21,0
45,2,51,2025-08-21,221,0
46,2,35,2025-08-21,130,0
46,5,57,2025-08-21,193,1
46,5,90,2025-08-21,271,0
46,2,36,2025-08-21,85,0
46,4,77,2025-08-21,167,0
46,4,59,2025-08-21,167,0
46,5,72,2025-08-21,194,0
46,5,5,2025-08-21,98,0
46,3,97,2025-08-21,38,1
46,1,95,2025-08-21,196,0
47,3,30,2025-08-21,47,0
47,5,72,2025-08-21,54,1
47,2,18,2025-08-21,265,1
47,5,47,2025-08-21,265,0
47,2,91,2025-08-21,95,1
47,2,87,2025-08-21,184,0
48,5,86,2025-08-21,151,1
48,4,67,2025-08-21,43,1
48,4,20,2025-08-21,51,1
48,2,69,2025-08-21,142,1
48,1,62,2025-08-21,60,0
48,2,51,2025-08-21,65,0
48,4,20,2025-08-21,186,0
48,3,73,2025-08-21,61,1
49,5,5,2025-08-21,166,1
49,2,96,2025-08-21,214,0
49,4,59,2025-08-21,206,0
49,3,19,2025-08-21,203,0
49,2,69,2025-08-21,126,0
50,2,18,2025-08-21,105,0
50,5,85,2025-08-21,79,1
50,2,79,2025-08-21,141,0
50,5,58,2025-08-21,279,1
50,5,82,2025-08-21,272,0
50,3,19,2025-08-21,23,1
50,4,42,2025-08-21,267,0
1,2,91,2025-08-22,173,1
1,3,68,2025-08-22,41,1
1,3,19,2025-08-22,213,1
1,2,91,2025-08-22,66,1
1,4,76,2025-08-22,143,1
1,4,11,2025-08-22,132,1
1,1,12,2025-08-22,193,1
1,1,81,2025-08-22,207,1
1,2,27,2025-08-22,161,1
1,3,73,2025-08-22,198,1
2,1,52,2025-08-22,203,1
2,2,23,2025-08-22,90,1
2,1,52,2025-08-22,134,1
2,3,6,2025-08-22,45,1
2,3,30,2025-08-22,257,1
2,5,21,2025-08-22,244,1
2,4,42,2025-08-22,69,1
2,2,80,2025-08-22,227,1
2,4,42,2025-08-22,87,1
3,3,71,2025-08-22,100,1
3,2,91,2025-08-22,300,1
3,3,55,2025-08-22,215,1
3,2,35,2025-08-22,177,1
3,4,48,2025-08-22,74,1
3,5,86,2025-08-22,194,1
4,3,3,2025-08-22,214,1
4,4,20,2025-08-22,174,1
4,2,51,2025-08-22,286,1
4,5,47,2025-08-22,201,1
4,2,75,2025-08-22,216,1
4,3,10,2025-08-22,106,1
4,1,70,2025-08-22,171,1
4,3,26,2025-08-22,170,1
4,2,92,2025-08-22,21,1
4,3,97,2025-08-22,241,1
5,2,36,2025-08-22,236,1
5,2,80,2025-08-22,300,1
5,2,23,2025-08-22,202,1
5,3,93,2025-08-22,128,1
5,4,46,2025-08-22,30,1
5,5,57,2025-08-22,200,1
5,5,57,2025-08-22,182,1
5,5,57,2025-08-22,273,1
6,2,27,2025-08-22,168,1
6,1,98,2025-08-22,120,1
6,3,19,2025-08-22,132,1
6,4,89,2025-08-22,225,1
6,3,83,2025-08-22,164,1
6,5,72,2025-08-22,151,1
6,4,99,2025-08-22,227,1
6,4,89,2025-08-22,55,1
6,4,24,2025-08-22,147,1
6,2,79,2025-08-22,161,1
7,3,68,2025-08-22,186,1
7,1,52,2025-08-22,144,1
7,2,23,2025-08-22,73,1
7,5,7,2025-08-22,250,1
7,3,68,2025-08-22,74,1
7,4,42,2025-08-22,281,1
8,4,48,2025-08-22,121,1
8,4,66,2025-08-22,224,1
8,3,65,2025-08-22,175,1
8,3,3,2025-08-22,127,1
8,1,52,2025-08-22,255,1
8,4,100,2025-08-22,297,1
8,2,29,2025-08-22,266,1
8,3,8,2025-08-22,23,1
8,3,68,2025-08-22,175,1
8,1,70,2025-08-22,230,1
8,5,41,2025-08-22,167,1
8,3,83,2025-08-22,32,1
9,4,54,2025-08-22,213,1
9,2,92,2025-08-22,200,1
9,2,79,2025-08-22,132,1
9,1,98,2025-08-22,145,1
9,4,77,2025-08-22,262,1
9,3,30,2025-08-22,299,1
9,3,30,2025-08-22,65,1
9,2,14,2025-08-22,25,1
9,5,37,2025-08-22,51,1
9,5,61,2025-08-22,50,1
9,5,57,2025-08-22,281,1
10,3,19,2025-08-22,105,1
10,3,68,2025-08-22,230,1
10,5,82,2025-08-22,137,1
10,3,32,2025-08-22,35,1
10,3,8,2025-08-22,24,1
10,1,50,2025-08-22,270,1
10,4,48,2025-08-22,39,1
10,4,56,2025-08-22,75,1
10,5,85,2025-08-22,181,1
10,5,72,2025-08-22,252,1
10,4,89,2025-08-22,85,1
11,2,92,2025-08-22,175,1
11,1,25,2025-08-22,155,1
11,4,94,2025-08-22,187,1
11,1,39,2025-08-22,91,1
11,3,68,2025-08-22,246,1
11,1,52,2025-08-22,94,1
11,2,13,2025-08-22,133,1
12,2,74,2025-08-22,273,1
12,1,39,2025-08-22,251,1
12,4,99,2025-08-22,293,1
12,3,44,2025-08-22,255,1
12,4,54,2025-08-22,288,1
12,4,67,2025-08-22,142,1
12,4,42,2025-08-22,182,1
12,3,71,2025-08-22,84,1
12,2,91,2025-08-22,188,1
12,3,31,2025-08-22,134,1
13,3,9,2025-08-22,292,1
13,4,56,2025-08-22,141,1
13,2,80,2025-08-22,295,1
13,1,62,2025-08-22,208,1
13,2,22,2025-08-22,267,1
13,4,67,2025-08-22,162,1
13,5,21,2025-08-22,286,1
13,2,22,2025-08-22,60,1
14,1,70,2025-08-22,80,1
14,2,2,2025-08-22,286,1
14,4,76,2025-08-22,294,1
14,5,90,2025-08-22,79,1
14,2,64,2025-08-22,224,1
14,5,43,2025-08-22,132,1
14,4,89,2025-08-22,56,1
14,5,43,2025-08-22,266,1
14,5,28,2025-08-22,258,1
14,5,37,2025-08-22,32,1
15,4,76,2025-08-22,144,1
15,2,75,2025-08-22,139,1
15,2,87,2025-08-22,144,1
15,1,39,2025-08-22,219,1
15,2,2,2025-08-22,298,1
15,3,65,2025-08-22,131,1
15,4,38,2025-08-22,177,1
15,1,60,2025-08-22,134,1
15,3,3,2025-08-22,131,1
15,4,77,2025-08-22,86,1
16,3,83,2025-08-22,129,0
16,5,61,2025-08-22,142,0
16,2,75,2025-08-22,230,1
16,5,86,2025-08-22,91,0
16,3,19,2025-08-22,109,1
16,4,46,2025-08-22,141,1
16,5,7,2025-08-22,83,0
16,4,56,2025-08-22,205,0
16,4,46,2025-08-22,131,0
16,3,68,2025-08-22,249,0
16,3,68,2025-08-22,237,0
17,1,60,2025-08-22,31,1
17,4,24,2025-08-22,222,0
17,1,39,2025-08-22,125,1
17,4,76,2025-08-22,42,1
17,4,11,2025-08-22,140,1
17,4,100,2025-08-22,32,0
17,1,60,2025-08-22,285,1
17,3,30,2025-08-22,229,0
17,5,5,2025-08-22,169,0
17,3,30,2025-08-22,145,0
17,5,72,2025-08-22,201,0
18,2,88,2025-08-22,211,0
18,2,14,2025-08-22,298,0
18,4,42,2025-08-22,197,0
18,2,27,2025-08-22,268,1
18,4,54,2025-08-22,151,1
18,1,39,2025-08-22,164,0
18,5,85,2025-08-22,223,0
18,5,21,2025-08-22,124,1
19,2,45,2025-08-22,90,0
19,5,61,2025-08-22,61,0
19,2,14,2025-08-22,236,0
19,4,56,2025-08-22,121,1
19,2,35,2025-08-22,86,1
19,1,16,2025-08-22,234,0
19,4,56,2025-08-22,207,0
19,4,42,2025-08-22,62,0
19,3,55,2025-08-22,292,0
19,4,46,2025-08-22,172,0
19,4,24,2025-08-22,292,0
20,5,21,2025-08-22,122,0
20,1,95,2025-08-22,208,1
20,4,66,2025-08-22,132,0
20,2,69,2025-08-22,228,1
20,3,33,2025-08-22,260,0
20,2,88,2025-08-22,93,0
20,4,38,2025-08-22,253,1
20,3,4,2025-08-22,59,1
21,3,31,2025-08-22,90,1
21,2,80,2025-08-22,237,0
21,3,44,2025-08-22,208,1
21,2,45,2025-08-22,189,1
21,5,21,2025-08-22,60,0
21,5,82,2025-08-22,185,1
21,2,80,2025-08-22,89,1
21,2,96,2025-08-22,137,1
22,1,60,2025-08-22,234,1
22,5,90,2025-08-22,51,0
22,2,36,2025-08-22,117,0
22,2,40,2025-08-22,70,1
22,3,93,2025-08-22,46,0
22,4,100,2025-08-22,279,0
22,2,14,2025-08-22,83,0
22,4,89,2025-08-22,209,1
22,3,3,2025-08-22,138,1
22,5,72,2025-08-22,200,0
22,3,8,2025-08-22,81,0
23,3,9,2025-08-22,291,1
23,2,18,2025-08-22,90,0
23,5,41,2025-08-22,208,1
23,3,10,2025-08-22,190,1
23,2,63,2025-08-22,171,0
23,4,24,2025-08-22,107,0
23,4,24,2025-08-22,67,0
23,2,14,2025-08-22,250,1
24,2,18,2025-08-22,21,0
24,1,70,2025-08-22,220,0
24,1,25,2025-08-22,252,0
24,4,42,2025-08-22,91,0
24,1,60,2025-08-22,134,0
24,2,22,2025-08-22,128,0
25,3,31,2025-08-22,100,1
25,2,74,2025-08-22,41,0
25,4,89,2025-08-22,240,1
25,5,5,2025-08-22,28,0
25,3,33,2025-08-22,74,0
25,5,43,2025-08-22,205,0
25,2,18,2025-08-22,193,1
26,5,37,2025-08-22,182,0
26,2,22,2025-08-22,218,1
26,2,74,2025-08-22,292,1
26,5,41,2025-08-22,173,0
26,2,75,2025-08-22,159,1
26,2,51,2025-08-22,277,1
26,2,74,2025-08-22,139,0
26,2,13,2025-08-22,140,0
26,3,10,2025-08-22,212,0
26,4,20,2025-08-22,207,1
27,2,45,2025-08-22,243,0
27,3,32,2025-08-22,81,1
27,2,88,2025-08-22,186,1
27,4,66,2025-08-22,259,0
27,5,57,2025-08-22,171,0
28,3,97,2025-08-22,217,0
28,4,46,2025-08-22,266,0
28,4,100,2025-08-22,110,1
28,2,91,2025-08-22,185,0
28,1,95,2025-08-22,124,0
28,4,99,2025-08-22,162,0
29,3,73,2025-08-22,286,0
29,3,26,2025-08-22,45,1
29,1,50,2025-08-22,196,1
29,4,78,2025-08-22,270,0
29,1,60,2025-08-22,276,1
29,3,83,2025-08-22,237,0
29,3,8,2025-08-22,100,0
30,5,43,2025-08-22,289,0
30,5,28,2025-08-22,130,0
30,4,56,2025-08-22,274,0
30,2,45,2025-08-22,256,0
30,2,36,2025-08-22,170,1
31,2,75,2025-08-22,269,0
31,1,52,2025-08-22,236,1
31,4,24,2025-08-22,90,1
31,5,47,2025-08-22,294,1
31,4,38,2025-08-22,287,1
31,3,83,2025-08-22,269,1
31,1,15,2025-08-22,127,0
31,3,17,2025-08-22,223,0
31,4,42,2025-08-22,106,0
31,5,41,2025-08-22,206,0
31,2,13,2025-08-22,256,0
32,1,70,2025-08-22,24,0
32,4,34,2025-08-22,184,0
32,4,59,2025-08-22,82,0
32,3,73,2025-08-22,276,0
32,5,82,2025-08-22,252,1
32,1,70,2025-08-22,220,1
32,4,54,2025-08-22,84,0
32,2,29,2025-08-22,30,0
32,1,53,2025-08-22,272,0
33,4,94,2025-08-22,234,0
33,1,70,2025-08-22,177,1
33,2,91,2025-08-22,110,0
33,3,30,2025-08-22,170,1
33,3,73,2025-08-22,90,0
33,2,64,2025-08-22,82,0
33,3,68,2025-08-22,169,0
33,3,65,2025-08-22,226,1
33,5,28,2025-08-22,239,0
34,4,99,2025-08-22,151,1
34,3,65,2025-08-22,137,1
34,3,26,2025-08-22,141,0
34,2,91,2025-08-22,190,0
34,2,74,2025-08-22,289,0
34,5,86,2025-08-22,59,0
35,4,59,2025-08-22,274,0
35,3,17,2025-08-22,123,0
35,2,51,2025-08-22,270,0
35,3,3,2025-08-22,84,1
35,5,41,2025-08-22,258,0
35,4,77,2025-08-22,73,0
35,2,27,2025-08-22,255,1
35,2,45,2025-08-22,95,0
36,5,37,2025-08-22,101,0
36,4,46,2025-08-22,77,0
36,4,66,2025-08-22,187,0
36,4,76,2025-08-22,236,0
36,5,5,2025-08-22,152,0
36,1,50,2025-08-22,216,0
36,5,58,2025-08-22,199,1
36,1,98,2025-08-22,62,0
36,5,47,2025-08-22,261,0
36,4,59,2025-08-22,31,0
36,2,22,2025-08-22,183,0
37,1,25,2025-08-22,62,0
37,2,13,2025-08-22,238,0
37,5,43,2025-08-22,209,0
37,4,94,2025-08-22,291,1
37,4,78,2025-08-22,156,0
37,5,5,2025-08-22,297,1
37,5,82,2025-08-22,59,0
38,1,52,2025-08-22,223,1
38,1,70,2025-08-22,268,0
38,3,26,2025-08-22,235,1
38,2,79,2025-08-22,121,0
38,5,58,2025-08-22,111,0
38,5,37,2025-08-22,112,0
38,3,10,2025-08-22,49,0
39,2,45,2025-08-22,78,0
39,3,44,2025-08-22,107,0
39,4,99,2025-08-22,162,0
39,3,65,2025-08-22,142,0
39,2,13,2025-08-22,28,0
39,2,27,2025-08-22,171,0
39,2,29,2025-08-22,263,0
39,2,74,2025-08-22,237,0
39,5,28,2025-08-22,50,0
39,4,89,2025-08-22,59,0
39,3,19,2025-08-22,235,1
40,2,22,2025-08-22,225,0
40,2,29,2025-08-22,51,0
40,2,23,2025-08-22,237,0
40,2,88,2025-08-22,45,0
40,3,97,2025-08-22,132,1
40,5,21,2025-08-22,139,0
40,1,60,2025-08-22,274,1
40,5,5,2025-08-22,198,0
40,2,2,2025-08-22,198,1
41,5,28,2025-08-22,45,0
41,3,17,2025-08-22,92,0
41,2,63,2025-08-22,92,0
41,3,83,2025-08-22,120,0
41,1,95,2025-08-22,106,1
41,5,58,2025-08-22,255,1
41,1,62,2025-08-22,196,0
41,1,12,2025-08-22,35,0
41,2,14,2025-08-22,38,0
41,2,63,2025-08-22,267,1
41,5,43,2025-08-22,135,0
42,3,3,2025-08-22,157,1
42,2,69,2025-08-22,223,0
42,2,40,2025-08-22,185,0
42,1,16,2025-08-22,120,0
42,2,36,2025-08-22,289,0
42,4,48,2025-08-22,64,1
42,2,18,2025-08-22,108,1
43,2,64,2025-08-22,87,0
43,2,13,2025-08-22,150,1
43,5,86,2025-08-22,81,1
43,2,91,2025-08-22,163,0
43,4,100,2025-08-22,68,0
43,2,35,2025-08-22,171,1
43,1,12,2025-08-22,42,0
44,5,37,2025-08-22,219,1
44,1,81,2025-08-22,93,0
44,3,6,2025-08-22,271,1
44,5,43,2025-08-22,139,0
44,5,28,2025-08-22,261,1
44,1,25,2025-08-22,183,0
44,4,46,2025-08-22,262,0
44,2,2,2025-08-22,117,0
44,1,60,2025-08-22,46,1
44,2,75,2025-08-22,248,1
44,3,30,2025-08-22,59,1
44,4,38,2025-08-22,262,0
45,3,10,2025-08-22,84,1
45,1,81,2025-08-22,178,0
45,2,74,2025-08-22,169,0
45,2,45,2025-08-22,168,0
45,1,62,2025-08-22,77,0
46,5,61,2025-08-22,217,0
46,2,92,2025-08-22,109,0
46,1,16,2025-08-22,71,1
46,4,77,2025-08-22,118,0
46,3,97,2025-08-22,229,1
46,5,28,2025-08-22,205,0
46,3,30,2025-08-22,168,0
46,5,21,2025-08-22,217,1
47,2,22,2025-08-22,229,0
47,2,29,2025-08-22,233,1
47,3,44,2025-08-22,222,1
47,3,97,2025-08-22,261,1
47,5,21,2025-08-22,262,0
47,4,100,2025-08-22,137,0
47,5,28,2025-08-22,261,1
47,3,17,2025-08-22,274,1
48,4,34,2025-08-22,231,0
48,4,11,2025-08-22,27,1
48,5,57,2025-08-22,32,0
48,5,72,2025-08-22,243,0
48,1,39,2025-08-22,246,0
48,2,92,2025-08-22,300,0
48,1,70,2025-08-22,297,0
48,2,35,2025-08-22,107,1
49,5,47,2025-08-22,94,0
49,5,86,2025-08-22,61,0
49,2,79,2025-08-22,41,1
49,3,71,2025-08-22,244,0
49,3,6,2025-08-22,127,0
49,4,100,2025-08-22,202,0
50,3,44,2025-08-22,223,0
50,3,65,2025-08-22,83,0
50,2,87,2025-08-22,134,1
50,2,36,2025-08-22,299,0
50,2,29,2025-08-22,110,1
1,4,42,2025-08-23,115,1
1,2,23,2025-08-23,36,1
1,4,48,2025-08-23,136,1
1,4,38,2025-08-23,32,1
1,4,34,2025-08-23,190,1
2,5,43,2025-08-23,248,1
2,2,74,2025-08-23,72,1
2,3,71,2025-08-23,234,1
2,2,64,2025-08-23,106,1
2,2,87,2025-08-23,201,1
2,3,4,2025-08-23,232,1
2,4,56,2025-08-23,123,1
2,1,50,2025-08-23,241,1
3,5,43,2025-08-23,217,1
3,4,42,2025-08-23,289,1
3,2,51,2025-08-23,280,1
3,5,21,2025-08-23,79,1
3,4,24,2025-08-23,34,1
3,3,71,2025-08-23,44,1
3,5,85,2025-08-23,284,1
3,4,94,2025-08-23,189,1
3,1,98,2025-08-23,134,1
3,2,13,2025-08-23,116,1
3,1,12,2025-08-23,40,1
4,3,26,2025-08-23,81,1
4,3,3,2025-08-23,178,1
4,4,46,2025-08-23,284,1
4,3,73,2025-08-23,264,1
4,5,47,2025-08-23,227,1
5,3,32,2025-08-23,113,1
5,5,7,2025-08-23,278,1
5,1,39,2025-08-23,181,1
5,3,9,2025-08-23,78,1
5,1,53,2025-08-23,194,1
5,1,60,2025-08-23,71,1
6,2,13,2025-08-23,95,1
6,3,93,2025-08-23,106,1
6,4,99,2025-08-23,299,1
6,2,13,2025-08-23,143,1
6,2,40,2025-08-23,110,1
7,4,78,2025-08-23,76,1
7,1,15,2025-08-23,162,1
7,3,10,2025-08-23,226,1
7,3,31,2025-08-23,129,1
7,5,41,2025-08-23,152,1
7,1,81,2025-08-23,112,1
7,2,64,2025-08-23,201,1
7,2,63,2025-08-23,259,1
7,2,79,2025-08-23,49,1
7,2,80,2025-08-23,232,1
8,2,14,2025-08-23,107,1
8,5,37,2025-08-23,241,1
8,2,88,2025-08-23,112,1
8,5,21,2025-08-23,98,1
8,2,27,2025-08-23,56,1
8,4,99,2025-08-23,298,1
8,5,86,2025-08-23,41,1
8,5,41,2025-08-23,168,1
8,3,3,2025-08-23,165,1
9,4,77,2025-08-23,83,1
9,4,49,2025-08-23,105,1
9,2,23,2025-08-23,256,1
9,1,12,2025-08-23,106,1
9,2,92,2025-08-23,220,1
9,5,7,2025-08-23,175,1
9,4,56,2025-08-23,257,1
9,1,25,2025-08-23,46,1
9,5,43,2025-08-23,89,1
9,5,61,2025-08-23,124,1
10,1,62,2025-08-23,62,1
10,2,36,2025-08-23,231,1
10,2,22,2025-08-23,83,1
10,4,24,2025-08-23,223,1
10,5,84,2025-08-23,123,1
10,4,66,2025-08-23,108,1
10,1,62,2025-08-23,88,1
10,5,61,2025-08-23,257,1
10,4,67,2025-08-23,239,1
11,3,1,2025-08-23,155,1
11,4,100,2025-08-23,178,1
11,5,86,2025-08-23,84,1
11,4,66,2025-08-23,61,1
11,3,17,2025-08-23,64,1
11,2,36,2025-08-23,107,1
11,4,77,2025-08-23,225,1
11,3,65,2025-08-23,211,1
12,5,57,2025-08-23,99,1
12,5,72,2025-08-23,211,1
12,5,21,2025-08-23,26,1
12,3,83,2025-08-23,240,1
12,3,71,2025-08-23,250,1
12,5,84,2025-08-23,69,1
12,5,82,2025-08-23,277,1
13,4,34,2025-08-23,194,1
13,4,67,2025-08-23,65,1
13,2,18,2025-08-23,294,1
13,2,69,2025-08-23,218,1
13,1,81,2025-08-23,75,1
13,1,70,2025-08-23,23,1
13,4,24,2025-08-23,118,1
13,1,39,2025-08-23,234,1
14,5,7,2025-08-23,154,1
14,1,50,2025-08-23,208,1
14,2,79,2025-08-23,44,1
14,3,19,2025-08-23,108,1
14,4,59,2025-08-23,251,1
14,1,81,2025-08-23,293,1
14,2,23,2025-08-23,121,1
14,5,21,2025-08-23,139,1
15,3,30,2025-08-23,233,1
15,2,45,2025-08-23,104,1
15,1,60,2025-08-23,288,1
15,4,24,2025-08-23,229,1
15,5,7,2025-08-23,147,1
15,2,27,2025-08-23,141,1
15,4,99,2025-08-23,198,1
15,2,92,2025-08-23,250,1
15,4,77,2025-08-23,62,1
16,5,90,2025-08-23,205,0
16,4,20,2025-08-23,200,0
16,1,12,2025-08-23,70,1
16,4,100,2025-08-23,116,1
16,4,100,2025-08-23,228,0
17,4,66,2025-08-23,208,1
17,2,64,2025-08-23,254,0
17,2,69,2025-08-23,300,1
17,3,33,2025-08-23,109,0
17,3,3,2025-08-23,216,0
17,5,90,2025-08-23,238,0
17,4,99,2025-08-23,121,0
17,5,7,2025-08-23,107,0
17,3,97,2025-08-23,230,1
17,3,33,2025-08-23,299,0
18,1,70,2025-08-23,243,0
18,4,89,2025-08-23,152,0
18,2,92,2025-08-23,236,0
18,1,39,2025-08-23,208,0
18,1,62,2025-08-23,171,1
18,5,37,2025-08-23,133,0
18,4,89,2025-08-23,38,1
18,2,22,2025-08-23,115,0
18,2,79,2025-08-23,83,0
19,4,34,2025-08-23,300,0
19,1,53,2025-08-23,21,0
19,2,13,2025-08-23,156,0
19,3,17,2025-08-23,145,1
19,3,83,2025-08-23,213,1
19,3,17,2025-08-23,113,1
19,2,92,2025-08-23,154,0
19,4,34,2025-08-23,192,0
19,4,54,2025-08-23,93,0
19,3,55,2025-08-23,87,1
20,1,25,2025-08-23,98,0
20,5,7,2025-08-23,21,1
20,2,74,2025-08-23,112,1
20,3,8,2025-08-23,22,0
20,5,47,2025-08-23,162,0
20,2,51,2025-08-23,144,0
20,1,15,2025-08-23,189,0
20,5,37,2025-08-23,123,0
20,4,76,2025-08-23,148,0
20,1,98,2025-08-23,297,1
20,5,61,2025-08-23,104,0
21,4,42,2025-08-23,226,0
21,1,39,2025-08-23,267,0
21,3,9,2025-08-23,168,0
21,4,76,2025-08-23,180,1
21,2,18,2025-08-23,111,0
21,1,15,2025-08-23,160,1
21,4,67,2025-08-23,230,0
21,4,77,2025-08-23,165,1
21,3,31,2025-08-23,190,1
21,2,22,2025-08-23,229,0
22,3,19,2025-08-23,258,0
22,4,59,2025-08-23,229,0
22,4,49,2025-08-23,55,0
22,4,100,2025-08-23,152,0
22,4,76,2025-08-23,123,0
22,3,73,2025-08-23,62,0
22,5,41,2025-08-23,131,1
23,5,90,2025-08-23,200,0
23,2,69,2025-08-23,70,1
23,2,18,2025-08-23,250,0
23,4,76,2025-08-23,135,0
23,1,25,2025-08-23,139,1
23,3,65,2025-08-23,137,0
23,2,91,2025-08-23,47,1
23,4,24,2025-08-23,110,0
24,3,44,2025-08-23,233,1
24,5,5,2025-08-23,56,1
24,4,42,2025-08-23,294,0
24,2,92,2025-08-23,240,1
24,4,67,2025-08-23,159,1
24,2,14,2025-08-23,87,0
24,4,49,2025-08-23,64,1
24,3,93,2025-08-23,194,0
24,3,97,2025-08-23,190,1
25,4,11,2025-08-23,28,0
25,1,60,2025-08-23,121,0
25,2,51,2025-08-23,165,0
25,4,78,2025-08-23,284,0
25,2,87,2025-08-23,49,0
25,3,93,2025-08-23,202,1
25,2,45,2025-08-23,49,0
25,2,36,2025-08-23,57,0
25,1,81,2025-08-23,240,1
25,3,1,2025-08-23,284,0
25,2,2,2025-08-23,286,0
25,3,8,2025-08-23,70,0
26,4,67,2025-08-23,119,0
26,4,24,2025-08-23,246,0
26,4,54,2025-08-23,158,1
26,4,99,2025-08-23,290,0
26,1,39,2025-08-23,54,0
26,2,13,2025-08-23,160,0
26,2,23,2025-08-23,80,1
26,2,13,2025-08-23,291,0
26,3,33,2025-08-23,230,0
26,5,57,2025-08-23,161,1
27,1,95,2025-08-23,202,1
27,1,53,2025-08-23,154,1
27,4,100,2025-08-23,291,1
27,1,12,2025-08-23,37,1
27,2,80,2025-08-23,134,1
27,1,70,2025-08-23,187,1
27,2,87,2025-08-23,34,0
27,4,42,2025-08-23,20,1
27,5,57,2025-08-23,275,1
28,3,83,2025-08-23,294,0
28,1,25,2025-08-23,246,0
28,4,20,2025-08-23,88,1
28,4,99,2025-08-23,285,1
28,2,36,2025-08-23,269,0
28,4,49,2025-08-23,221,1
28,1,52,2025-08-23,191,1
28,4,54,2025-08-23,79,0
28,2,88,2025-08-23,68,0
29,3,10,2025-08-23,81,0
29,3,6,2025-08-23,71,0
29,4,78,2025-08-23,291,0
29,5,58,2025-08-23,34,0
29,4,42,2025-08-23,33,1
30,2,96,2025-08-23,195,1
30,2,63,2025-08-23,276,1
30,1,62,2025-08-23,134,0
30,2,23,2025-08-23,209,0
30,4,66,2025-08-23,139,0
30,5,85,2025-08-23,117,1
30,3,32,2025-08-23,244,1
31,4,48,2025-08-23,199,0
31,2,91,2025-08-23,38,1
31,5,57,2025-08-23,119,0
31,5,7,2025-08-23,218,1
31,2,23,2025-08-23,119,0
31,3,83,2025-08-23,37,0
31,4,76,2025-08-23,69,1
31,3,55,2025-08-23,185,1
31,3,68,2025-08-23,249,0
31,4,54,2025-08-23,29,1
32,1,16,2025-08-23,44,1
32,5,47,2025-08-23,290,1
32,2,88,2025-08-23,228,0
32,3,4,2025-08-23,134,0
32,2,40,2025-08-23,206,0
32,3,32,2025-08-23,94,0
32,3,33,2025-08-23,126,1
33,4,11,2025-08-23,29,0
33,1,52,2025-08-23,90,1
33,2,36,2025-08-23,51,0
33,3,93,2025-08-23,194,0
33,5,58,2025-08-23,197,0
33,2,91,2025-08-23,77,1
34,3,55,2025-08-23,276,0
34,4,100,2025-08-23,117,1
34,2,40,2025-08-23,280,0
34,5,43,2025-08-23,278,0
34,4,66,2025-08-23,133,1
34,4,89,2025-08-23,160,1
34,5,58,2025-08-23,298,1
34,4,99,2025-08-23,177,1
34,3,26,2025-08-23,182,0
34,2,36,2025-08-23,149,0
35,5,58,2025-08-23,298,0
35,3,33,2025-08-23,119,0
35,2,69,2025-08-23,297,0
35,4,46,2025-08-23,161,0
35,3,65,2025-08-23,140,0
35,5,28,2025-08-23,22,0
35,5,41,2025-08-23,68,1
35,3,68,2025-08-23,219,0
35,2,91,2025-08-23,122,0
35,2,69,2025-08-23,131,0
35,5,43,2025-08-23,212,0
36,4,20,2025-08-23,290,1
36,5,90,2025-08-23,261,0
36,2,87,2025-08-23,241,0
36,4,77,2025-08-23,265,1
36,5,85,2025-08-23,149,0
36,4,24,2025-08-23,74,0
36,3,33,2025-08-23,236,0
36,2,40,2025-08-23,160,0
36,1,50,2025-08-23,212,0
36,5,28,2025-08-23,130,0
36,2,22,2025-08-23,151,0
37,3,19,2025-08-23,248,0
37,4,34,2025-08-23,26,1
37,2,27,2025-08-23,267,1
37,5,90,2025-08-23,40,0
37,3,26,2025-08-23,63,0
37,5,72,2025-08-23,177,0
37,2,29,2025-08-23,268,1
37,4,94,2025-08-23,258,0
37,1,16,2025-08-23,266,0
37,2,87,2025-08-23,32,1
38,3,4,2025-08-23,263,0
38,5,37,2025-08-23,256,0
38,2,36,2025-08-23,111,1
38,4,94,2025-08-23,199,1
38,5,72,2025-08-23,36,0
38,1,60,2025-08-23,155,0
38,2,22,2025-08-23,132,0
38,1,60,2025-08-23,211,0
38,3,33,2025-08-23,26,0
39,4,56,2025-08-23,100,1
39,5,85,2025-08-23,167,0
39,2,91,2025-08-23,84,0
39,2,23,2025-08-23,220,0
39,2,2,2025-08-23,187,0
39,3,6,2025-08-23,59,0
39,1,15,2025-08-23,68,0
39,3,97,2025-08-23,124,0
39,4,42,2025-08-23,90,0
39,4,66,2025-08-23,120,0
39,5,43,2025-08-23,199,1
39,2,2,2025-08-23,138,0
40,4,94,2025-08-23,90,0
40,4,56,2025-08-23,59,0
40,3,93,2025-08-23,277,1
40,5,61,2025-08-23,22,0
40,2,35,2025-08-23,259,0
41,1,53,2025-08-23,126,0
41,3,65,2025-08-23,214,0
41,3,30,2025-08-23,297,0
41,3,33,2025-08-23,244,1
41,2,35,2025-08-23,235,0
41,2,74,2025-08-23,69,1
41,5,86,2025-08-23,277,1
41,5,28,2025-08-23,101,0
42,1,25,2025-08-23,152,0
42,5,43,2025-08-23,286,1
42,4,54,2025-08-23,83,0
42,4,34,2025-08-23,155,0
42,3,73,2025-08-23,195,0
42,1,53,2025-08-23,138,0
42,4,48,2025-08-23,221,1
42,3,4,2025-08-23,292,1
42,3,93,2025-08-23,261,0
42,2,51,2025-08-23,280,0
43,3,33,2025-08-23,190,0
43,1,52,2025-08-23,60,0
43,5,43,2025-08-23,178,0
43,3,71,2025-08-23,26,1
43,2,51,2025-08-23,248,1
44,4,78,2025-08-23,51,0
44,3,17,2025-08-23,224,0
44,5,85,2025-08-23,93,0
44,1,95,2025-08-23,208,0
44,2,40,2025-08-23,44,0
44,5,5,2025-08-23,28,0
44,4,24,2025-08-23,79,0
45,1,50,2025-08-23,131,0
45,2,51,2025-08-23,287,1
45,4,56,2025-08-23,40,0
45,2,91,2025-08-23,48,1
45,1,50,2025-08-23,183,1
45,5,7,2025-08-23,249,1
45,3,8,2025-08-23,237,0
45,4,77,2025-08-23,69,0
45,1,98,2025-08-23,171,0
45,4,49,2025-08-23,150,0
45,2,75,2025-08-23,23,0
45,5,21,2025-08-23,53,0
46,3,1,2025-08-23,27,0
46,4,48,2025-08-23,47,1
46,3,10,2025-08-23,81,0
46,1,50,2025-08-23,181,0
46,2,79,2025-08-23,225,0
46,3,8,2025-08-23,102,0
46,2,23,2025-08-23,292,1
46,4,78,2025-08-23,75,0
46,4,78,2025-08-23,282,1
46,4,99,2025-08-23,180,0
46,4,76,2025-08-23,227,0
46,2,18,2025-08-23,59,0
47,1,15,2025-08-23,268,0
47,2,87,2025-08-23,97,1
47,1,16,2025-08-23,22,1
47,4,38,2025-08-23,221,0
47,5,43,2025-08-23,203,1
47,5,7,2025-08-23,180,1
47,2,74,2025-08-23,192,0
47,5,5,2025-08-23,289,1
48,3,83,2025-08-23,170,1
48,2,29,2025-08-23,87,1
48,3,3,2025-08-23,216,1
48,4,89,2025-08-23,211,0
48,4,54,2025-08-23,109,0
48,5,28,2025-08-23,285,1
48,4,49,2025-08-23,109,0
48,2,91,2025-08-23,237,0
48,2,63,2025-08-23,145,0
48,1,70,2025-08-23,281,0
49,2,14,2025-08-23,247,0
49,1,81,2025-08-23,48,0
49,3,6,2025-08-23,238,1
49,2,80,2025-08-23,111,1
49,5,28,2025-08-23,254,0
49,1,70,2025-08-23,225,1
49,1,70,2025-08-23,113,1
49,2,35,2025-08-23,87,1
49,2,80,2025-08-23,73,1
49,2,27,2025-08-23,199,1
49,2,92,2025-08-23,67,1
49,3,26,2025-08-23,98,1
50,3,73,2025-08-23,224,0
50,3,8,2025-08-23,78,0
50,1,60,2025-08-23,42,0
50,4,67,2025-08-23,271,0
50,4,94,2025-08-23,296,0
1,3,65,2025-08-24,130,1
1,3,71,2025-08-24,245,1
1,5,84,2025-08-24,254,1
1,4,77,2025-08-24,71,1
1,4,67,2025-08-24,200,1
1,4,76,2025-08-24,120,1
2,4,48,2025-08-24,243,1
2,5,37,2025-08-24,110,1
2,3,97,2025-08-24,134,1
2,4,89,2025-08-24,84,1
2,3,83,2025-08-24,139,1
2,3,6,2025-08-24,98,1
2,3,68,2025-08-24,68,1
2,3,30,2025-08-24,239,1
3,4,59,2025-08-24,251,1
3,2,23,2025-08-24,299,1
3,3,3,2025-08-24,77,1
3,1,95,2025-08-24,240,1
3,3,33,2025-08-24,49,1
4,2,22,2025-08-24,204,1
4,2,80,2025-08-24,35,1
4,3,9,2025-08-24,43,1
4,4,77,2025-08-24,221,1
4,4,94,2025-08-24,86,1
4,3,17,2025-08-24,32,1
5,1,98,2025-08-24,122,1
5,5,37,2025-08-24,273,1
5,4,99,2025-08-24,109,1
5,4,20,2025-08-24,178,1
5,1,53,2025-08-24,117,1
5,4,99,2025-08-24,62,1
5,3,8,2025-08-24,157,1
6,2,14,2025-08-24,173,1
6,5,21,2025-08-24,233,1
6,1,70,2025-08-24,116,1
6,4,89,2025-08-24,59,1
6,1,12,2025-08-24,219,1
6,4,59,2025-08-24,210,1
6,5,84,2025-08-24,219,1
6,3,97,2025-08-24,64,1
6,4,99,2025-08-24,204,1
6,1,98,2025-08-24,21,1
6,4,48,2025-08-24,207,1
6,3,10,2025-08-24,148,1
7,2,92,2025-08-24,98,1
7,5,90,2025-08-24,217,1
7,2,40,2025-08-24,161,1
7,2,22,2025-08-24,231,1
7,4,42,2025-08-24,42,1
7,5,72,2025-08-24,71,1
7,2,27,2025-08-24,104,1
7,3,83,2025-08-24,299,1
7,1,50,2025-08-24,41,1
7,2,80,2025-08-24,59,1
7,2,27,2025-08-24,46,1
7,4,46,2025-08-24,288,1
8,1,52,2025-08-24,242,1
8,2,35,2025-08-24,254,1
8,5,5,2025-08-24,69,1
8,2,91,2025-08-24,133,1
8,3,8,2025-08-24,107,1
8,2,79,2025-08-24,287,1
8,5,37,2025-08-24,229,1
8,5,86,2025-08-24,85,1
8,1,16,2025-08-24,298,1
8,2,92,2025-08-24,69,1
8,4,67,2025-08-24,37,1
9,3,9,2025-08-24,261,1
9,4,99,2025-08-24,162,1
9,4,76,2025-08-24,180,1
9,1,98,2025-08-24,45,1
9,3,10,2025-08-24,176,1
9,5,28,2025-08-24,272,1
9,4,94,2025-08-24,184,1
9,2,13,2025-08-24,28,1
9,3,33,2025-08-24,166,1
9,5,7,2025-08-24,46,1
9,4,46,2025-08-24,184,1
9,3,10,2025-08-24,26,1
10,5,90,2025-08-24,225,1
10,5,57,2025-08-24,300,1
10,5,37,2025-08-24,126,1
10,4,11,2025-08-24,133,1
10,2,75,2025-08-24,141,1
10,4,76,2025-08-24,159,1
10,4,49,2025-08-24,230,1
10,5,21,2025-08-24,98,1
10,1,98,2025-08-24,171,1
10,3,17,2025-08-24,204,1
10,2,36,2025-08-24,30,1
10,3,65,2025-08-24,223,1
11,3,6,2025-08-24,217,1
11,2,27,2025-08-24,67,1
11,2,14,2025-08-24,20,1
11,3,3,2025-08-24,232,1
11,2,14,2025-08-24,120,1
11,3,32,2025-08-24,281,1
11,2,18,2025-08-24,103,1
11,4,59,2025-08-24,172,1
12,3,17,2025-08-24,33,1
12,3,83,2025-08-24,149,1
12,2,29,2025-08-24,75,1
12,3,93,2025-08-24,128,1
12,3,65,2025-08-24,229,1
12,4,49,2025-08-24,225,1
13,2,29,2025-08-24,92,1
13,2,69,2025-08-24,199,1
13,3,1,2025-08-24,93,1
13,5,85,2025-08-24,61,1
13,4,100,2025-08-24,259,1
13,5,84,2025-08-24,22,1
13,4,42,2025-08-24,117,1
14,2,36,2025-08-24,206,1
14,2,23,2025-08-24,77,1
14,3,6,2025-08-24,198,1
14,3,32,2025-08-24,271,1
14,3,68,2025-08-24,197,1
14,1,16,2025-08-24,253,1
14,4,46,2025-08-24,154,1
14,2,88,2025-08-24,189,1
14,5,58,2025-08-24,128,1
14,4,59,2025-08-24,82,1
15,4,34,2025-08-24,54,1
15,5,85,2025-08-24,217,1
15,5,90,2025-08-24,74,1
15,3,26,2025-08-24,245,1
15,2,74,2025-08-24,127,1
15,2,36,2025-08-24,152,1
15,4,20,2025-08-24,295,1
15,2,35,2025-08-24,39,1
15,4,100,2025-08-24,272,1
15,2,63,2025-08-24,179,1
16,3,10,2025-08-24,140,1
16,5,28,2025-08-24,289,0
16,3,10,2025-08-24,22,1
16,2,29,2025-08-24,80,1
16,3,3,2025-08-24,120,0
16,4,38,2025-08-24,62,0
16,5,37,2025-08-24,29,1
17,3,9,2025-08-24,151,0
17,3,17,2025-08-24,152,1
17,3,33,2025-08-24,285,0
17,4,11,2025-08-24,39,1
17,2,45,2025-08-24,289,1
18,2,27,2025-08-24,285,1
18,1,95,2025-08-24,27,0
18,1,25,2025-08-24,180,1
18,4,46,2025-08-24,38,0
18,2,91,2025-08-24,174,1
18,4,78,2025-08-24,111,0
18,3,17,2025-08-24,37,1
19,3,65,2025-08-24,21,0
19,1,98,2025-08-24,157,0
19,4,11,2025-08-24,256,1
19,1,95,2025-08-24,235,1
19,3,9,2025-08-24,223,0
19,4,46,2025-08-24,278,0
19,3,33,2025-08-24,48,0
19,5,86,2025-08-24,273,1
19,3,9,2025-08-24,123,1
19,1,81,2025-08-24,54,0
19,1,53,2025-08-24,163,1
20,4,42,2025-08-24,170,0
20,3,93,2025-08-24,271,0
20,5,28,2025-08-24,209,1
20,5,85,2025-08-24,165,0
20,4,11,2025-08-24,293,1
20,3,97,2025-08-24,249,0
20,4,56,2025-08-24,163,0
20,5,28,2025-08-24,122,0
20,1,15,2025-08-24,238,0
21,2,91,2025-08-24,115,0
21,1,12,2025-08-24,120,1
21,4,66,2025-08-24,167,0
21,5,58,2025-08-24,299,0
21,1,70,2025-08-24,100,0
21,5,28,2025-08-24,137,0
21,3,8,2025-08-24,209,1
22,4,67,2025-08-24,76,0
22,1,15,2025-08-24,93,0
22,5,21,2025-08-24,105,1
22,2,87,2025-08-24,93,1
22,5,47,2025-08-24,73,0
22,5,82,2025-08-24,28,0
23,1,25,2025-08-24,227,0
23,5,37,2025-08-24,188,0
23,1,50,2025-08-24,96,0
23,5,85,2025-08-24,71,0
23,4,24,2025-08-24,124,0
23,1,53,2025-08-24,257,1
23,4,46,2025-08-24,181,0
23,2,29,2025-08-24,92,0
23,3,1,2025-08-24,189,0
23,4,20,2025-08-24,207,0
23,5,58,2025-08-24,218,0
24,5,5,2025-08-24,103,0
24,2,29,2025-08-24,215,0
24,2,69,2025-08-24,279,0
24,4,24,2025-08-24,238,0
24,2,23,2025-08-24,234,0
24,1,15,2025-08-24,281,0
24,4,54,2025-08-24,189,0
24,5,85,2025-08-24,178,1
24,2,27,2025-08-24,74,0
24,4,76,2025-08-24,211,0
25,3,3,2025-08-24,214,1
25,4,99,2025-08-24,257,0
25,2,13,2025-08-24,159,0
25,2,2,2025-08-24,252,0
25,1,50,2025-08-24,120,1
25,3,6,2025-08-24,37,0
25,3,10,2025-08-24,86,0
25,3,55,2025-08-24,161,0
25,3,55,2025-08-24,186,0
25,3,17,2025-08-24,135,1
26,4,24,2025-08-24,170,0
26,3,6,2025-08-24,260,0
26,2,29,2025-08-24,159,1
26,3,71,2025-08-24,120,0
26,2,74,2025-08-24,260,1
26,1,98,2025-08-24,131,0
27,2,51,2025-08-24,184,0
27,3,55,2025-08-24,68,0
27,1,53,2025-08-24,83,0
27,1,16,2025-08-24,142,0
27,2,29,2025-08-24,135,0
27,1,53,2025-08-24,156,0
27,3,65,2025-08-24,29,0
27,4,34,2025-08-24,81,0
27,2,29,2025-08-24,71,0
27,2,18,2025-08-24,55,0
27,3,17,2025-08-24,136,1
27,4,89,2025-08-24,225,1
28,4,100,2025-08-24,150,0
28,2,75,2025-08-24,208,1
28,1,50,2025-08-24,21,0
28,3,8,2025-08-24,164,0
28,5,47,2025-08-24,21,0
28,4,24,2025-08-24,103,0
28,5,41,2025-08-24,248,0
28,3,33,2025-08-24,79,0
28,4,77,2025-08-24,145,1
28,1,25,2025-08-24,84,0
28,5,43,2025-08-24,205,1
28,3,68,2025-08-24,204,1
29,3,1,2025-08-24,282,0
29,2,51,2025-08-24,142,1
29,3,17,2025-08-24,99,0
29,2,35,2025-08-24,150,0
29,1,95,2025-08-24,149,1
30,4,24,2025-08-24,88,1
30,5,47,2025-08-24,263,0
30,4,46,2025-08-24,52,0
30,4,38,2025-08-24,129,0
30,1,95,2025-08-24,213,0
30,4,34,2025-08-24,285,0
30,1,50,2025-08-24,242,1
30,3,71,2025-08-24,37,0
30,5,7,2025-08-24,262,1
30,2,64,2025-08-24,282,0
30,2,18,2025-08-24,114,0
30,5,86,2025-08-24,167,0
31,1,53,2025-08-24,39,1
31,4,94,2025-08-24,31,1
31,4,67,2025-08-24,42,0
31,5,61,2025-08-24,294,0
31,2,75,2025-08-24,149,1
31,3,55,2025-08-24,120,0
32,5,61,2025-08-24,57,1
32,3,33,2025-08-24,191,0
32,3,68,2025-08-24,208,1
32,1,12,2025-08-24,295,1
32,2,45,2025-08-24,241,1
32,5,86,2025-08-24,254,1
33,1,52,2025-08-24,266,0
33,3,9,2025-08-24,257,1
33,2,64,2025-08-24,249,0
33,3,33,2025-08-24,123,0
33,1,15,2025-08-24,37,0
33,2,91,2025-08-24,72,0
33,2,80,2025-08-24,249,1
33,1,70,2025-08-24,46,0
33,5,84,2025-08-24,231,0
33,4,49,2025-08-24,266,0
34,4,59,2025-08-24,159,0
34,1,39,2025-08-24,174,0
34,3,6,2025-08-24,252,0
34,5,57,2025-08-24,161,0
34,4,46,2025-08-24,291,0
35,5,61,2025-08-24,147,0
35,2,35,2025-08-24,77,0
35,4,56,2025-08-24,156,1
35,2,80,2025-08-24,188,1
35,3,93,2025-08-24,251,0
35,1,81,2025-08-24,99,1
35,4,77,2025-08-24,58,0
35,2,80,2025-08-24,44,1
35,5,21,2025-08-24,198,0
36,4,76,2025-08-24,113,1
36,4,38,2025-08-24,299,0
36,5,7,2025-08-24,148,1
36,3,68,2025-08-24,26,0
36,2,74,2025-08-24,205,0
36,4,56,2025-08-24,292,1
36,2,79,2025-08-24,58,1
36,4,34,2025-08-24,170,0
36,4,94,2025-08-24,268,1
36,2,45,2025-08-24,283,0
36,4,48,2025-08-24,133,0
36,3,30,2025-08-24,51,0
37,5,72,2025-08-24,55,1
37,2,64,2025-08-24,293,0
37,4,99,2025-08-24,243,0
37,2,79,2025-08-24,154,0
37,4,49,2025-08-24,96,0
37,2,18,2025-08-24,88,1
38,3,83,2025-08-24,167,0
38,1,60,2025-08-24,235,1
38,5,58,2025-08-24,196,0
38,4,11,2025-08-24,87,1
38,3,97,2025-08-24,189,1
38,4,20,2025-08-24,124,0
38,3,4,2025-08-24,223,0
38,4,78,2025-08-24,85,0
38,5,90,2025-08-24,110,0
38,5,61,2025-08-24,21,0
39,3,55,2025-08-24,47,1
39,2,2,2025-08-24,277,1
39,5,21,2025-08-24,186,0
39,2,40,2025-08-24,146,0
39,3,33,2025-08-24,233,0
39,3,10,2025-08-24,182,0
40,1,60,2025-08-24,126,0
40,5,41,2025-08-24,67,0
40,2,88,2025-08-24,243,0
40,3,30,2025-08-24,176,1
40,3,32,2025-08-24,128,1
41,4,56,2025-08-24,65,0
41,3,55,2025-08-24,136,1
41,3,10,2025-08-24,204,0
41,4,48,2025-08-24,54,0
41,4,77,2025-08-24,219,0
41,5,41,2025-08-24,54,0
41,2,45,2025-08-24,177,0
41,2,14,2025-08-24,274,0
41,4,20,2025-08-24,92,1
41,4,46,2025-08-24,119,1
42,3,30,2025-08-24,198,0
42,4,11,2025-08-24,138,1
42,3,19,2025-08-24,264,0
42,3,97,2025-08-24,146,1
42,3,4,2025-08-24,112,0
42,2,36,2025-08-24,170,1
42,3,10,2025-08-24,92,1
42,2,23,2025-08-24,22,0
42,5,41,2025-08-24,251,0
42,3,32,2025-08-24,110,0
42,1,81,2025-08-24,205,0
43,3,3,2025-08-24,162,0
43,3,31,2025-08-24,63,0
43,1,95,2025-08-24,213,1
43,5,90,2025-08-24,55,1
43,1,70,2025-08-24,149,1
43,4,77,2025-08-24,227,1
43,1,98,2025-08-24,119,1
43,1,98,2025-08-24,55,0
44,2,74,2025-08-24,131,0
44,5,85,2025-08-24,57,0
44,4,94,2025-08-24,68,1
44,5,47,2025-08-24,70,1
44,2,2,2025-08-24,136,0
45,4,11,2025-08-24,76,1
45,3,31,2025-08-24,164,1
45,2,36,2025-08-24,70,1
45,5,58,2025-08-24,164,0
45,2,64,2025-08-24,233,0
45,3,9,2025-08-24,47,0
45,5,43,2025-08-24,156,1
46,5,41,2025-08-24,202,1
46,1,12,2025-08-24,74,1
46,1,50,2025-08-24,164,1
46,5,37,2025-08-24,115,0
46,5,7,2025-08-24,72,1
46,1,60,2025-08-24,204,0
46,4,11,2025-08-24,30,1
46,3,31,2025-08-24,183,1
47,2,13,2025-08-24,160,0
47,4,76,2025-08-24,33,1
47,5,85,2025-08-24,37,1
47,1,53,2025-08-24,219,1
47,4,49,2025-08-24,299,1
47,5,7,2025-08-24,130,1
47,4,54,2025-08-24,172,0
48,3,68,2025-08-24,278,1
48,1,15,2025-08-24,27,0
48,4,78,2025-08-24,190,0
48,3,26,2025-08-24,172,1
48,5,82,2025-08-24,234,0
48,3,3,2025-08-24,65,0
48,2,74,2025-08-24,148,0
48,3,97,2025-08-24,90,1
48,1,12,2025-08-24,103,1
48,3,19,2025-08-24,53,0
49,2,80,2025-08-24,270,0
49,1,25,2025-08-24,23,0
49,1,50,2025-08-24,257,0
49,1,60,2025-08-24,142,0
49,5,43,2025-08-24,278,1
49,4,100,2025-08-24,26,1
49,5,43,2025-08-24,228,1
50,2,79,2025-08-24,106,1
50,5,84,2025-08-24,280,0
50,1,95,2025-08-24,64,0
50,4,38,2025-08-24,118,0
50,2,80,2025-08-24,249,1
50,4,49,2025-08-24,274,0
50,5,21,2025-08-24,107,0
1,5,47,2025-08-25,188,1
1,4,100,2025-08-25,38,1
1,3,73,2025-08-25,263,1
1,5,43,2025-08-25,148,1
1,3,55,2025-08-25,223,1
1,4,99,2025-08-25,100,1
1,2,96,2025-08-25,52,1
1,3,73,2025-08-25,37,1
1,1,62,2025-08-25,153,1
1,2,2,2025-08-25,67,1
1,4,66,2025-08-25,269,1
2,3,17,2025-08-25,232,1
2,4,66,2025-08-25,183,1
2,4,11,2025-08-25,154,1
2,4,11,2025-08-25,160,1
2,4,66,2025-08-25,147,1
2,3,9,2025-08-25,282,1
2,3,32,2025-08-25,267,1
2,5,61,2025-08-25,250,1
2,3,55,2025-08-25,139,1
2,1,39,2025-08-25,45,1
2,4,59,2025-08-25,159,1
2,2,80,2025-08-25,252,1
3,2,40,2025-08-25,191,1
3,2,64,2025-08-25,161,1
3,2,63,2025-08-25,203,1
3,1,53,2025-08-25,190,1
3,3,44,2025-08-25,208,1
3,2,80,2025-08-25,81,1
3,3,32,2025-08-25,29,1
3,4,67,2025-08-25,66,1
3,2,45,2025-08-25,206,1
3,2,18,2025-08-25,188,1
3,1,95,2025-08-25,59,1
3,1,50,2025-08-25,182,1
4,2,36,2025-08-25,190,1
4,5,86,2025-08-25,162,1
4,2,79,2025-08-25,229,1
4,5,86,2025-08-25,216,1
4,4,89,2025-08-25,232,1
5,3,83,2025-08-25,57,1
5,2,22,2025-08-25,292,1
5,3,31,2025-08-25,83,1
5,1,39,2025-08-25,232,1
5,2,45,2025-08-25,255,1
5,4,42,2025-08-25,198,1
5,2,80,2025-08-25,241,1
5,4,77,2025-08-25,263,1
5,1,12,2025-08-25,35,1
5,2,45,2025-08-25,201,1
5,4,38,2025-08-25,257,1
5,5,37,2025-08-25,41,1
6,2,29,2025-08-25,290,1
6,3,17,2025-08-25,63,1
6,4,78,2025-08-25,253,1
6,5,7,2025-08-25,295,1
6,3,32,2025-08-25,181,1
6,3,4,2025-08-25,150,1
6,5,86,2025-08-25,196,1
6,3,83,2025-08-25,227,1
6,5,86,2025-08-25,36,1
6,4,94,2025-08-25,258,1
7,1,95,2025-08-25,220,1
7,2,36,2025-08-25,110,1
7,3,6,2025-08-25,259,1
7,3,44,2025-08-25,134,1
7,5,47,2025-08-25,274,1
7,3,9,2025-08-25,121,1
7,4,24,2025-08-25,96,1
7,4,89,2025-08-25,147,1
7,1,62,2025-08-25,25,1
7,5,7,2025-08-25,40,1
8,4,56,2025-08-25,36,1
8,1,50,2025-08-25,102,1
8,5,21,2025-08-25,40,1
8,5,85,2025-08-25,285,1
8,4,76,2025-08-25,192,1
8,1,39,2025-08-25,146,1
8,3,32,2025-08-25,246,1
8,4,66,2025-08-25,69,1
8,3,71,2025-08-25,232,1
8,5,85,2025-08-25,55,1
9,2,74,2025-08-25,172,1
9,4,20,2025-08-25,98,1
9,3,97,2025-08-25,41,1
9,1,53,2025-08-25,88,1
9,5,85,2025-08-25,21,1
9,2,22,2025-08-25,275,1
9,2,64,2025-08-25,101,1
9,2,29,2025-08-25,24,1
10,1,70,2025-08-25,218,1
10,3,8,2025-08-25,221,1
10,5,47,2025-08-25,75,1
10,2,80,2025-08-25,227,1
10,3,1,2025-08-25,93,1
10,3,4,2025-08-25,296,1
10,2,75,2025-08-25,67,1
11,4,42,2025-08-25,140,1
11,5,41,2025-08-25,32,1
11,5,84,2025-08-25,164,1
11,5,72,2025-08-25,105,1
11,4,20,2025-08-25,285,1
11,5,7,2025-08-25,27,1
11,2,23,2025-08-25,47,1
11,3,83,2025-08-25,156,1
11,3,71,2025-08-25,65,1
11,3,83,2025-08-25,255,1
11,3,3,2025-08-25,178,1
12,2,69,2025-08-25,242,1
12,4,54,2025-08-25,170,1
12,4,94,2025-08-25,253,1
12,2,45,2025-08-25,217,1
12,5,47,2025-08-25,284,1
12,4,48,2025-08-25,96,1
12,3,93,2025-08-25,44,1
12,4,89,2025-08-25,257,1
12,2,18,2025-08-25,79,1
12,5,84,2025-08-25,198,1
12,2,79,2025-08-25,209,1
13,2,64,2025-08-25,198,1
13,3,30,2025-08-25,283,1
13,4,11,2025-08-25,185,1
13,1,12,2025-08-25,120,1
13,2,80,2025-08-25,29,1
13,2,75,2025-08-25,226,1
13,1,12,2025-08-25,206,1
13,2,91,2025-08-25,226,1
14,2,96,2025-08-25,41,1
14,5,37,2025-08-25,190,1
14,4,66,2025-08-25,133,1
14,2,40,2025-08-25,25,1
14,3,71,2025-08-25,177,1
14,2,23,2025-08-25,93,1
14,4,94,2025-08-25,126,1
14,2,27,2025-08-25,53,1
15,3,44,2025-08-25,239,1
15,5,5,2025-08-25,260,1
15,4,48,2025-08-25,60,1
15,2,18,2025-08-25,124,1
15,2,14,2025-08-25,253,1
16,2,23,2025-08-25,203,0
16,4,56,2025-08-25,103,1
16,3,26,2025-08-25,47,0
16,5,41,2025-08-25,110,0
16,3,68,2025-08-25,252,1
16,1,15,2025-08-25,286,0
16,3,26,2025-08-25,24,1
16,2,91,2025-08-25,42,0
17,3,44,2025-08-25,286,1
17,4,42,2025-08-25,140,1
17,2,69,2025-08-25,204,0
17,2,80,2025-08-25,198,0
17,2,13,2025-08-25,256,0
17,4,99,2025-08-25,227,0
17,2,2,2025-08-25,31,1
18,3,1,2025-08-25,68,0
18,4,100,2025-08-25,189,0
18,5,85,2025-08-25,48,1
18,3,73,2025-08-25,27,1
18,4,34,2025-08-25,140,1
18,4,59,2025-08-25,249,0
18,3,32,2025-08-25,101,0
18,4,76,2025-08-25,125,1
18,3,31,2025-08-25,293,0
18,2,36,2025-08-25,263,0
18,4,42,2025-08-25,34,0
18,1,52,2025-08-25,262,1
19,4,67,2025-08-25,68,1
19,3,73,2025-08-25,287,0
19,5,58,2025-08-25,116,1
19,4,59,2025-08-25,296,1
19,3,8,2025-08-25,295,1
19,1,60,2025-08-25,224,1
19,2,87,2025-08-25,128,1
19,4,34,2025-08-25,115,1
19,2,2,2025-08-25,56,0
19,2,14,2025-08-25,113,0
19,4,34,2025-08-25,40,0
20,5,84,2025-08-25,75,1
20,2,92,2025-08-25,195,0
20,4,89,2025-08-25,188,0
20,3,55,2025-08-25,209,0
20,3,19,2025-08-25,297,0
20,2,27,2025-08-25,240,0
20,2,96,2025-08-25,207,0
20,1,53,2025-08-25,131,0
21,3,31,2025-08-25,32,0
21,2,29,2025-08-25,172,1
21,1,98,2025-08-25,237,0
21,4,24,2025-08-25,221,0
21,2,45,2025-08-25,84,0
21,2,45,2025-08-25,141,1
21,5,47,2025-08-25,168,0
21,4,59,2025-08-25,286,0
21,5,21,2025-08-25,249,1
21,4,42,2025-08-25,173,1
21,2,64,2025-08-25,139,0
21,3,71,2025-08-25,177,0
22,3,9,2025-08-25,91,1
22,3,1,2025-08-25,257,0
22,4,67,2025-08-25,215,1
22,2,69,2025-08-25,228,0
22,3,6,2025-08-25,110,1
22,5,58,2025-08-25,112,0
23,4,99,2025-08-25,143,1
23,2,92,2025-08-25,299,0
23,3,68,2025-08-25,263,1
23,3,31,2025-08-25,292,0
23,4,100,2025-08-25,91,0
23,2,45,2025-08-25,184,0
23,1,16,2025-08-25,74,0
23,3,31,2025-08-25,205,0
24,2,40,2025-08-25,37,1
24,2,74,2025-08-25,219,1
24,2,45,2025-08-25,238,1
24,4,67,2025-08-25,238,1
24,2,14,2025-08-25,82,0
24,2,63,2025-08-25,59,0
24,2,63,2025-08-25,84,0
24,4,56,2025-08-25,213,0
25,1,53,2025-08-25,247,0
25,2,40,2025-08-25,93,1
25,4,54,2025-08-25,251,0
25,3,44,2025-08-25,22,0
25,2,69,2025-08-25,85,0
25,3,3,2025-08-25,280,1
25,5,37,2025-08-25,39,0
25,3,71,2025-08-25,196,0
25,2,63,2025-08-25,227,0
26,4,34,2025-08-25,80,0
26,4,77,2025-08-25,244,0
26,2,18,2025-08-25,219,0
26,2,88,2025-08-25,293,0
26,3,26,2025-08-25,223,0
26,2,14,2025-08-25,216,0
26,5,57,2025-08-25,114,0
26,4,59,2025-08-25,214,1
26,5,84,2025-08-25,53,0
27,3,6,2025-08-25,293,1
27,2,74,2025-08-25,28,0
27,3,93,2025-08-25,212,1
27,3,68,2025-08-25,236,1
27,4,76,2025-08-25,63,0
27,5,86,2025-08-25,194,1
28,2,36,2025-08-25,135,0
28,2,51,2025-08-25,94,1
28,3,44,2025-08-25,210,0
28,5,82,2025-08-25,210,1
28,3,44,2025-08-25,249,1
28,4,66,2025-08-25,234,0
28,3,32,2025-08-25,199,0
29,5,28,2025-08-25,129,0
29,3,32,2025-08-25,264,0
29,1,15,2025-08-25,186,1
29,4,20,2025-08-25,215,0
29,3,10,2025-08-25,168,1
30,3,9,2025-08-25,109,1
30,5,28,2025-08-25,215,0
30,5,21,2025-08-25,22,0
30,2,40,2025-08-25,188,1
30,3,65,2025-08-25,185,0
30,4,38,2025-08-25,62,0
30,1,52,2025-08-25,102,0
31,4,59,2025-08-25,41,1
31,2,40,2025-08-25,66,0
31,3,31,2025-08-25,285,0
31,1,50,2025-08-25,222,0
31,4,11,2025-08-25,213,1
31,1,25,2025-08-25,115,1
31,3,73,2025-08-25,145,0
31,2,75,2025-08-25,143,0
32,3,68,2025-08-25,149,0
32,1,16,2025-08-25,212,0
32,3,68,2025-08-25,40,0
32,1,16,2025-08-25,132,1
32,3,93,2025-08-25,272,1
32,2,40,2025-08-25,107,0
32,4,42,2025-08-25,251,0
32,3,73,2025-08-25,98,1
32,2,27,2025-08-25,300,0
32,1,25,2025-08-25,288,0
32,2,91,2025-08-25,81,1
33,4,67,2025-08-25,94,0
33,3,68,2025-08-25,274,1
33,4,100,2025-08-25,277,0
33,5,90,2025-08-25,184,0
33,2,35,2025-08-25,142,1
33,5,82,2025-08-25,74,0
34,2,96,2025-08-25,188,0
34,2,75,2025-08-25,211,0
34,3,9,2025-08-25,285,0
34,1,15,2025-08-25,230,0
34,3,9,2025-08-25,78,0
34,4,78,2025-08-25,277,0
34,4,54,2025-08-25,280,0
34,2,29,2025-08-25,260,1
34,5,58,2025-08-25,44,0
34,3,30,2025-08-25,254,1
34,5,58,2025-08-25,267,0
35,4,59,2025-08-25,224,0
35,3,83,2025-08-25,211,0
35,3,32,2025-08-25,104,0
35,2,22,2025-08-25,267,0
35,4,56,2025-08-25,52,1
35,4,46,2025-08-25,146,0
35,5,85,2025-08-25,119,1
35,4,100,2025-08-25,215,1
35,2,2,2025-08-25,297,1
35,3,83,2025-08-25,246,1
36,5,7,2025-08-25,87,1
36,4,66,2025-08-25,281,1
36,4,89,2025-08-25,96,0
36,3,33,2025-08-25,85,1
36,3,26,2025-08-25,250,0
36,2,18,2025-08-25,260,0
37,3,93,2025-08-25,294,1
37,5,7,2025-08-25,166,0
37,3,19,2025-08-25,208,0
37,4,77,2025-08-25,207,0
37,5,37,2025-08-25,234,0
37,5,82,2025-08-25,89,0
37,1,98,2025-08-25,298,0
37,3,97,2025-08-25,107,0
37,1,62,2025-08-25,81,0
38,2,35,2025-08-25,168,0
38,2,75,2025-08-25,41,0
38,3,9,2025-08-25,142,0
38,4,56,2025-08-25,149,1
38,4,67,2025-08-25,52,0
38,1,53,2025-08-25,297,0
38,3,9,2025-08-25,257,0
38,3,3,2025-08-25,263,0
38,5,85,2025-08-25,265,0
38,4,11,2025-08-25,176,0
38,3,26,2025-08-25,28,1
39,1,70,2025-08-25,253,0
39,1,12,2025-08-25,25,0
39,5,5,2025-08-25,132,1
39,3,44,2025-08-25,197,0
39,1,53,2025-08-25,294,0
39,3,10,2025-08-25,22,0
39,4,59,2025-08-25,116,0
39,1,16,2025-08-25,172,0
39,3,30,2025-08-25,265,1
39,5,5,2025-08-25,153,0
40,2,23,2025-08-25,50,1
40,4,20,2025-08-25,179,1
40,5,7,2025-08-25,189,0
40,1,62,2025-08-25,218,1
40,5,43,2025-08-25,154,1
40,3,32,2025-08-25,196,1
40,1,15,2025-08-25,211,1
40,3,68,2025-08-25,287,1
40,3,44,2025-08-25,136,0
40,5,58,2025-08-25,135,1
40,4,38,2025-08-25,231,1
40,3,97,2025-08-25,65,1
41,4,46,2025-08-25,175,1
41,5,21,2025-08-25,180,1
41,5,86,2025-08-25,49,0
41,3,73,2025-08-25,51,1
41,5,82,2025-08-25,91,1
41,5,72,2025-08-25,163,1
41,2,64,2025-08-25,74,0
41,3,6,2025-08-25,236,0
42,2,22,2025-08-25,207,1
42,1,15,2025-08-25,192,0
42,2,87,2025-08-25,76,1
42,2,13,2025-08-25,265,0
42,3,32,2025-08-25,143,0
42,3,26,2025-08-25,140,1
42,2,91,2025-08-25,289,0
42,4,42,2025-08-25,187,1
42,3,10,2025-08-25,251,0
43,1,81,2025-08-25,132,1
43,2,36,2025-08-25,82,0
43,4,20,2025-08-25,140,0
43,3,31,2025-08-25,220,0
43,5,28,2025-08-25,287,1
43,3,31,2025-08-25,78,1
43,5,61,2025-08-25,277,0
43,1,70,2025-08-25,137,1
43,2,18,2025-08-25,70,0
44,4,78,2025-08-25,152,0
44,5,84,2025-08-25,83,0
44,2,35,2025-08-25,63,1
44,5,61,2025-08-25,46,0
44,2,14,2025-08-25,87,1
44,2,88,2025-08-25,41,0
44,1,52,2025-08-25,268,0
45,3,31,2025-08-25,266,0
45,1,53,2025-08-25,228,0
45,1,62,2025-08-25,156,0
45,1,53,2025-08-25,166,0
45,3,73,2025-08-25,127,0
45,4,67,2025-08-25,297,0
45,3,8,2025-08-25,67,1
45,3,55,2025-08-25,153,0
46,4,56,2025-08-25,156,1
46,5,7,2025-08-25,208,0
46,5,28,2025-08-25,168,1
46,2,29,2025-08-25,233,0
46,5,72,2025-08-25,75,1
46,5,82,2025-08-25,90,0
46,3,97,2025-08-25,46,0
46,3,44,2025-08-25,237,0
46,5,61,2025-08-25,88,1
47,2,13,2025-08-25,148,0
47,4,77,2025-08-25,82,0
47,1,62,2025-08-25,140,0
47,4,11,2025-08-25,24,0
47,5,90,2025-08-25,38,0
47,3,6,2025-08-25,229,0
47,5,82,2025-08-25,149,1
47,2,87,2025-08-25,136,1
47,5,72,2025-08-25,195,0
48,1,70,2025-08-25,176,1
48,3,73,2025-08-25,169,0
48,4,38,2025-08-25,86,0
48,2,63,2025-08-25,197,1
48,3,44,2025-08-25,148,1
48,3,71,2025-08-25,182,0
48,4,46,2025-08-25,187,0
48,2,51,2025-08-25,138,1
48,3,97,2025-08-25,184,0
48,2,45,2025-08-25,130,0
48,5,90,2025-08-25,198,0
49,4,56,2025-08-25,39,1
49,3,83,2025-08-25,194,0
49,2,36,2025-08-25,70,0
49,4,38,2025-08-25,240,1
49,3,4,2025-08-25,253,0
49,4,11,2025-08-25,117,0
49,5,47,2025-08-25,116,0
49,2,27,2025-08-25,28,0
49,3,30,2025-08-25,264,1
50,2,51,2025-08-25,262,0
50,1,98,2025-08-25,77,1
50,4,94,2025-08-25,292,0
50,2,29,2025-08-25,231,0
50,3,73,2025-08-25,127,1
1,4,49,2025-08-26,39,1
1,1,12,2025-08-26,106,1
1,3,9,2025-08-26,135,1
1,4,46,2025-08-26,55,1
1,2,27,2025-08-26,64,1
1,3,3,2025-08-26,234,1
1,2,14,2025-08-26,87,1
1,3,32,2025-08-26,274,1
1,2,80,2025-08-26,189,1
2,2,2,2025-08-26,193,1
2,4,34,2025-08-26,44,1
2,3,9,2025-08-26,111,1
2,4,20,2025-08-26,283,1
2,4,42,2025-08-26,37,1
2,3,68,2025-08-26,260,1
2,5,84,2025-08-26,274,1
2,2,64,2025-08-26,218,1
3,2,36,2025-08-26,170,1
3,5,41,2025-08-26,218,1
3,3,32,2025-08-26,130,1
3,4,46,2025-08-26,235,1
3,2,2,2025-08-26,113,1
3,2,29,2025-08-26,174,1
4,1,16,2025-08-26,191,1
4,5,58,2025-08-26,268,1
4,2,79,2025-08-26,276,1
4,5,84,2025-08-26,27,1
4,5,61,2025-08-26,214,1
4,3,3,2025-08-26,290,1
4,2,69,2025-08-26,82,1
5,3,26,2025-08-26,167,1
5,2,79,2025-08-26,242,1
5,2,91,2025-08-26,223,1
5,1,60,2025-08-26,108,1
5,3,30,2025-08-26,30,1
5,3,44,2025-08-26,168,1
6,3,33,2025-08-26,165,1
6,1,25,2025-08-26,240,1
6,2,36,2025-08-26,169,1
6,5,37,2025-08-26,86,1
6,3,68,2025-08-26,43,1
7,3,73,2025-08-26,142,1
7,5,72,2025-08-26,249,1
7,2,88,2025-08-26,292,1
7,5,61,2025-08-26,278,1
7,3,9,2025-08-26,143,1
7,3,9,2025-08-26,248,1
8,2,63,2025-08-26,218,1
8,3,44,2025-08-26,268,1
8,2,40,2025-08-26,66,1
8,5,37,2025-08-26,158,1
8,2,22,2025-08-26,262,1
8,5,84,2025-08-26,206,1
8,1,81,2025-08-26,67,1
8,3,19,2025-08-26,93,1
8,3,31,2025-08-26,188,1
9,5,7,2025-08-26,226,1
9,1,98,2025-08-26,296,1
9,2,74,2025-08-26,68,1
9,4,59,2025-08-26,166,1
9,1,39,2025-08-26,84,1
9,4,99,2025-08-26,183,1
9,5,37,2025-08-26,139,1
9,3,65,2025-08-26,158,1
9,5,85,2025-08-26,217,1
10,2,96,2025-08-26,200,1
10,4,77,2025-08-26,185,1
10,3,3,2025-08-26,211,1
10,4,24,2025-08-26,226,1
10,2,35,2025-08-26,49,1
10,5,61,2025-08-26,181,1
10,4,20,2025-08-26,125,1
10,4,48,2025-08-26,236,1
10,3,4,2025-08-26,229,1
10,5,58,2025-08-26,287,1
10,4,56,2025-08-26,33,1
11,1,62,2025-08-26,42,1
11,3,71,2025-08-26,203,1
11,5,72,2025-08-26,206,1
11,3,17,2025-08-26,262,1
11,5,43,2025-08-26,295,1
11,2,96,2025-08-26,158,1
11,4,56,2025-08-26,139,1
12,4,77,2025-08-26,43,1
12,3,6,2025-08-26,240,1
12,2,91,2025-08-26,272,1
12,2,36,2025-08-26,94,1
12,3,93,2025-08-26,152,1
12,2,23,2025-08-26,164,1
12,1,15,2025-08-26,198,1
12,4,24,2025-08-26,61,1
12,5,28,2025-08-26,268,1
12,2,74,2025-08-26,178,1
12,4,49,2025-08-26,118,1
12,5,57,2025-08-26,105,1
13,5,47,2025-08-26,64,1
13,4,54,2025-08-26,122,1
13,2,69,2025-08-26,235,1
13,2,88,2025-08-26,43,1
13,4,99,2025-08-26,42,1
13,2,23,2025-08-26,24,1
13,2,91,2025-08-26,141,1
13,4,42,2025-08-26,176,1
13,1,52,2025-08-26,263,1
13,5,82,2025-08-26,72,1
13,4,20,2025-08-26,78,1
14,3,71,2025-08-26,208,1
14,1,98,2025-08-26,215,1
14,5,85,2025-08-26,30,1
14,4,24,2025-08-26,89,1
14,5,5,2025-08-26,264,1
14,5,85,2025-08-26,54,1
14,1,25,2025-08-26,194,1
14,1,62,2025-08-26,196,1
14,2,13,2025-08-26,210,1
15,5,21,2025-08-26,89,1
15,4,42,2025-08-26,281,1
15,2,87,2025-08-26,80,1
15,5,84,2025-08-26,137,1
15,4,24,2025-08-26,237,1
15,2,63,2025-08-26,157,1
15,2,91,2025-08-26,267,1
16,4,99,2025-08-26,136,0
16,5,58,2025-08-26,77,0
16,2,64,2025-08-26,217,0
16,2,91,2025-08-26,133,0
16,4,24,2025-08-26,190,1
16,3,71,2025-08-26,136,0
16,2,22,2025-08-26,77,0
16,4,11,2025-08-26,99,0
17,2,64,2025-08-26,191,0
17,3,10,2025-08-26,178,1
17,5,90,2025-08-26,222,1
17,2,27,2025-08-26,23,1
17,1,62,2025-08-26,294,0
17,3,93,2025-08-26,243,1
17,4,100,2025-08-26,285,0
17,2,45,2025-08-26,155,0
17,3,73,2025-08-26,193,1
17,5,37,2025-08-26,149,0
18,3,9,2025-08-26,257,0
18,3,31,2025-08-26,98,0
18,2,64,2025-08-26,78,0
18,1,98,2025-08-26,287,1
18,3,44,2025-08-26,183,0
18,1,16,2025-08-26,203,0
18,4,100,2025-08-26,121,0
18,4,34,2025-08-26,189,0
18,3,3,2025-08-26,79,0
19,5,28,2025-08-26,212,1
19,2,75,2025-08-26,30,0
19,3,97,2025-08-26,231,1
19,2,29,2025-08-26,257,0
19,3,32,2025-08-26,287,0
19,4,94,2025-08-26,208,0
19,3,10,2025-08-26,75,0
19,2,91,2025-08-26,29,0
19,3,33,2025-08-26,289,0
20,2,92,2025-08-26,40,0
20,4,89,2025-08-26,135,0
20,4,66,2025-08-26,252,1
20,5,72,2025-08-26,53,0
20,1,39,2025-08-26,104,1
21,3,97,2025-08-26,197,0
21,2,2,2025-08-26,25,0
21,1,95,2025-08-26,299,0
21,3,97,2025-08-26,33,1
21,3,19,2025-08-26,296,1
21,2,36,2025-08-26,142,0
21,3,65,2025-08-26,68,0
21,5,85,2025-08-26,95,1
21,4,46,2025-08-26,173,0
21,1,60,2025-08-26,266,1
21,2,18,2025-08-26,163,0
22,3,32,2025-08-26,72,0
22,4,77,2025-08-26,104,0
22,2,51,2025-08-26,40,0
22,5,28,2025-08-26,237,1
22,3,65,2025-08-26,196,0
22,3,68,2025-08-26,185,0
22,3,65,2025-08-26,66,1
23,3,6,2025-08-26,173,0
23,4,24,2025-08-26,173,0
23,4,67,2025-08-26,232,0
23,4,49,2025-08-26,36,1
23,4,66,2025-08-26,273,1
23,4,89,2025-08-26,232,1
23,2,80,2025-08-26,217,0
24,2,40,2025-08-26,147,0
24,4,46,2025-08-26,233,1
24,5,5,2025-08-26,212,0
24,4,42,2025-08-26,109,0
24,3,19,2025-08-26,199,0
24,1,39,2025-08-26,96,1
24,5,82,2025-08-26,148,0
24,1,60,2025-08-26,149,0
24,3,44,2025-08-26,199,0
24,2,63,2025-08-26,296,0
24,5,86,2025-08-26,286,0
25,3,17,2025-08-26,157,1
25,2,40,2025-08-26,262,0
25,3,93,2025-08-26,81,0
25,2,18,2025-08-26,242,0
25,5,85,2025-08-26,147,1
25,2,87,2025-08-26,164,0
25,5,7,2025-08-26,162,1
25,2,27,2025-08-26,58,1
25,2,22,2025-08-26,143,0
25,3,65,2025-08-26,162,0
25,2,80,2025-08-26,296,1
26,3,55,2025-08-26,189,0
26,2,2,2025-08-26,255,0
26,4,100,2025-08-26,261,0
26,4,59,2025-08-26,25,0
26,2,29,2025-08-26,55,0
26,1,95,2025-08-26,213,0
26,1,60,2025-08-26,280,0
26,5,85,2025-08-26,207,0
27,3,33,2025-08-26,169,0
27,1,16,2025-08-26,145,1
27,3,6,2025-08-26,61,1
27,3,68,2025-08-26,277,0
27,2,79,2025-08-26,266,1
27,1,15,2025-08-26,279,0
27,1,16,2025-08-26,83,0
27,2,18,2025-08-26,269,0
28,1,52,2025-08-26,253,0
28,3,93,2025-08-26,93,1
28,2,2,2025-08-26,250,0
28,1,15,2025-08-26,113,1
28,5,72,2025-08-26,34,0
28,4,77,2025-08-26,50,0
28,2,75,2025-08-26,48,0
28,4,77,2025-08-26,282,1
28,2,18,2025-08-26,265,1
28,5,82,2025-08-26,212,0
29,1,52,2025-08-26,251,0
29,5,41,2025-08-26,67,1
29,3,1,2025-08-26,215,0
29,2,75,2025-08-26,57,0
29,2,87,2025-08-26,273,0
29,3,3,2025-08-26,178,0
29,4,42,2025-08-26,75,0
29,2,23,2025-08-26,271,1
29,3,10,2025-08-26,270,0
29,1,15,2025-08-26,295,0
29,1,39,2025-08-26,272,0
30,5,28,2025-08-26,168,0
30,1,53,2025-08-26,47,0
30,5,82,2025-08-26,121,0
30,3,6,2025-08-26,241,0
30,3,9,2025-08-26,231,0
30,3,17,2025-08-26,164,0
30,1,70,2025-08-26,29,1
30,2,29,2025-08-26,248,0
30,1,98,2025-08-26,110,1
31,2,63,2025-08-26,216,1
31,5,90,2025-08-26,90,0
31,4,66,2025-08-26,194,0
31,5,61,2025-08-26,238,0
31,4,48,2025-08-26,296,0
31,4,100,2025-08-26,185,0
32,3,31,2025-08-26,122,0
32,1,70,2025-08-26,232,0
32,2,45,2025-08-26,249,0
32,2,36,2025-08-26,181,1
32,3,83,2025-08-26,61,0
32,2,69,2025-08-26,228,1
32,2,69,2025-08-26,298,1
33,5,84,2025-08-26,268,0
33,4,34,2025-08-26,110,0
33,5,86,2025-08-26,220,1
33,2,92,2025-08-26,216,0
33,1,53,2025-08-26,283,0
33,3,68,2025-08-26,113,0
34,4,46,2025-08-26,296,1
34,5,86,2025-08-26,189,1
34,4,76,2025-08-26,27,0
34,3,10,2025-08-26,29,0
34,4,99,2025-08-26,129,0
34,3,93,2025-08-26,219,1
34,2,96,2025-08-26,214,0
34,1,52,2025-08-26,257,0
35,5,7,2025-08-26,214,0
35,2,96,2025-08-26,232,0
35,1,62,2025-08-26,160,1
35,2,13,2025-08-26,206,1
35,3,71,2025-08-26,112,0
36,5,82,2025-08-26,280,0
36,2,79,2025-08-26,285,0
36,2,92,2025-08-26,33,1
36,4,42,2025-08-26,81,0
36,4,89,2025-08-26,78,1
36,2,69,2025-08-26,69,0
36,2,27,2025-08-26,174,0
36,3,26,2025-08-26,77,0
36,2,2,2025-08-26,43,1
36,5,37,2025-08-26,219,1
36,2,18,2025-08-26,64,0
37,1,50,2025-08-26,127,0
37,5,61,2025-08-26,221,0
37,4,94,2025-08-26,202,1
37,5,7,2025-08-26,174,1
37,1,15,2025-08-26,176,0
37,2,22,2025-08-26,194,1
37,5,84,2025-08-26,239,0
37,1,16,2025-08-26,249,0
38,5,47,2025-08-26,134,0
38,3,73,2025-08-26,68,0
38,2,29,2025-08-26,266,0
38,3,30,2025-08-26,31,0
38,4,48,2025-08-26,232,0
38,3,83,2025-08-26,109,0
38,3,73,2025-08-26,162,0
39,4,20,2025-08-26,78,1
39,1,62,2025-08-26,51,1
39,4,38,2025-08-26,42,0
39,4,20,2025-08-26,69,0
39,3,3,2025-08-26,41,0
39,1,53,2025-08-26,100,1
39,3,32,2025-08-26,208,0
40,4,38,2025-08-26,115,0
40,2,92,2025-08-26,258,1
40,2,29,2025-08-26,254,1
40,4,24,2025-08-26,48,1
40,4,89,2025-08-26,180,1
40,5,7,2025-08-26,102,0
40,2,74,2025-08-26,160,1
40,3,68,2025-08-26,200,1
40,3,71,2025-08-26,57,0
40,3,97,2025-08-26,161,0
40,4,24,2025-08-26,210,0
41,3,71,2025-08-26,85,1
41,1,81,2025-08-26,121,0
41,5,61,2025-08-26,66,0
41,1,12,2025-08-26,160,0
41,5,84,2025-08-26,198,0
41,1,39,2025-08-26,263,1
41,4,100,2025-08-26,212,1
42,2,79,2025-08-26,197,0
42,3,10,2025-08-26,130,0
42,2,79,2025-08-26,274,0
42,4,94,2025-08-26,213,0
42,1,15,2025-08-26,256,0
42,2,79,2025-08-26,116,1
42,4,46,2025-08-26,22,0
43,5,57,2025-08-26,227,0
43,2,75,2025-08-26,80,0
43,3,93,2025-08-26,116,1
43,3,8,2025-08-26,54,1
43,3,93,2025-08-26,161,0
43,4,99,2025-08-26,151,0
43,5,61,2025-08-26,68,0
43,3,8,2025-08-26,69,0
44,4,59,2025-08-26,299,0
44,3,71,2025-08-26,43,1
44,2,18,2025-08-26,237,0
44,2,29,2025-08-26,157,1
44,5,86,2025-08-26,256,0
45,4,49,2025-08-26,131,0
45,2,74,2025-08-26,41,0
45,4,66,2025-08-26,65,0
45,4,34,2025-08-26,129,0
45,2,45,2025-08-26,226,0
45,4,20,2025-08-26,265,0
45,5,57,2025-08-26,60,0
45,5,7,2025-08-26,21,0
46,3,71,2025-08-26,35,0
46,2,63,2025-08-26,169,1
46,3,17,2025-08-26,135,1
46,2,74,2025-08-26,297,0
46,2,87,2025-08-26,125,0
46,4,66,2025-08-26,28,0
47,5,7,2025-08-26,221,1
47,4,59,2025-08-26,167,0
47,4,24,2025-08-26,172,0
47,3,17,2025-08-26,252,0
47,2,92,2025-08-26,91,0
47,1,53,2025-08-26,188,1
48,4,46,2025-08-26,111,0
48,5,41,2025-08-26,297,1
48,2,79,2025-08-26,35,1
48,1,52,2025-08-26,119,1
48,5,47,2025-08-26,148,1
48,4,48,2025-08-26,36,0
48,1,12,2025-08-26,151,0
48,2,64,2025-08-26,97,1
48,3,9,2025-08-26,67,0
48,4,94,2025-08-26,249,0
48,2,91,2025-08-26,211,0
48,3,10,2025-08-26,200,0
49,2,40,2025-08-26,227,0
49,4,54,2025-08-26,219,0
49,4,76,2025-08-26,120,0
49,4,46,2025-08-26,207,0
49,4,11,2025-08-26,111,0
49,4,78,2025-08-26,264,1
49,3,4,2025-08-26,136,0
50,2,88,2025-08-26,100,0
50,3,31,2025-08-26,177,0
50,3,9,2025-08-26,43,0
50,1,95,2025-08-26,132,0
50,3,10,2025-08-26,81,0
50,5,82,2025-08-26,68,0
50,1,62,2025-08-26,84,0
50,1,62,2025-08-26,244,1
50,1,81,2025-08-26,288,0
50,3,26,2025-08-26,103,1
50,3,9,2025-08-26,61,0
50,2,51,2025-08-26,126,0
1,3,93,2025-08-27,281,1
1,3,93,2025-08-27,88,1
1,1,95,2025-08-27,206,1
1,4,56,2025-08-27,219,1
1,2,18,2025-08-27,64,1
2,4,34,2025-08-27,229,1
2,5,28,2025-08-27,138,1
2,3,93,2025-08-27,65,1
2,1,12,2025-08-27,169,1
2,3,31,2025-08-27,217,1
2,5,85,2025-08-27,263,1
2,4,77,2025-08-27,278,1
2,3,3,2025-08-27,216,1
2,2,96,2025-08-27,281,1
2,4,100,2025-08-27,252,1
2,3,1,2025-08-27,216,1
3,1,52,2025-08-27,290,1
3,2,74,2025-08-27,184,1
3,3,73,2025-08-27,211,1
3,2,27,2025-08-27,88,1
3,2,92,2025-08-27,170,1
3,3,8,2025-08-27,98,1
4,4,99,2025-08-27,173,1
4,2,22,2025-08-27,207,1
4,3,68,2025-08-27,272,1
4,3,83,2025-08-27,175,1
4,1,50,2025-08-27,280,1
4,2,63,2025-08-27,196,1
4,1,12,2025-08-27,213,1
4,4,34,2025-08-27,292,1
5,2,45,2025-08-27,50,1
5,2,14,2025-08-27,104,1
5,1,81,2025-08-27,209,1
5,5,90,2025-08-27,192,1
5,4,100,2025-08-27,71,1
5,2,74,2025-08-27,286,1
5,1,98,2025-08-27,43,1
5,4,56,2025-08-27,196,1
5,2,29,2025-08-27,235,1
6,3,83,2025-08-27,101,1
6,5,90,2025-08-27,152,1
6,3,3,2025-08-27,251,1
6,2,23,2025-08-27,203,1
6,2,96,2025-08-27,265,1
6,2,63,2025-08-27,238,1
6,5,5,2025-08-27,157,1
6,4,99,2025-08-27,22,1
6,3,10,2025-08-27,113,1
6,5,85,2025-08-27,213,1
6,5,7,2025-08-27,114,1
7,5,37,2025-08-27,82,1
7,1,62,2025-08-27,126,1
7,5,7,2025-08-27,39,1
7,2,88,2025-08-27,113,1
7,4,94,2025-08-27,116,1
7,2,88,2025-08-27,139,1
7,3,71,2025-08-27,230,1
7,2,18,2025-08-27,135,1
7,3,55,2025-08-27,286,1
7,1,16,2025-08-27,226,1
7,5,57,2025-08-27,149,1
8,4,20,2025-08-27,156,1
8,5,47,2025-08-27,47,1
8,5,5,2025-08-27,284,1
8,3,68,2025-08-27,145,1
8,3,9,2025-08-27,170,1
8,4,20,2025-08-27,254,1
8,5,61,2025-08-27,223,1
8,2,22,2025-08-27,32,1
8,5,28,2025-08-27,293,1
8,5,43,2025-08-27,42,1
8,2,51,2025-08-27,63,1
8,1,50,2025-08-27,244,1
9,1,39,2025-08-27,135,1
9,2,79,2025-08-27,117,1
9,2,35,2025-08-27,102,1
9,3,3,2025-08-27,58,1
9,1,16,2025-08-27,201,1
9,2,96,2025-08-27,181,1
9,2,35,2025-08-27,187,1
9,3,68,2025-08-27,138,1
9,1,70,2025-08-27,83,1
9,1,15,2025-08-27,27,1
9,3,97,2025-08-27,231,1
10,4,94,2025-08-27,238,1
10,5,72,2025-08-27,69,1
10,3,3,2025-08-27,277,1
10,2,75,2025-08-27,230,1
10,4,20,2025-08-27,237,1
10,2,35,2025-08-27,155,1
10,3,19,2025-08-27,124,1
10,3,4,2025-08-27,93,1
10,4,49,2025-08-27,71,1
11,1,70,2025-08-27,159,1
11,3,73,2025-08-27,202,1
11,2,35,2025-08-27,72,1
11,4,76,2025-08-27,290,1
11,1,81,2025-08-27,252,1
11,3,83,2025-08-27,49,1
11,5,82,2025-08-27,221,1
12,1,12,2025-08-27,160,1
12,1,15,2025-08-27,112,1
12,3,44,2025-08-27,67,1
12,2,45,2025-08-27,194,1
12,5,58,2025-08-27,211,1
12,2,69,2025-08-27,275,1
12,2,13,2025-08-27,108,1
12,1,25,2025-08-27,300,1
12,5,7,2025-08-27,113,1
12,5,58,2025-08-27,224,1
13,4,59,2025-08-27,72,1
13,3,19,2025-08-27,241,1
13,1,95,2025-08-27,76,1
13,1,95,2025-08-27,188,1
13,2,27,2025-08-27,168,1
14,3,33,2025-08-27,292,1
14,4,100,2025-08-27,151,1
14,1,98,2025-08-27,108,1
14,4,67,2025-08-27,84,1
14,1,15,2025-08-27,266,1
14,2,88,2025-08-27,27,1
15,5,28,2025-08-27,175,1
15,4,100,2025-08-27,151,1
15,2,88,2025-08-27,285,1
15,4,38,2025-08-27,205,1
15,4,11,2025-08-27,258,1
15,3,4,2025-08-27,251,1
15,3,8,2025-08-27,64,1
15,3,26,2025-08-27,72,1
15,4,100,2025-08-27,64,1
15,1,50,2025-08-27,269,1
15,2,22,2025-08-27,289,1
15,3,68,2025-08-27,216,1
16,3,9,2025-08-27,70,0
16,2,88,2025-08-27,72,0
16,1,95,2025-08-27,127,0
16,4,20,2025-08-27,248,1
16,3,26,2025-08-27,183,1
16,2,75,2025-08-27,191,0
17,2,64,2025-08-27,93,0
17,2,18,2025-08-27,146,1
17,3,55,2025-08-27,282,0
17,4,94,2025-08-27,81,1
17,1,50,2025-08-27,281,0
17,2,18,2025-08-27,184,1
17,3,30,2025-08-27,110,0
18,5,82,2025-08-27,246,0
18,4,77,2025-08-27,297,0
18,5,21,2025-08-27,219,0
18,4,67,2025-08-27,239,0
18,3,10,2025-08-27,96,0
18,3,17,2025-08-27,266,0
18,5,85,2025-08-27,167,0
18,4,56,2025-08-27,248,1
18,3,32,2025-08-27,225,1
19,4,34,2025-08-27,37,0
19,4,59,2025-08-27,107,0
19,1,98,2025-08-27,37,0
19,4,48,2025-08-27,297,1
19,5,21,2025-08-27,105,0
20,3,6,2025-08-27,199,1
20,5,84,2025-08-27,151,0
20,2,45,2025-08-27,154,0
20,2,96,2025-08-27,43,0
20,2,91,2025-08-27,193,1
20,4,38,2025-08-27,242,0
20,2,64,2025-08-27,139,0
20,3,3,2025-08-27,118,0
20,3,68,2025-08-27,70,0
21,5,57,2025-08-27,260,0
21,2,23,2025-08-27,167,0
21,3,32,2025-08-27,282,0
21,1,70,2025-08-27,31,0
21,5,72,2025-08-27,131,0
21,2,63,2025-08-27,134,0
21,1,25,2025-08-27,100,0
22,4,24,2025-08-27,258,0
22,4,56,2025-08-27,150,0
22,3,6,2025-08-27,207,0
22,5,90,2025-08-27,22,0
22,2,29,2025-08-27,220,1
22,4,11,2025-08-27,196,0
22,5,61,2025-08-27,232,1
22,5,61,2025-08-27,289,0
22,4,24,2025-08-27,143,0
23,3,19,2025-08-27,287,0
23,5,41,2025-08-27,32,0
23,1,16,2025-08-27,210,0
23,2,22,2025-08-27,299,1
23,4,89,2025-08-27,264,0
23,3,3,2025-08-27,264,0
23,2,27,2025-08-27,94,0
23,5,21,2025-08-27,245,1
23,2,18,2025-08-27,273,0
23,2,22,2025-08-27,249,0
23,2,75,2025-08-27,110,1
23,4,42,2025-08-27,189,1
24,4,94,2025-08-27,109,0
24,3,97,2025-08-27,175,0
24,4,100,2025-08-27,163,1
24,4,34,2025-08-27,218,1
24,1,52,2025-08-27,210,1
24,4,89,2025-08-27,22,0
24,5,61,2025-08-27,103,0
24,2,63,2025-08-27,163,1
24,2,22,2025-08-27,129,0
24,1,50,2025-08-27,296,0
24,4,20,2025-08-27,138,1
25,2,80,2025-08-27,294,1
25,2,75,2025-08-27,284,1
25,1,81,2025-08-27,299,1
25,4,99,2025-08-27,113,0
25,3,97,2025-08-27,185,0
25,3,71,2025-08-27,65,1
26,3,10,2025-08-27,126,0
26,1,16,2025-08-27,271,1
26,1,25,2025-08-27,159,1
26,2,87,2025-08-27,276,0
26,2,40,2025-08-27,241,0
26,3,32,2025-08-27,230,1
26,5,28,2025-08-27,106,1
27,2,69,2025-08-27,61,1
27,3,10,2025-08-27,67,0
27,3,68,2025-08-27,210,1
27,2,51,2025-08-27,194,1
27,3,26,2025-08-27,150,0
27,5,41,2025-08-27,220,1
27,4,67,2025-08-27,151,1
27,4,99,2025-08-27,272,0
28,2,96,2025-08-27,198,0
28,1,50,2025-08-27,135,1
28,3,26,2025-08-27,217,0
28,5,61,2025-08-27,174,0
28,2,80,2025-08-27,93,1
28,5,57,2025-08-27,106,0
28,1,15,2025-08-27,32,0
28,3,4,2025-08-27,57,0
28,2,27,2025-08-27,124,0
28,3,55,2025-08-27,88,0
28,3,8,2025-08-27,75,1
28,5,28,2025-08-27,239,1
29,4,49,2025-08-27,126,1
29,3,93,2025-08-27,85,0
29,1,62,2025-08-27,87,0
29,5,37,2025-08-27,222,0
29,3,68,2025-08-27,194,1
30,3,32,2025-08-27,128,1
30,2,27,2025-08-27,149,0
30,4,67,2025-08-27,199,0
30,3,9,2025-08-27,145,1
30,1,60,2025-08-27,211,0
30,3,9,2025-08-27,99,1
30,4,94,2025-08-27,48,0
30,1,39,2025-08-27,261,1
30,2,23,2025-08-27,183,0
30,1,95,2025-08-27,176,1
30,3,71,2025-08-27,225,1
30,3,31,2025-08-27,178,1
31,3,6,2025-08-27,219,0
31,4,99,2025-08-27,205,0
31,3,9,2025-08-27,179,0
31,2,91,2025-08-27,225,0
31,5,85,2025-08-27,221,0
31,1,62,2025-08-27,271,1
31,3,26,2025-08-27,209,0
31,2,29,2025-08-27,252,0
31,5,72,2025-08-27,177,0
31,4,24,2025-08-27,140,0
31,5,7,2025-08-27,222,1
31,1,95,2025-08-27,291,0
32,3,32,2025-08-27,131,1
32,2,40,2025-08-27,99,0
32,5,47,2025-08-27,299,0
32,1,81,2025-08-27,38,0
32,4,100,2025-08-27,110,1
32,3,8,2025-08-27,199,0
32,4,42,2025-08-27,190,1
32,3,17,2025-08-27,97,1
33,3,10,2025-08-27,190,0
33,2,75,2025-08-27,160,0
33,2,92,2025-08-27,24,0
33,5,5,2025-08-27,24,0
33,4,54,2025-08-27,82,1
33,5,82,2025-08-27,223,0
33,1,25,2025-08-27,176,1
33,2,80,2025-08-27,63,0
33,5,47,2025-08-27,149,0
33,5,21,2025-08-27,102,1
33,3,9,2025-08-27,194,1
34,5,7,2025-08-27,227,0
34,1,81,2025-08-27,155,1
34,2,91,2025-08-27,92,0
34,5,61,2025-08-27,188,1
34,1,95,2025-08-27,78,0
34,3,19,2025-08-27,123,0
34,1,25,2025-08-27,152,0
34,5,72,2025-08-27,244,1
34,4,89,2025-08-27,235,0
34,2,13,2025-08-27,49,0
34,5,43,2025-08-27,50,1
34,4,89,2025-08-27,39,0
35,5,82,2025-08-27,291,0
35,3,3,2025-08-27,251,1
35,5,41,2025-08-27,294,0
35,2,64,2025-08-27,40,0
35,2,69,2025-08-27,254,1
35,4,66,2025-08-27,284,0
35,2,18,2025-08-27,76,0
35,5,72,2025-08-27,38,1
36,3,97,2025-08-27,206,1
36,4,56,2025-08-27,70,0
36,3,6,2025-08-27,239,0
36,3,1,2025-08-27,123,1
36,2,91,2025-08-27,214,1
37,4,48,2025-08-27,21,0
37,2,2,2025-08-27,31,0
37,4,77,2025-08-27,51,1
37,3,19,2025-08-27,98,0
37,3,8,2025-08-27,165,0
37,1,62,2025-08-27,51,0
37,4,20,2025-08-27,56,0
37,2,29,2025-08-27,46,0
37,3,9,2025-08-27,206,0
37,2,29,2025-08-27,215,0
37,2,45,2025-08-27,145,0
37,4,24,2025-08-27,140,0
38,4,99,2025-08-27,82,0
38,4,76,2025-08-27,62,0
38,1,52,2025-08-27,209,0
38,1,12,2025-08-27,49,0
38,3,8,2025-08-27,48,1
38,2,40,2025-08-27,233,0
39,3,71,2025-08-27,160,0
39,3,1,2025-08-27,30,0
39,1,16,2025-08-27,162,0
39,2,64,2025-08-27,161,1
39,4,94,2025-08-27,178,0
39,1,70,2025-08-27,160,0
39,4,46,2025-08-27,273,0
39,4,59,2025-08-27,201,0
39,5,72,2025-08-27,270,1
40,3,32,2025-08-27,217,1
40,2,88,2025-08-27,67,0
40,4,42,2025-08-27,132,1
40,5,90,2025-08-27,276,0
40,4,99,2025-08-27,193,1
40,5,90,2025-08-27,152,0
40,1,81,2025-08-27,102,0
40,3,73,2025-08-27,113,0
40,4,11,2025-08-27,151,0
40,2,75,2025-08-27,176,1
40,2,75,2025-08-27,85,1
41,1,12,2025-08-27,102,0
41,3,1,2025-08-27,200,0
41,3,31,2025-08-27,217,0
41,1,95,2025-08-27,140,0
41,2,35,2025-08-27,186,0
41,3,30,2025-08-27,105,0
41,5,7,2025-08-27,97,0
41,2,74,2025-08-27,86,0
41,5,85,2025-08-27,57,1
41,4,20,2025-08-27,77,1
41,3,44,2025-08-27,213,0
42,3,65,2025-08-27,246,1
42,4,76,2025-08-27,31,1
42,1,81,2025-08-27,116,0
42,1,16,2025-08-27,170,0
42,2,88,2025-08-27,254,0
42,2,2,2025-08-27,236,0
42,4,59,2025-08-27,282,0
42,3,44,2025-08-27,293,0
42,3,68,2025-08-27,20,0
42,5,86,2025-08-27,107,0
42,2,92,2025-08-27,219,0
42,2,35,2025-08-27,199,0
43,3,31,2025-08-27,212,0
43,5,90,2025-08-27,63,1
43,4,66,2025-08-27,172,0
43,2,91,2025-08-27,70,0
43,2,22,2025-08-27,28,0
43,1,52,2025-08-27,251,1
43,1,52,2025-08-27,66,0
43,2,51,2025-08-27,29,0
43,4,54,2025-08-27,56,1
43,5,28,2025-08-27,106,1
43,5,37,2025-08-27,112,1
43,1,12,2025-08-27,241,0
44,5,28,2025-08-27,67,1
44,4,20,2025-08-27,153,1
44,2,14,2025-08-27,61,1
44,5,58,2025-08-27,278,0
44,4,77,2025-08-27,220,0
44,1,25,2025-08-27,189,1
44,1,60,2025-08-27,152,1
45,5,85,2025-08-27,274,1
45,2,29,2025-08-27,246,1
45,3,10,2025-08-27,239,1
45,4,66,2025-08-27,229,1
45,3,3,2025-08-27,54,0
45,2,27,2025-08-27,50,0
46,4,66,2025-08-27,89,1
46,5,37,2025-08-27,212,1
46,5,43,2025-08-27,281,0
46,1,98,2025-08-27,45,1
46,5,72,2025-08-27,101,0
46,3,93,2025-08-27,83,1
46,4,48,2025-08-27,257,1
46,1,52,2025-08-27,67,0
47,2,75,2025-08-27,60,0
47,3,93,2025-08-27,206,1
47,5,90,2025-08-27,139,1
47,2,88,2025-08-27,136,1
47,3,44,2025-08-27,75,0
47,4,20,2025-08-27,54,0
47,3,10,2025-08-27,186,0
47,4,94,2025-08-27,239,0
47,3,93,2025-08-27,69,0
48,3,19,2025-08-27,140,1
48,2,35,2025-08-27,269,0
48,2,23,2025-08-27,106,0
48,3,71,2025-08-27,193,0
48,3,3,2025-08-27,264,0
49,4,38,2025-08-27,71,0
49,3,31,2025-08-27,295,0
49,4,99,2025-08-27,94,1
49,4,66,2025-08-27,224,0
49,4,78,2025-08-27,96,0
49,4,11,2025-08-27,144,1
49,1,50,2025-08-27,136,0
49,4,56,2025-08-27,156,0
50,2,14,2025-08-27,50,0
50,1,25,2025-08-27,273,1
50,1,62,2025-08-27,166,1
50,4,38,2025-08-27,95,1
50,4,59,2025-08-27,156,0
50,2,40,2025-08-27,187,0
50,4,66,2025-08-27,250,1
50,4,59,2025-08-27,241,0
50,2,74,2025-08-27,143,0
50,1,95,2025-08-27,221,0
50,3,19,2025-08-27,182,0
1,1,95,2025-08-28,269,1
1,4,38,2025-08-28,260,1
1,1,15,2025-08-28,291,1
1,2,45,2025-08-28,211,1
1,2,74,2025-08-28,284,1
1,3,19,2025-08-28,54,1
1,2,63,2025-08-28,46,1
1,4,38,2025-08-28,81,1
1,3,6,2025-08-28,38,1
1,4,100,2025-08-28,125,1
1,5,82,2025-08-28,248,1
2,3,93,2025-08-28,239,1
2,4,49,2025-08-28,30,1
2,3,6,2025-08-28,262,1
2,5,28,2025-08-28,45,1
2,2,75,2025-08-28,72,1
2,3,17,2025-08-28,222,1
3,5,21,2025-08-28,95,1
3,3,97,2025-08-28,300,1
3,3,8,2025-08-28,169,1
3,2,27,2025-08-28,104,1
3,4,48,2025-08-28,51,1
3,4,67,2025-08-28,108,1
3,4,94,2025-08-28,167,1
3,5,61,2025-08-28,211,1
3,2,36,2025-08-28,267,1
3,4,66,2025-08-28,204,1
3,3,44,2025-08-28,77,1
4,2,29,2025-08-28,43,1
4,1,39,2025-08-28,63,1
4,2,45,2025-08-28,132,1
4,2,91,2025-08-28,276,1
4,2,80,2025-08-28,101,1
4,2,45,2025-08-28,155,1
4,3,9,2025-08-28,35,1
4,2,91,2025-08-28,174,1
4,5,37,2025-08-28,138,1
5,2,35,2025-08-28,124,1
5,2,13,2025-08-28,142,1
5,2,92,2025-08-28,194,1
5,4,42,2025-08-28,283,1
5,1,39,2025-08-28,28,1
5,4,94,2025-08-28,223,1
5,3,55,2025-08-28,221,1
5,5,43,2025-08-28,84,1
5,1,62,2025-08-28,24,1
5,3,26,2025-08-28,191,1
6,2,40,2025-08-28,164,1
6,4,46,2025-08-28,147,1
6,2,29,2025-08-28,198,1
6,2,23,2025-08-28,56,1
6,3,6,2025-08-28,105,1
6,5,85,2025-08-28,102,1
6,3,3,2025-08-28,76,1
6,4,59,2025-08-28,133,1
6,3,32,2025-08-28,164,1
7,3,33,2025-08-28,267,1
7,4,77,2025-08-28,226,1
7,3,8,2025-08-28,289,1
7,4,89,2025-08-28,102,1
7,3,19,2025-08-28,173,1
7,4,38,2025-08-28,234,1
7,2,69,2025-08-28,289,1
8,3,93,2025-08-28,273,1
8,4,78,2025-08-28,102,1
8,2,36,2025-08-28,227,1
8,5,61,2025-08-28,65,1
8,1,95,2025-08-28,165,1
8,4,48,2025-08-28,129,1
8,3,26,2025-08-28,251,1
9,1,25,2025-08-28,34,1
9,3,97,2025-08-28,61,1
9,4,34,2025-08-28,270,1
9,2,45,2025-08-28,223,1
9,1,95,2025-08-28,291,1
9,3,4,2025-08-28,162,1
9,3,8,2025-08-28,127,1
9,4,38,2025-08-28,259,1
9,3,97,2025-08-28,277,1
9,1,12,2025-08-28,231,1
9,3,73,2025-08-28,87,1
9,5,7,2025-08-28,170,1
10,2,14,2025-08-28,239,1
10,3,26,2025-08-28,126,1
10,4,42,2025-08-28,58,1
10,2,22,2025-08-28,246,1
10,2,79,2025-08-28,126,1
10,2,35,2025-08-28,197,1
10,1,12,2025-08-28,215,1
11,4,42,2025-08-28,223,1
11,4,34,2025-08-28,94,1
11,3,32,2025-08-28,292,1
11,5,43,2025-08-28,211,1
11,4,46,2025-08-28,73,1
11,1,53,2025-08-28,128,1
11,2,35,2025-08-28,288,1
12,4,54,2025-08-28,181,1
12,2,40,2025-08-28,203,1
12,3,55,2025-08-28,65,1
12,3,8,2025-08-28,282,1
12,3,19,2025-08-28,45,1
12,3,26,2025-08-28,243,1
12,4,48,2025-08-28,202,1
12,4,67,2025-08-28,111,1
13,2,91,2025-08-28,109,1
13,3,31,2025-08-28,92,1
13,2,22,2025-08-28,20,1
13,2,27,2025-08-28,172,1
13,5,72,2025-08-28,279,1
13,3,93,2025-08-28,258,1
13,2,80,2025-08-28,267,1
13,4,77,2025-08-28,35,1
13,1,81,2025-08-28,159,1
14,4,100,2025-08-28,156,1
14,2,87,2025-08-28,147,1
14,1,52,2025-08-28,247,1
14,1,60,2025-08-28,211,1
14,3,33,2025-08-28,297,1
14,3,73,2025-08-28,231,1
14,1,39,2025-08-28,254,1
14,2,91,2025-08-28,235,1
14,4,89,2025-08-28,44,1
14,2,35,2025-08-28,115,1
14,5,82,2025-08-28,243,1
14,5,21,2025-08-28,54,1
15,4,49,2025-08-28,264,1
15,2,27,2025-08-28,242,1
15,1,81,2025-08-28,288,1
15,2,75,2025-08-28,71,1
15,2,35,2025-08-28,290,1
15,3,73,2025-08-28,160,1
15,2,14,2025-08-28,192,1
15,4,54,2025-08-28,186,1
15,5,21,2025-08-28,107,1
16,3,4,2025-08-28,77,0
16,1,52,2025-08-28,262,0
16,1,16,2025-08-28,155,0
16,4,76,2025-08-28,113,0
16,3,44,2025-08-28,165,0
16,5,90,2025-08-28,149,0
16,5,41,2025-08-28,58,0
16,4,99,2025-08-28,189,0
16,4,77,2025-08-28,193,1
16,1,70,2025-08-28,128,1
16,4,11,2025-08-28,59,1
16,1,60,2025-08-28,173,0
17,2,23,2025-08-28,281,1
17,3,17,2025-08-28,264,0
17,4,99,2025-08-28,51,1
17,4,48,2025-08-28,133,0
17,4,76,2025-08-28,88,0
18,2,75,2025-08-28,264,0
18,4,56,2025-08-28,270,1
18,5,7,2025-08-28,149,0
18,2,2,2025-08-28,286,0
18,2,74,2025-08-28,42,0
18,1,25,2025-08-28,51,0
18,2,75,2025-08-28,169,0
18,2,64,2025-08-28,142,0
18,3,73,2025-08-28,177,0
18,4,100,2025-08-28,160,0
19,5,57,2025-08-28,295,0
19,5,61,2025-08-28,198,0
19,4,66,2025-08-28,79,1
19,2,14,2025-08-28,279,1
19,5,7,2025-08-28,282,1
19,4,24,2025-08-28,128,0
19,5,43,2025-08-28,245,0
19,5,58,2025-08-28,237,1
19,3,32,2025-08-28,80,1
19,3,68,2025-08-28,90,1
19,4,59,2025-08-28,297,0
19,3,26,2025-08-28,56,1
20,3,83,2025-08-28,232,0
20,1,53,2025-08-28,114,0
20,5,41,2025-08-28,231,0
20,5,61,2025-08-28,85,1
20,4,77,2025-08-28,76,1
20,3,26,2025-08-28,100,1
20,3,17,2025-08-28,90,0
20,5,61,2025-08-28,191,1
21,3,33,2025-08-28,76,0
21,3,33,2025-08-28,141,0
21,4,66,2025-08-28,126,1
21,2,2,2025-08-28,158,1
21,2,36,2025-08-28,298,1
21,3,1,2025-08-28,192,1
21,3,65,2025-08-28,176,1
22,4,89,2025-08-28,161,0
22,5,85,2025-08-28,288,0
22,2,75,2025-08-28,55,1
22,4,42,2025-08-28,231,0
22,4,89,2025-08-28,166,1
23,1,16,2025-08-28,246,0
23,3,4,2025-08-28,92,0
23,4,99,2025-08-28,124,0
23,2,91,2025-08-28,212,0
23,5,37,2025-08-28,204,0
23,2,22,2025-08-28,137,0
23,4,42,2025-08-28,131,1
24,3,33,2025-08-28,165,0
24,3,17,2025-08-28,160,0
24,1,81,2025-08-28,286,1
24,3,71,2025-08-28,127,0
24,3,10,2025-08-28,152,0
25,4,99,2025-08-28,245,0
25,2,18,2025-08-28,122,0
25,5,72,2025-08-28,293,1
25,4,38,2025-08-28,254,0
25,4,89,2025-08-28,269,0
25,5,61,2025-08-28,216,1
25,3,8,2025-08-28,92,0
25,1,70,2025-08-28,22,0
25,3,93,2025-08-28,245,0
25,2,13,2025-08-28,171,0
25,5,43,2025-08-28,242,1
25,3,32,2025-08-28,62,0
26,4,42,2025-08-28,27,0
26,1,15,2025-08-28,294,0
26,4,11,2025-08-28,218,0
26,4,59,2025-08-28,288,1
26,5,72,2025-08-28,71,0
26,5,7,2025-08-28,240,0
26,5,41,2025-08-28,98,1
26,5,58,2025-08-28,125,0
26,3,71,2025-08-28,74,0
27,2,40,2025-08-28,77,0
27,2,13,2025-08-28,141,0
27,3,44,2025-08-28,166,1
27,1,98,2025-08-28,63,0
27,3,32,2025-08-28,244,1
27,2,69,2025-08-28,167,0
28,5,61,2025-08-28,33,0
28,5,41,2025-08-28,200,1
28,1,52,2025-08-28,232,0
28,2,87,2025-08-28,221,0
28,2,88,2025-08-28,276,0
28,2,80,2025-08-28,269,1
28,2,74,2025-08-28,136,0
28,3,44,2025-08-28,274,0
28,4,100,2025-08-28,63,1
28,2,87,2025-08-28,259,0
28,4,78,2025-08-28,262,0
28,4,89,2025-08-28,285,0
29,3,44,2025-08-28,209,0
29,4,59,2025-08-28,278,0
29,5,72,2025-08-28,47,0
29,1,53,2025-08-28,129,1
29,3,68,2025-08-28,186,0
29,2,87,2025-08-28,236,0
29,3,8,2025-08-28,53,0
29,1,60,2025-08-28,287,0
29,2,87,2025-08-28,60,0
29,4,56,2025-08-28,123,1
29,3,32,2025-08-28,272,1
29,4,89,2025-08-28,79,1
30,4,49,2025-08-28,179,0
30,3,55,2025-08-28,283,0
30,2,88,2025-08-28,71,1
30,4,49,2025-08-28,218,1
30,4,48,2025-08-28,295,0
30,2,69,2025-08-28,94,0
30,3,6,2025-08-28,172,1
30,4,78,2025-08-28,81,0
30,2,96,2025-08-28,29,0
30,5,37,2025-08-28,212,0
30,3,33,2025-08-28,253,0
30,5,82,2025-08-28,294,0
31,4,49,2025-08-28,231,1
31,2,2,2025-08-28,223,1
31,3,17,2025-08-28,164,1
31,4,100,2025-08-28,195,0
31,2,27,2025-08-28,53,1
31,4,94,2025-08-28,181,0
31,3,33,2025-08-28,258,1
31,5,82,2025-08-28,243,1
31,4,48,2025-08-28,261,1
32,1,12,2025-08-28,93,1
32,1,15,2025-08-28,272,0
32,1,53,2025-08-28,43,0
32,2,63,2025-08-28,165,0
32,3,4,2025-08-28,192,0
32,1,52,2025-08-28,208,1
33,5,61,2025-08-28,66,1
33,2,22,2025-08-28,121,1
33,4,38,2025-08-28,54,0
33,5,86,2025-08-28,238,1
33,2,36,2025-08-28,93,0
33,4,76,2025-08-28,164,1
33,5,58,2025-08-28,46,1
33,2,75,2025-08-28,69,0
34,3,44,2025-08-28,267,0
34,3,19,2025-08-28,237,0
34,4,99,2025-08-28,220,0
34,2,88,2025-08-28,201,1
34,2,69,2025-08-28,33,1
34,3,33,2025-08-28,295,1
34,1,95,2025-08-28,216,1
34,3,31,2025-08-28,124,0
34,4,38,2025-08-28,276,0
34,3,9,2025-08-28,24,0
34,3,65,2025-08-28,249,1
35,2,18,2025-08-28,280,0
35,2,96,2025-08-28,131,1
35,5,7,2025-08-28,233,1
35,4,38,2025-08-28,87,0
35,4,89,2025-08-28,222,1
36,1,25,2025-08-28,106,0
36,5,5,2025-08-28,283,0
36,4,48,2025-08-28,141,0
36,3,4,2025-08-28,226,0
36,2,13,2025-08-28,91,0
36,2,75,2025-08-28,297,1
36,1,12,2025-08-28,40,0
36,1,52,2025-08-28,172,0
36,2,35,2025-08-28,44,0
36,2,14,2025-08-28,114,0
36,3,19,2025-08-28,46,0
37,1,70,2025-08-28,210,0
37,5,43,2025-08-28,205,1
37,5,85,2025-08-28,44,0
37,2,2,2025-08-28,180,0
37,4,54,2025-08-28,279,0
37,5,82,2025-08-28,40,1
38,4,76,2025-08-28,141,1
38,3,55,2025-08-28,230,1
38,2,64,2025-08-28,117,0
38,3,9,2025-08-28,263,0
38,5,82,2025-08-28,140,0
38,5,86,2025-08-28,190,0
38,4,42,2025-08-28,243,1
38,2,2,2025-08-28,51,0
38,5,41,2025-08-28,214,1
38,1,12,2025-08-28,33,0
38,3,10,2025-08-28,104,1
39,5,84,2025-08-28,65,0
39,5,61,2025-08-28,233,0
39,5,37,2025-08-28,93,0
39,1,81,2025-08-28,55,1
39,1,60,2025-08-28,178,1
39,3,31,2025-08-28,259,0
39,3,19,2025-08-28,235,0
39,3,68,2025-08-28,277,0
39,4,34,2025-08-28,61,0
39,5,84,2025-08-28,234,0
39,4,56,2025-08-28,188,0
39,2,87,2025-08-28,99,0
40,3,33,2025-08-28,83,0
40,2,96,2025-08-28,135,0
40,5,85,2025-08-28,64,1
40,4,54,2025-08-28,151,1
40,2,14,2025-08-28,275,1
40,5,86,2025-08-28,144,0
40,2,79,2025-08-28,84,0
41,3,55,2025-08-28,87,0
41,3,8,2025-08-28,60,0
41,1,62,2025-08-28,162,1
41,1,95,2025-08-28,273,0
41,4,99,2025-08-28,79,0
41,2,63,2025-08-28,121,1
41,3,3,2025-08-28,258,1
41,4,20,2025-08-28,285,0
41,2,92,2025-08-28,180,0
41,4,11,2025-08-28,122,0
41,1,52,2025-08-28,170,1
41,2,64,2025-08-28,251,0
42,1,25,2025-08-28,23,0
42,4,100,2025-08-28,223,0
42,2,29,2025-08-28,258,0
42,3,4,2025-08-28,272,1
42,1,81,2025-08-28,268,0
43,2,13,2025-08-28,292,1
43,3,6,2025-08-28,123,0
43,3,17,2025-08-28,81,1
43,4,46,2025-08-28,24,0
43,1,53,2025-08-28,150,1
44,3,17,2025-08-28,32,1
44,3,55,2025-08-28,63,0
44,2,64,2025-08-28,208,0
44,1,62,2025-08-28,37,0
44,5,58,2025-08-28,118,1
44,4,66,2025-08-28,293,0
44,3,93,2025-08-28,114,0
44,1,16,2025-08-28,76,1
45,1,16,2025-08-28,161,0
45,5,37,2025-08-28,112,0
45,4,24,2025-08-28,229,0
45,5,61,2025-08-28,276,0
45,4,94,2025-08-28,235,0
45,2,23,2025-08-28,227,0
45,3,8,2025-08-28,75,0
45,4,11,2025-08-28,152,1
45,4,48,2025-08-28,281,0
46,1,16,2025-08-28,295,1
46,3,71,2025-08-28,188,0
46,2,22,2025-08-28,204,0
46,5,5,2025-08-28,218,0
46,1,62,2025-08-28,29,0
46,5,43,2025-08-28,219,0
46,5,7,2025-08-28,145,0
46,4,77,2025-08-28,101,0
46,3,30,2025-08-28,92,1
46,2,87,2025-08-28,202,0
47,2,14,2025-08-28,213,0
47,4,48,2025-08-28,270,0
47,3,33,2025-08-28,90,0
47,3,4,2025-08-28,285,1
47,5,90,2025-08-28,257,0
47,5,47,2025-08-28,254,0
48,5,61,2025-08-28,94,0
48,4,54,2025-08-28,268,0
48,4,66,2025-08-28,21,1
48,2,40,2025-08-28,66,1
48,3,32,2025-08-28,172,1
48,1,60,2025-08-28,256,0
48,1,16,2025-08-28,240,1
48,1,70,2025-08-28,143,1
48,2,96,2025-08-28,196,0
49,2,92,2025-08-28,87,0
49,1,25,2025-08-28,104,1
49,2,88,2025-08-28,219,0
49,3,19,2025-08-28,237,0
49,5,86,2025-08-28,267,0
49,1,25,2025-08-28,230,0
49,5,57,2025-08-28,146,0
49,3,44,2025-08-28,233,0
50,1,70,2025-08-28,126,0
50,2,22,2025-08-28,210,0
50,4,94,2025-08-28,91,0
50,4,49,2025-08-28,272,0
50,4,56,2025-08-28,44,0
50,4,42,2025-08-28,104,0
50,5,21,2025-08-28,215,0
